gene,scores,logfc,pval,padj,azimuth_cell_type,azimuth_cell_type_key,pct_in_group,pct_out_group,specificity
CD8B,74.80017,4.777646,0.0,0.0,CD8 T,CD8_T,0.5259849762379272,0.05736629667003028,0.4686186795678969
THEMIS,64.24651,2.1944308,0.0,0.0,CD8 T,CD8_T,0.7062701211099186,0.40171543895055506,0.30455468215936354
CD8A,58.37511,3.6608357,0.0,0.0,CD8 T,CD8_T,0.44688026981450246,0.08042381432896065,0.36645645548554184
ATP8A1,58.364754,1.7076124,0.0,0.0,CD8 T,CD8_T,0.7756400429250344,0.5179112008072655,0.2577288421177689
CD96,53.22059,1.5064685,0.0,0.0,CD8 T,CD8_T,0.8588072972558637,0.635923309788093,0.22288398746777072
NELL2,50.33316,1.6911817,0.0,0.0,CD8 T,CD8_T,0.6696305380959681,0.453229061553986,0.21640147654198205
CCL5,48.111076,2.276744,0.0,0.0,CD8 T,CD8_T,0.5217691246359036,0.27194752774974773,0.2498215968861559
CD3G,46.585346,1.4989343,0.0,0.0,CD8 T,CD8_T,0.7013644028821093,0.4647325933400607,0.23663180954204865
ZBTB20,42.62299,1.0018622,0.0,0.0,CD8 T,CD8_T,0.8625632377740302,0.739354187689203,0.12320905008482719
GRAP2,42.05371,1.4621322,0.0,0.0,CD8 T,CD8_T,0.6018703050743521,0.3828456104944501,0.21902469457990204
AOAH,41.47421,1.8494799,0.0,0.0,CD8 T,CD8_T,0.5262149317798558,0.2830978809283552,0.2431170508515006
PDE3B,40.73485,0.9718066,0.0,0.0,CD8 T,CD8_T,0.9000459911083856,0.7886982845610496,0.11134770654733595
CD2,40.413864,1.2188369,0.0,0.0,CD8 T,CD8_T,0.7639889621339873,0.5659939455095864,0.1979950166244009
PITPNC1,39.11225,1.0850433,0.0,0.0,CD8 T,CD8_T,0.8173386478614133,0.6615539858728559,0.15578466198855745
PCED1B,36.557186,1.1631869,1.3709948764834246e-292,2.741989752966849e-290,CD8 T,CD8_T,0.6524605242986355,0.4780524722502524,0.17440805204838317
PTPRK,32.664196,2.3302488,5.038031989121986e-234,8.76179476369041e-232,CD8 T,CD8_T,0.3013950636210332,0.09889001009081738,0.2025050535302158
STAT4,31.530787,1.1032614,3.288829143827306e-218,5.059737144349702e-216,CD8 T,CD8_T,0.6272420665338034,0.45423814328960654,0.1730039232441969
FYB,30.867764,0.9916464,3.235854587889031e-209,4.7938586487244904e-207,CD8 T,CD8_T,0.7485052889774643,0.5833501513622605,0.16515513761520373
TC2N,30.787605,0.9690852,3.839893254383446e-208,5.485561791976351e-206,CD8 T,CD8_T,0.7434462670550359,0.5871846619576186,0.15626160509741727
PTPRC,29.281532,0.5619374,1.7824638688556227e-188,2.2999533791685455e-186,CD8 T,CD8_T,0.9444274107005978,0.8849142280524724,0.05951318264812533
BCL11B,29.191027,0.9166645,2.52072738448021e-187,2.965561628800247e-185,CD8 T,CD8_T,0.6847309520159435,0.5364783047426842,0.14825264727325926
SAMD3,28.715982,1.5519952,2.4099821082069527e-181,2.7542652665222315e-179,CD8 T,CD8_T,0.3656293116664111,0.18849646821392538,0.17713284345248573
SLFN12L,27.71473,1.1808177,4.639983214013516e-169,5.155536904459462e-167,CD8 T,CD8_T,0.4486432623026214,0.29904137235116046,0.14960188995146095
MVB12B,27.294086,1.5751425,4.985772235735017e-164,4.637927661148853e-162,CD8 T,CD8_T,0.32584700291277013,0.16251261352169527,0.16333438939107486
C1orf21,26.77631,1.5902739,6.100424880036463e-158,5.304717286988229e-156,CD8 T,CD8_T,0.3332055802544841,0.1742684157416751,0.158937164512809
MALAT1,26.03789,0.12857515,1.8450339472014782e-149,1.537528289334565e-147,CD8 T,CD8_T,0.9999999999999999,0.9998486377396572,0.0001513622603427356
ABCB1,25.665201,1.3342121,2.8608105726639357e-145,2.33535556952158e-143,CD8 T,CD8_T,0.35305840870764976,0.19530776992936433,0.15775063877828543
C12orf57,24.933815,0.6663736,3.19947074794609e-137,2.559576598356872e-135,CD8 T,CD8_T,0.6225663038479226,0.560040363269425,0.06252594057849759
LRRN3,24.876919,1.3123763,1.3227306926229223e-136,1.0374358373513117e-134,CD8 T,CD8_T,0.351908630998007,0.1968213925327952,0.1550872384652118
RORA,24.863169,0.8844679,1.8630006889733858e-136,1.4330774530564506e-134,CD8 T,CD8_T,0.7696611988348918,0.6113017154389507,0.15835948339594108
IL32,24.612638,0.89074594,9.250837865553647e-134,6.852472493002701e-132,CD8 T,CD8_T,0.6911697071899432,0.523915237134208,0.16725447005573524
PRKCQ,24.306948,0.8061656,1.6552653450246844e-130,1.203829341836134e-128,CD8 T,CD8_T,0.6063927640656139,0.4831987891019174,0.12319397496369655
SYNE1,24.057665,0.8080213,6.940084338220127e-128,4.8702346233123696e-126,CD8 T,CD8_T,0.5497470489038785,0.4416750756811303,0.1080719732227482
APBA2,23.677206,0.93445724,6.192988157093345e-124,4.1986360387073526e-122,CD8 T,CD8_T,0.48482293423271494,0.34571140262361255,0.1391115316091024
RUNX2,23.046513,1.1752877,1.5942761546289804e-117,1.0454269866419545e-115,CD8 T,CD8_T,0.3545914456538402,0.22679112008072655,0.12780032557311366
PARP8,22.743717,0.6325905,1.6559298374439184e-114,1.0513840237739165e-112,CD8 T,CD8_T,0.6935459144565383,0.6079212916246217,0.08562462283191663
PPP1R14B,21.956505,0.6776481,7.505589063448635e-107,4.288908036256362e-105,CD8 T,CD8_T,0.5757320251418059,0.5070635721493442,0.06866845299246171
WWOX,21.848885,0.7040341,7.965512000267905e-106,4.425284444593281e-104,CD8 T,CD8_T,0.6110685267514946,0.5251765893037337,0.08589193744776091
RAB27A,21.847681,0.9170413,8.17822838888949e-106,4.4812210350079396e-104,CD8 T,CD8_T,0.43139659665797936,0.3208375378405651,0.11055905881741424
CLASP1,21.14138,0.59261745,3.3124296938803834e-99,1.6158193628684796e-97,CD8 T,CD8_T,0.5915989575348765,0.5312310797174572,0.06036787781741926
CXCR3,20.933435,1.650038,2.6564701075584534e-97,1.2649857655040253e-95,CD8 T,CD8_T,0.23378813429403644,0.10378405650857722,0.13000407778545922
GZMH,20.840326,2.7108424,1.8656050743386117e-96,8.677232903900521e-95,CD8 T,CD8_T,0.17185344166794417,0.038597376387487385,0.13325606528045678
CRTAM,20.826351,2.9766202,2.497761926080773e-96,1.148396287853229e-94,CD8 T,CD8_T,0.16296182738003984,0.028708375378405652,0.1342534520016342
RUNX3,20.765907,0.69934386,8.804811331382767e-96,3.9572185759023674e-94,CD8 T,CD8_T,0.541851908630998,0.44667003027245217,0.0951818783585458
FGFBP2,20.648243,1.6395792,1.0123709822460464e-94,4.401612966287158e-93,CD8 T,CD8_T,0.22995554192856044,0.09692230070635724,0.1330332412222032
NKG7,20.621687,1.3338026,1.7533937693513518e-94,7.541478577855277e-93,CD8 T,CD8_T,0.28253870918289126,0.153481331987891,0.12905737719500027
RPS14,20.286861,0.3829214,1.679830967757289e-91,6.6527959119100555e-90,CD8 T,CD8_T,0.9877357044304766,0.9658930373360244,0.02184266709445226
ZFYVE28,20.258059,1.0672472,3.01623940907061e-91,1.1828389839492589e-89,CD8 T,CD8_T,0.34953242373141186,0.2521695257315843,0.09736289799982756
APBB1IP,20.155535,0.5638383,2.406426354289369e-90,9.16733849253093e-89,CD8 T,CD8_T,0.6424957841483979,0.5680625630676086,0.07443322108078931
ARHGAP26,20.118004,0.7223709,5.133345101456327e-90,1.9371113590401236e-88,CD8 T,CD8_T,0.5100413919975471,0.4196266397578205,0.09041475223972656
PASK,19.938139,0.965279,1.899995873978935e-88,6.972461922858477e-87,CD8 T,CD8_T,0.37314119270274404,0.253380423814329,0.11976076888841503
PTPN22,19.77143,0.8597869,5.246854470523012e-87,1.857293617884252e-85,CD8 T,CD8_T,0.43308293729878883,0.3244702320887992,0.10861270520998961
C12orf75,19.585169,1.1717796,2.0692058341145292e-85,7.135192531429411e-84,CD8 T,CD8_T,0.29487965659972404,0.18198789101917257,0.11289176558055147
SMYD3,19.342617,0.60781956,2.352248032592622e-83,7.776026554025197e-82,CD8 T,CD8_T,0.6122949563084469,0.5335519677093846,0.07874298859906226
TGFBR3,19.337025,0.97028714,2.621692523608517e-83,8.525829345068348e-82,CD8 T,CD8_T,0.3721447186877203,0.2658930373360242,0.1062516813516961
RPS12,18.905886,0.36385825,1.020133699652596e-79,3.1388729220079874e-78,CD8 T,CD8_T,0.9897286524605242,0.9726538849646824,0.017074767495841803
CCND3,18.68259,0.5826266,6.860652453575993e-78,2.0178389569341154e-76,CD8 T,CD8_T,0.5759619806837344,0.5011099899091828,0.07485199077455162
RPS27,18.499403,0.34435505,2.0877595470738938e-76,5.965027277353982e-75,CD8 T,CD8_T,0.9925647708109764,0.9795156407669023,0.013049130044074042
GALNT10,18.44386,0.7859086,5.841842355063896e-76,1.645589395792647e-74,CD8 T,CD8_T,0.41146711635750416,0.31675075681130177,0.09471635954620239
PSMA1,18.438179,0.42703927,6.489070634185583e-76,1.8151246529190444e-74,CD8 T,CD8_T,0.629694925647708,0.6019677093844603,0.0277272162632477
KLRC4-KLRK1,18.314682,2.0282068,6.31950371116651e-75,1.7079739759909487e-73,CD8 T,CD8_T,0.1708569676529204,0.0522199798183653,0.11863698783455512
KLF12,18.208338,0.43764567,4.43204875607826e-74,1.1898117465981906e-72,CD8 T,CD8_T,0.7753334355357964,0.7218970736629668,0.05343636187282952
JUN,18.074326,0.87479484,5.077193515511849e-73,1.327370853728588e-71,CD8 T,CD8_T,0.361490111911697,0.26735620585267406,0.09413390605902294
RPS29,18.046385,0.3481443,8.422573725459236e-73,2.1735674130217385e-71,CD8 T,CD8_T,0.9885788747508814,0.9727043390514634,0.01587453569941799
LEF1,17.965118,0.64729905,3.6550360985650357e-72,9.253255945734268e-71,CD8 T,CD8_T,0.5468342787061167,0.4577699293642786,0.08906434934183804
IL7R,17.845936,0.63103557,3.1085309519627033e-71,7.6282968146324e-70,CD8 T,CD8_T,0.7773263835658438,0.6838546922300708,0.09347169133577304
GZMB,17.813879,1.4041667,5.5150884959789194e-71,1.3451435356046145e-69,CD8 T,CD8_T,0.22052736470948947,0.10600403632694251,0.11452332838254696
PCNXL2,17.740868,0.7175726,2.0277990355504615e-70,4.9158764498193e-69,CD8 T,CD8_T,0.42909704123869374,0.3415741675075682,0.08752287373112555
CST7,17.680576,0.96397513,5.918734973751129e-70,1.4176610715571565e-68,CD8 T,CD8_T,0.32155449946343706,0.2192734611503532,0.10228103831308386
ATP2B4,17.217403,0.9092564,1.9661630242331282e-66,4.4433062694533974e-65,CD8 T,CD8_T,0.3298328989728652,0.23546922300706358,0.09436367596580164
TBC1D2B,17.18363,0.8405736,3.521700467501414e-66,7.86972171508696e-65,CD8 T,CD8_T,0.3544381419592212,0.2712916246215944,0.08314651733762679
TANC2,17.073153,0.8387453,2.351540614673018e-65,5.196774839056393e-64,CD8 T,CD8_T,0.35068220144105466,0.2538345105953582,0.09684769084569644
SGCD,16.860493,2.1974444,8.785370623422433e-64,1.869227792217539e-62,CD8 T,CD8_T,0.1537636057028974,0.04566094853683149,0.10810265716606592
FYN,16.797226,0.36433432,2.5572967146177216e-63,5.355595213859102e-62,CD8 T,CD8_T,0.8437068833358883,0.8071140262361254,0.0365928570997629
SYTL2,16.689007,0.77415574,1.5756898820026662e-62,3.232184373338802e-61,CD8 T,CD8_T,0.3840257550206959,0.28511604439959637,0.09890971062109954
MXD4,16.201302,0.73561794,4.937118795582164e-59,9.547426757637635e-58,CD8 T,CD8_T,0.3897746435689099,0.31851664984863776,0.07125799372027214
GNLY,16.201256,1.065615,4.940793347077476e-59,9.547426757637635e-58,CD8 T,CD8_T,0.27334048750574885,0.16089808274470233,0.11244240476104653
AC092580.4,16.171965,1.0059268,7.952263848330259e-59,1.5292815092942805e-57,CD8 T,CD8_T,0.2675915989575348,0.165539858728557,0.10205174022897781
GIMAP7,16.08317,0.6713443,3.3480389153195974e-58,6.377216981561138e-57,CD8 T,CD8_T,0.823624099340794,0.6991422805247226,0.12448181881607134
ITGAL,15.887976,0.67644566,7.676734960504851e-57,1.4349037309354861e-55,CD8 T,CD8_T,0.4019622872911237,0.3284056508577195,0.07355663643340421
PPP2R2B,15.831568,1.1698159,1.8846532117981364e-56,3.506331556833742e-55,CD8 T,CD8_T,0.2321784455005365,0.13657921291624622,0.09559923258429029
CBLB,15.709282,0.42585984,1.306495904748494e-55,2.3754470995427165e-54,CD8 T,CD8_T,0.7026674842863712,0.64803229061554,0.05463519367083114
NFATC2,15.620363,0.58756155,5.2903483649809284e-55,9.532159216181852e-54,CD8 T,CD8_T,0.4485666104553119,0.3863773965691222,0.0621892138861897
RP11-277P12.20,15.616117,2.1204457,5.6546262465877505e-55,1.0142827348139463e-53,CD8 T,CD8_T,0.1402728805764219,0.03900100908173562,0.10127187149468628
SCML4,15.526941,0.7739285,2.2799989991353272e-54,4.017619381736259e-53,CD8 T,CD8_T,0.3356584393683887,0.2405146316851665,0.09514380768322217
MBD5,15.511835,0.562914,2.8851240968211203e-54,5.039518073049991e-53,CD8 T,CD8_T,0.4816802084930246,0.417003027245207,0.06467718124781763
LYAR,15.255692,0.8259709,1.5088691608933183e-52,2.5574053574463024e-51,CD8 T,CD8_T,0.3205580254484133,0.23985872855701312,0.08069929689140015
RNF125,15.201499,0.59154236,3.4562015839150116e-52,5.7844377973473e-51,CD8 T,CD8_T,0.46297715774950166,0.3814833501513623,0.08149380759813935
CAMK4,15.066256,0.5945669,2.699862312135125e-51,4.354616632476008e-50,CD8 T,CD8_T,0.7642955695232254,0.6648335015136227,0.09946206800960267
NRCAM,15.047801,3.0507357,3.5690406179807825e-51,5.710464988769252e-50,CD8 T,CD8_T,0.11781388931473247,0.021140262361251265,0.0966736269534812
PRR5L,14.999435,1.3496106,7.404687501700849e-51,1.170701581296577e-49,CD8 T,CD8_T,0.19040318871684803,0.09692230070635724,0.09348088801049079
RPS3A,14.972065,0.33520886,1.1179477386878048e-50,1.746793341699695e-49,CD8 T,CD8_T,0.985282845316572,0.9629667003027247,0.022316145013847266
APOBEC3G,14.856935,0.8069284,6.273025144432101e-50,9.650807914510924e-49,CD8 T,CD8_T,0.3145791813582707,0.23779011099899094,0.07678907035927973
CD52,14.841823,0.48300362,7.859161999620511e-50,1.2044692719724921e-48,CD8 T,CD8_T,0.6474015023762072,0.5712411705348135,0.0761603318413937
F2R,14.707897,1.1839634,5.736216077795395e-49,8.561516534022978e-48,CD8 T,CD8_T,0.2081097654453472,0.11745711402623613,0.09065265141911108
AKT3,14.583796,0.3409573,3.561526382573865e-48,5.237538797902742e-47,CD8 T,CD8_T,0.6598191016403494,0.6293642785065592,0.03045482313379022
SUPT3H,14.582811,0.7392219,3.6132388333515055e-48,5.294122832749458e-47,CD8 T,CD8_T,0.33519852828453156,0.26034308779011106,0.0748554404944205
SLA,14.502871,0.65976816,1.1618778114084903e-47,1.6838808860992613e-46,CD8 T,CD8_T,0.372834585313506,0.30110998990918264,0.07172459540432335
CDK17,14.3869915,0.34813654,6.245371258791743e-47,8.890208197568317e-46,CD8 T,CD8_T,0.66610455311973,0.632593340060545,0.03351121305918503
SLA2,14.327929,1.0668433,1.4642241630883512e-46,2.0695747888174578e-45,CD8 T,CD8_T,0.2173079871224896,0.1267406659939455,0.0905673211285441
LINC00861,14.290228,0.61734,2.5178289521476084e-46,3.521439093912739e-45,CD8 T,CD8_T,0.40679135367162345,0.31786074672048437,0.08893060695113908
CTB-4E7.1,14.204149,0.6425637,8.634447327301089e-46,1.1909582520415296e-44,CD8 T,CD8_T,0.37720374061014866,0.29228052472250254,0.08492321588764612
OASL,14.18795,1.7337205,1.0879230189561842e-45,1.4944647515294255e-44,CD8 T,CD8_T,0.14816802084930245,0.05817356205852674,0.08999445879077571
GABARAPL1,14.165782,0.73721015,1.4919619291607688e-45,2.036808094417432e-44,CD8 T,CD8_T,0.32960294343093666,0.2584258324924319,0.07117711093850476
DPYD,14.117673,0.36193597,2.955924161712722e-45,4.008032761644369e-44,CD8 T,CD8_T,0.646481680208493,0.6087285570131182,0.037753123195374716
CERS6,14.031536,0.62145233,9.996287399382028e-45,1.3284102856321631e-43,CD8 T,CD8_T,0.3903878583473861,0.3250756811301716,0.0653121772172145
CASK,14.029609,0.43348947,1.0271696918918976e-44,1.3604896581349639e-43,CD8 T,CD8_T,0.6141346006438754,0.5580726538849647,0.05606194675891063
ZEB2,13.9742565,0.61000293,2.2383889050015645e-44,2.935592006559429e-43,CD8 T,CD8_T,0.39858960600950477,0.3457618567103936,0.05282774929911116
TXK,13.973164,0.5713093,2.273002915907642e-44,2.9712456417093356e-43,CD8 T,CD8_T,0.4267208339720986,0.3617053481331989,0.06501548583889971
RPS23,13.839807,0.35269502,1.4660089785959714e-43,1.885542094657198e-42,CD8 T,CD8_T,0.9864326230262148,0.9607467204843594,0.025685902541855432
KIAA1671,13.806449,1.2961669,2.330393619395386e-43,2.987684127429982e-42,CD8 T,CD8_T,0.1784455005365629,0.09207870837537843,0.08636679216118448
BCL9L,13.804771,0.9744906,2.3852914312843045e-43,3.048295758829782e-42,CD8 T,CD8_T,0.2367009044917982,0.15554994954591322,0.08115095494588498
PTK2B,13.691058,0.5829656,1.1482465152595186e-42,1.4534766015943274e-41,CD8 T,CD8_T,0.39613674689560013,0.34152371342078713,0.054613033474813
TNFAIP3,13.587594,0.41783398,4.7441841324971986e-42,5.930230165621499e-41,CD8 T,CD8_T,0.6262455925187795,0.5740665993945511,0.05217899312422847
SPOCK2,13.557118,0.48308456,7.190574387969919e-42,8.904736084173274e-41,CD8 T,CD8_T,0.5784148397976391,0.4939455095862766,0.08446933021136249
TBCD,13.505447,0.88456416,1.4522806741640697e-41,1.7874223682019319e-40,CD8 T,CD8_T,0.25617047370841634,0.180978809283552,0.07519166442486433
RGCC,13.259168,0.786979,3.993027872117735e-40,4.670208037564602e-39,CD8 T,CD8_T,0.27694312432929635,0.20000000000000004,0.07694312432929631
TTC39B,13.245383,0.76588166,4.798238942715961e-40,5.595613927365552e-39,CD8 T,CD8_T,0.27816955388624864,0.19894046417759842,0.07922908970865022
RNF166,13.224532,0.8244818,6.3330022879832305e-40,7.342611348386355e-39,CD8 T,CD8_T,0.26168940671470176,0.18425832492431893,0.07743108179038283
CXCR4,13.199627,0.37520698,8.817059208957226e-40,1.0163757013207177e-38,CD8 T,CD8_T,0.7685880729725585,0.7196266397578205,0.048961433214738004
MLLT3,13.021445,0.44131812,9.240547026210938e-39,1.044129607481462e-37,CD8 T,CD8_T,0.6051663345086615,0.5390010090817358,0.06616532542692577
MTRNR2L12,12.999797,0.16841021,1.226686510156759e-38,1.378299449614336e-37,CD8 T,CD8_T,0.8985896060095047,0.8986377396569124,-4.8133647407744284e-05
TSC22D3,12.852579,0.5652461,8.319015816025273e-38,9.192282669641186e-37,CD8 T,CD8_T,0.38578874750881487,0.32008072653884967,0.0657080209699652
MYO1F,12.82291,0.6355957,1.2203176912250436e-37,1.3447026900551446e-36,CD8 T,CD8_T,0.34822934232714997,0.2950050454086781,0.05322429691847186
ST8SIA1,12.75089,0.84221435,3.0820827483052607e-37,3.350089943810066e-36,CD8 T,CD8_T,0.2565537329449639,0.18662966700302727,0.06992406594193665
RPL32,12.72757,0.33001968,4.155754138554615e-37,4.504882535018553e-36,CD8 T,CD8_T,0.9878123562777862,0.9652875882946521,0.022524767983134075
CCDC64,12.657403,0.44120145,1.01811816163676e-36,1.0859927057458773e-35,CD8 T,CD8_T,0.5729725586386631,0.5059535822401616,0.06701897639850152
CD97,12.5568905,0.7116933,3.6437115274139945e-36,3.8154047407476383e-35,CD8 T,CD8_T,0.28974398282998615,0.21937436932391524,0.0703696135060709
BCAS3,12.289585,0.44403523,1.0303314165735865e-34,1.0540474849857663e-33,CD8 T,CD8_T,0.4756247125555725,0.4296670030272453,0.04595770952832717
MAGED1,12.272591,0.63332516,1.2712003111908874e-34,1.2971431746845789e-33,CD8 T,CD8_T,0.3181051663345086,0.2513118062563068,0.0667933600782018
TFDP2,12.204088,0.50589466,2.956007000349619e-34,2.993424810480627e-33,CD8 T,CD8_T,0.4133067606929326,0.3549445005045409,0.05836226018839169
RPS10,12.185838,0.3057931,3.698342990286634e-34,3.735699990188519e-33,CD8 T,CD8_T,0.9503296029434308,0.9231079717457117,0.027221631197719143
NR3C2,12.172422,0.69221425,4.359496476272489e-34,4.381403493741195e-33,CD8 T,CD8_T,0.2810823240840104,0.2083753784056509,0.0727069456783595
ARHGEF3,12.154759,0.43757895,5.41206579035537e-34,5.425629865017914e-33,CD8 T,CD8_T,0.48214011957688174,0.42714429868819387,0.054995820888687874
KLRD1,12.119569,0.98708785,8.319576651309062e-34,8.237204605256497e-33,CD8 T,CD8_T,0.1882569369921815,0.10918264379414734,0.07907429319803415
EOMES,12.049515,1.6307842,1.950952638833094e-33,1.9173981708433358e-32,CD8 T,CD8_T,0.1305380959681128,0.05408678102926338,0.07645131493884944
RPS18,11.976407,0.34719855,4.723570620686957e-33,4.5859908938708325e-32,CD8 T,CD8_T,0.9871224896520006,0.9657921291624624,0.02133036048953818
ITM2C,11.898879,1.0869964,1.1994678609609537e-32,1.158906145855994e-31,CD8 T,CD8_T,0.18404108539015787,0.11377396569122099,0.07026711969893688
ATXN1,11.726036,0.33814383,9.374706488343668e-32,8.885977714069829e-31,CD8 T,CD8_T,0.6810516633450865,0.630928355196771,0.05012330814831545
LDLRAD4,11.673173,0.42751032,1.7477967658846076e-31,1.648864873476045e-30,CD8 T,CD8_T,0.49662731871838106,0.43536831483350164,0.061259003884879426
RPS6,11.552354,0.3180233,7.182621213420535e-31,6.697082716476023e-30,CD8 T,CD8_T,0.9813736011037865,0.9541876892028256,0.02718591190096087
RPLP1,11.392846,0.2249281,4.539171000784628e-30,4.098574267074156e-29,CD8 T,CD8_T,0.9904951709336194,0.9791624621594351,0.011332708774184241
RPL13,11.260223,0.2907753,2.0623507388607692e-29,1.8291359102977996e-28,CD8 T,CD8_T,0.9889621339874289,0.9716952573158428,0.017266876671586107
GNG2,11.174426,0.45777532,5.44006718657712e-29,4.803591334725933e-28,CD8 T,CD8_T,0.41982216771424186,0.37517658930373365,0.0446455784105082
PLEKHA5,11.039095,1.0600705,2.4751294786195126e-28,2.156975580496307e-27,CD8 T,CD8_T,0.17284991568296793,0.10600403632694251,0.06684587935602541
ZNF683,11.031629,2.8357527,2.689499294498233e-28,2.3386950386941158e-27,CD8 T,CD8_T,0.08738310593285296,0.016044399596367307,0.07133870633648566
MXRA7,10.958147,0.9018638,6.0730126092442975e-28,5.235355697624394e-27,CD8 T,CD8_T,0.1959221217231335,0.13027245206861757,0.06564966965451594
RPL34,10.919068,0.30272818,9.34499340761681e-28,8.021453568769795e-27,CD8 T,CD8_T,0.989115437682048,0.9712411705348136,0.01787426714723439
PRF1,10.898052,0.9780782,1.1775137307749287e-27,1.0064219921153236e-26,CD8 T,CD8_T,0.16863406408094433,0.09818365287588296,0.07045041120506138
YES1,10.857189,0.6524264,1.8433594712906113e-27,1.5654857505652752e-26,CD8 T,CD8_T,0.25670703663958294,0.18985872855701316,0.06684830808256978
RPL19,10.791689,0.30809322,3.7680160626769e-27,3.1531515168844356e-26,CD8 T,CD8_T,0.9849762379273339,0.9603935418768923,0.02458269605044161
CTSW,10.780388,0.9416776,4.260844973278229e-27,3.558116887915014e-26,CD8 T,CD8_T,0.16579794573049209,0.09439959636730577,0.07139834936318631
FBXL17,10.768137,0.36902562,4.8674831758582184e-27,4.0478030568467516e-26,CD8 T,CD8_T,0.49885022229035714,0.46024217961654906,0.038608042673808074
EXOC4,10.642099,0.2804294,1.8980305129286888e-26,1.5525811966696842e-25,CD8 T,CD8_T,0.5827073432469723,0.5580726538849647,0.024634689362007522
TRERF1,10.528562,0.77075857,6.38019028086698e-26,5.134961996673626e-25,CD8 T,CD8_T,0.22420665338034643,0.16493440968718465,0.05927224369316178
CTB-91J4.1,10.520934,2.8562336,6.918428179812326e-26,5.556970425552068e-25,CD8 T,CD8_T,0.08554346159742449,0.01791120080726539,0.0676322607901591
RPL3,10.493422,0.32711145,9.261303793407682e-26,7.394254525674796e-25,CD8 T,CD8_T,0.9802238233941436,0.9517658930373363,0.028457930356807326
ST8SIA6,10.277223,1.2893398,8.926298075889943e-25,7.00101809873721e-24,CD8 T,CD8_T,0.1293116664111605,0.06372351160443997,0.06558815480672052
KLRG1,10.184557,1.0192813,2.3241713921440776e-24,1.8016832497240912e-23,CD8 T,CD8_T,0.15981910164034951,0.09742684157416753,0.06239226006618198
CADM1,10.037426,1.7447982,1.0436161239388552e-23,7.951360944296039e-23,CD8 T,CD8_T,0.10409320864632836,0.040110998990918266,0.0639822096554101
TPRG1,10.030765,1.3276995,1.116484978751416e-23,8.474269288435795e-23,CD8 T,CD8_T,0.13199448106699369,0.0701816347124117,0.06181284635458198
FAM102B,9.971901,0.7297048,2.023181459634473e-23,1.5211890673943406e-22,CD8 T,CD8_T,0.2217537942664418,0.1650353178607467,0.05671847640569508
NCALD,9.868521,0.77099,5.69990105243178e-23,4.237844648648164e-22,CD8 T,CD8_T,0.19530890694465733,0.13299697275479314,0.06231193418986419
ITFG1,9.863624,0.30072173,5.984954729286786e-23,4.441524845481844e-22,CD8 T,CD8_T,0.5263682354744749,0.5008072653884966,0.02556097008597824
SLC4A7,9.769979,0.42136377,1.5148395585756676e-22,1.1118088503307652e-21,CD8 T,CD8_T,0.3821861106852674,0.3544399596367306,0.027746151048536838
RPS2,9.713575,0.31048563,2.639145646321403e-22,1.919378651870111e-21,CD8 T,CD8_T,0.9850528897746434,0.9607971745711406,0.024255715203502892
MYO6,9.680916,1.5895631,3.634440771598323e-22,2.638432502067748e-21,CD8 T,CD8_T,0.10531963820328068,0.043541876892028264,0.06177776131125241
STAT5B,9.636867,0.3201175,5.586728477061481e-22,4.033738972607567e-21,CD8 T,CD8_T,0.5055189330062855,0.4732593340060546,0.0322595990002309
GAB3,9.332782,0.88084006,1.0312795641511191e-20,7.186617171784802e-20,CD8 T,CD8_T,0.17737237467422962,0.12431886982845611,0.05305350484577351
TOX,9.201611,0.56656474,3.526235447539e-20,2.4277008244674704e-19,CD8 T,CD8_T,0.2598497623792733,0.20565085771947533,0.054198904659797986
STXBP5,9.139146,0.37610522,6.294727748316002e-20,4.282127719942859e-19,CD8 T,CD8_T,0.39230415453012407,0.35832492431886986,0.03397923021125421
RPL10,9.00158,0.24191554,2.2249250330182693e-19,1.4957479213568198e-18,CD8 T,CD8_T,0.9894220450712861,0.9730575176589307,0.01636452741235539
ABCG1,8.984676,0.41016012,2.594978441922606e-19,1.738679023063723e-18,CD8 T,CD8_T,0.36095354898053045,0.31518668012108986,0.04576686885944059
LITAF,8.839424,0.3134532,9.621304466982922e-19,6.361193036021767e-18,CD8 T,CD8_T,0.4429710256017169,0.41922300706357224,0.023748018538144677
FAM69A,8.798908,0.31460282,1.3815312369540037e-18,9.074096794443374e-18,CD8 T,CD8_T,0.4846696305380959,0.4474268415741676,0.0372427889639283
ATP10A,8.762269,0.60463434,1.9135882225419585e-18,1.2507112565633717e-17,CD8 T,CD8_T,0.21884102406868003,0.16543895055499497,0.05340207351368506
ITGA4,8.746882,0.44387066,2.193288442198862e-18,1.4288524053412782e-17,CD8 T,CD8_T,0.3206346772957228,0.272452068617558,0.04818260867816482
CHST12,8.737925,0.74922156,2.3743287917556665e-18,1.5417719426984846e-17,CD8 T,CD8_T,0.18043844856661045,0.1273965691220989,0.05304187944451155
BMPR1A,8.737166,0.80537033,2.3903111919545682e-18,1.5496344842493148e-17,CD8 T,CD8_T,0.17499616740763446,0.12391523713420788,0.051080930273426584
S100A6,8.709436,0.28408104,3.053898923190529e-18,1.970257369800341e-17,CD8 T,CD8_T,0.6736930860033726,0.622098890010091,0.05159419599328163
BICD1,8.627448,0.57155216,6.273592504561738e-18,4.0086853064292255e-17,CD8 T,CD8_T,0.2592365476007972,0.22028254288597376,0.03895400471482341
ATXN7L1,8.606321,0.53362256,7.544272510005233e-18,4.8052691146530146e-17,CD8 T,CD8_T,0.2656753027747968,0.22280524722502523,0.04287005554977155
RPS8,8.5573435,0.3057385,1.1549786328085644e-17,7.298443177305305e-17,CD8 T,CD8_T,0.9804537789360722,0.9516145307769932,0.028839248159079012
RP11-219B17.1,8.431122,0.37598342,3.423671928248914e-17,2.139794955155571e-16,CD8 T,CD8_T,0.3807297255863865,0.33153380423814327,0.04919592134824324
RASA3,8.388452,0.31180638,4.925887694771537e-17,3.054814074276922e-16,CD8 T,CD8_T,0.454775410087383,0.423915237134208,0.030860172953175002
RFX7,8.37686,0.29598182,5.435843638156401e-17,3.3554590358990127e-16,CD8 T,CD8_T,0.4612141652613827,0.4322401614530778,0.028974003808304893
AC104820.2,8.352485,0.95231664,6.684169504114538e-17,4.1133350794551e-16,CD8 T,CD8_T,0.13145791813582705,0.07825428859737639,0.05320362953845066
ARAP2,8.351065,0.26304886,6.765031687636901e-17,4.1567014977799697e-16,CD8 T,CD8_T,0.5190863099800704,0.4945005045408679,0.024585805439202524
CMC1,8.341837,0.58773476,7.31451467613017e-17,4.480560291657072e-16,CD8 T,CD8_T,0.24497930400122636,0.20534813319878914,0.03963117080243722
SCLT1,8.329794,0.419425,8.098322271835756e-17,4.945540318678324e-16,CD8 T,CD8_T,0.3319791506975318,0.29318869828456107,0.038790452412970744
LINC00649,8.326053,0.613027,8.358269444916795e-17,5.088748520497288e-16,CD8 T,CD8_T,0.20450712862179976,0.15373360242179618,0.05077352620000358
RPS13,8.303045,0.2317487,1.0147639303095766e-16,6.122255989801367e-16,CD8 T,CD8_T,0.9733251571362869,0.9505045408678106,0.022820616268476313
AUTS2,8.125128,0.3702736,4.468902227326994e-16,2.656108307475182e-15,CD8 T,CD8_T,0.3740610148704583,0.3387487386478305,0.03531227622262778
ARHGAP35,8.111924,0.5565959,4.982426630834339e-16,2.952549114568497e-15,CD8 T,CD8_T,0.24559251877970253,0.20676084762865798,0.03883167115104455
PREX1,7.9920244,0.28950435,1.3274087388160565e-15,7.773989685599159e-15,CD8 T,CD8_T,0.4291736930860033,0.4074167507568114,0.021756942329191897
PIK3R1,7.989573,0.2081264,1.3540707810795544e-15,7.918542579412598e-15,CD8 T,CD8_T,0.5663804997700445,0.5607971745711404,0.005583325198904032
ANKRD26,7.937872,0.6157812,2.0567970400090344e-15,1.1975528617228729e-14,CD8 T,CD8_T,0.20351065460677598,0.15776992936427853,0.04574072524249745
RP11-475O6.1,7.932787,0.9250896,2.142814804172401e-15,1.2458225605653495e-14,CD8 T,CD8_T,0.1266288517553273,0.07608476286579213,0.050544088889535155
NXPH4,7.8991303,1.6513157,2.808563272218301e-15,1.6257963949165275e-14,CD8 T,CD8_T,0.08324390617813889,0.0325933400605449,0.050650566117593984
RAD51B,7.8981366,0.3854217,2.831032910299512e-15,1.636435208265614e-14,CD8 T,CD8_T,0.34539322397669775,0.3074167507568113,0.03797647321988645
RPL10A,7.870215,0.22360094,3.540319311799831e-15,2.043474350245213e-14,CD8 T,CD8_T,0.9380653073739076,0.9120080726538852,0.026057234720022415
FAM117B,7.866894,0.34197783,3.6355478830212435e-15,2.095416647274492e-14,CD8 T,CD8_T,0.38210945883795794,0.34641775983854695,0.03569169899941099
TSEN54,7.8624763,0.63161653,3.766124411506364e-15,2.1675536181331595e-14,CD8 T,CD8_T,0.19239613674689554,0.14606458123107974,0.0463315555158158
EXOC6B,7.8211913,0.36461186,5.232575301146103e-15,2.990043029226345e-14,CD8 T,CD8_T,0.3584240380193162,0.3272956609485369,0.03112837707077931
KCNQ5,7.816518,0.44593754,5.430464826458957e-15,3.0986960493346404e-14,CD8 T,CD8_T,0.2803924574582247,0.23350151362260343,0.046890943835621285
ACYP2,7.730009,0.28169528,1.0753901306527737e-14,6.092861930044044e-14,CD8 T,CD8_T,0.44335428483826456,0.42199798183652887,0.021356303001735688
SLAMF6,7.608478,0.6499981,2.773427577371008e-14,1.5450850013208958e-13,CD8 T,CD8_T,0.17982523378813428,0.13491422805247227,0.04491100573566201
IL2RB,7.5047655,0.51707596,6.153858932477333e-14,3.418810518042963e-13,CD8 T,CD8_T,0.21769124635903722,0.17108980827447026,0.04660143808456696
SFMBT2,7.488006,0.32608846,6.992777363585931e-14,3.8741148828730925e-13,CD8 T,CD8_T,0.38985129541621943,0.34944500504540876,0.04040629037081067
NEK1,7.4674506,0.4780947,8.176341478035933e-14,4.5173157337215105e-13,CD8 T,CD8_T,0.2518779702590832,0.2132694248234107,0.03860854543567249
SH3RF3,7.466475,0.808481,8.237161139456878e-14,4.5446406286658635e-13,CD8 T,CD8_T,0.1342940364862793,0.08668012108980828,0.047613915396471015
RPL12,7.4588046,0.2337948,8.731095363477583e-14,4.797305144767903e-13,CD8 T,CD8_T,0.9637436762225968,0.9396569122098892,0.024086764012707595
ARL4C,7.3498297,0.25583953,1.984598008191321e-13,1.0698641553592026e-12,CD8 T,CD8_T,0.5912923501456384,0.5523713420787084,0.038921008066929996
IMMP2L,7.32749,0.26884383,2.3450351543894527e-13,1.2573915036940765e-12,CD8 T,CD8_T,0.4674229648934538,0.44318869828456114,0.024234266608892663
FOXP1,7.3234887,0.101465456,2.4160568263490254e-13,1.2937385950998797e-12,CD8 T,CD8_T,0.903495324237314,0.9085267406659941,-0.005031416428680102
VIM,7.3101606,0.28465167,2.6682355175488346e-13,1.424958887876547e-12,CD8 T,CD8_T,0.5727426030967346,0.5137739656912211,0.0589686374055135
RHD,7.296934,0.44782206,2.9439851112194935e-13,1.5659495272444113e-12,CD8 T,CD8_T,0.2629158362716541,0.22542885973763876,0.03748697653401534
DAPK2,7.2189803,1.118696,5.237876520334146e-13,2.7640509342132696e-12,CD8 T,CD8_T,0.10447646788287596,0.059233097880928356,0.0452433700019476
TCF7L2,7.1884356,0.6744921,6.553785215949392e-13,3.4448279715896935e-12,CD8 T,CD8_T,0.17193009351525368,0.1311806256306761,0.04074946788457759
METRNL,7.142967,0.5307316,9.133743425716173e-13,4.769578812384425e-12,CD8 T,CD8_T,0.24375287444427407,0.21316851664984868,0.030584357794425393
KIAA0513,7.1167393,0.985283,1.1051015171726303e-12,5.74825236500718e-12,CD8 T,CD8_T,0.1118350452245899,0.06710393541876891,0.044731109805820984
CCR7,7.043545,0.14003785,1.8740984764816705e-12,9.647868604796245e-12,CD8 T,CD8_T,0.5757320251418059,0.5838546922300708,-0.008122667088264923
RPL5,7.0127597,0.20511068,2.336623604704099e-12,1.1967342405654795e-11,CD8 T,CD8_T,0.9614441208033112,0.9424318869828459,0.019012233820465352
FAM53B,6.9519415,0.74611086,3.6029230833236175e-12,1.8335486429127825e-11,CD8 T,CD8_T,0.14878123562777862,0.10787083753784057,0.040910398089938044
RPS5,6.9068356,0.16398849,4.955835255214097e-12,2.4997907970815118e-11,CD8 T,CD8_T,0.9402115590985741,0.9221493440968721,0.01806221500170202
KIF21A,6.866901,0.7998046,6.5611568039264794e-12,3.288800402970666e-11,CD8 T,CD8_T,0.1339107772497317,0.0923814328960646,0.04152934435366709
RAB11A,6.858225,0.22588155,6.97215112502863e-12,3.486075562514315e-11,CD8 T,CD8_T,0.4713322091062394,0.4616548940464179,0.0096773150598215
TAOK3,6.787211,0.14815734,1.1432184179359501e-11,5.687653820576866e-11,CD8 T,CD8_T,0.5699064847462824,0.5650353178607468,0.004871166885535572
FLNA,6.784211,0.32645258,1.1672237502048913e-11,5.799869566235484e-11,CD8 T,CD8_T,0.32577035106546065,0.3030776992936428,0.02269265177181784
ARHGAP25,6.651188,0.22206266,2.9073715377492094e-11,1.4182300184142487e-10,CD8 T,CD8_T,0.4816802084930246,0.46311806256306776,0.018562145929956864
DGKD,6.650694,0.34063792,2.917142110607773e-11,1.4212629040719969e-10,CD8 T,CD8_T,0.31710869231948485,0.2861251261352169,0.030983566184267952
RPL39,6.615719,0.28215978,3.697510018594144e-11,1.794907776016575e-10,CD8 T,CD8_T,0.9855894527058101,0.9644803229061556,0.021109129799654514
PZP,6.5597095,1.2531796,5.3912699338708933e-11,2.6076275375433585e-10,CD8 T,CD8_T,0.08117430630078185,0.03900100908173562,0.042173297219046224
OSBPL5,6.5489407,1.2225693,5.7946638503469886e-11,2.792609084504573e-10,CD8 T,CD8_T,0.08140426184271041,0.03895055499495459,0.04245370684775582
FCRL6,6.5455184,2.3335946,5.92893453570498e-11,2.853879439569184e-10,CD8 T,CD8_T,0.055955848535949704,0.013572149344096873,0.04238369919185283
RP11-296O14.3,6.483047,0.5242797,8.988859967767813e-11,4.3008899367310115e-10,CD8 T,CD8_T,0.1944657366242526,0.15782038345105956,0.036645353173193035
ABI3,6.4774427,0.92987376,9.329008585801076e-11,4.458307567885819e-10,CD8 T,CD8_T,0.10501303081404259,0.06402623612512615,0.040986794688916445
SUMF1,6.4240704,0.28345257,1.3267770089128638e-10,6.310473288527295e-10,CD8 T,CD8_T,0.37567070366395827,0.35645812310797176,0.019212580555986514
EEF1B2,6.416537,0.101817675,1.394092733068387e-10,6.614912137928289e-10,CD8 T,CD8_T,0.8929940211559098,0.889354187689203,0.00363983346670671
GTDC1,6.395367,0.3796719,1.6016227923111708e-10,7.58164635413572e-10,CD8 T,CD8_T,0.28568143492258163,0.2627648839556004,0.022916550966981253
OSBPL7,6.3846784,0.9505108,1.717581408906323e-10,8.11136438680672e-10,CD8 T,CD8_T,0.10240686800551892,0.062159434914228054,0.04024743309129086
FCGR3A,6.274586,1.1227297,3.5056532556108113e-10,1.6458465988783152e-09,CD8 T,CD8_T,0.08263069139966273,0.04192734611503532,0.04070334528462741
C4orf32,6.2723575,0.4226995,3.556216644474479e-10,1.6656752433135733e-09,CD8 T,CD8_T,0.24214318565077414,0.2095862764883956,0.03255690916237855
PIK3CG,6.2537193,0.61229473,4.00790930153483e-10,1.8663139937298394e-09,CD8 T,CD8_T,0.15790280545761148,0.12119071644803228,0.0367120890095792
EFHD2,6.208983,0.4401567,5.332863527342491e-10,2.4660640588867013e-09,CD8 T,CD8_T,0.2586999846696305,0.24001009081735622,0.018689893852274292
PARK2,6.195774,0.5601283,5.799933221488646e-10,2.675863077964773e-09,CD8 T,CD8_T,0.1631151310746589,0.12517658930373363,0.03793854177092526
CEP78,6.096841,0.6166677,1.0818503712370947e-09,4.9569318269740875e-09,CD8 T,CD8_T,0.1449486432623026,0.10731584258324926,0.03763280067905335
PROK2,6.088239,3.0606928,1.1415936667365752e-09,5.218713905081486e-09,CD8 T,CD8_T,0.04790740456845009,0.008526740665993945,0.03938066390245615
KLRC4,6.043256,1.8085121,1.5103477933652403e-09,6.849649856531702e-09,CD8 T,CD8_T,0.05787214471868771,0.01866801210898083,0.03920413260970688
NFIA,6.0428696,1.0772041,1.513968793338483e-09,6.858295779562777e-09,CD8 T,CD8_T,0.08830292810056721,0.05010090817356207,0.03820201992700514
CD7,6.0157785,0.2425677,1.7902404760511689e-09,8.073237772496816e-09,CD8 T,CD8_T,0.5254484133067605,0.4854692230070637,0.03997919029969682
RP11-398K22.12,5.9852715,0.7989908,2.160295179766071e-09,9.720113294785472e-09,CD8 T,CD8_T,0.10876897133220909,0.07073662966700303,0.038032341665206054
A2M,5.851495,1.0863584,4.871742303629583e-09,2.1676272763646642e-08,CD8 T,CD8_T,0.0821707803158056,0.044853683148335016,0.037317097167470586
PLEKHA2,5.81552,0.23010907,6.0445824785766034e-09,2.6834994355501015e-08,CD8 T,CD8_T,0.4174459604476467,0.4021190716448033,0.015326888802843386
FAM65B,5.768384,0.13654889,8.003528727109718e-09,3.5374712606009806e-08,CD8 T,CD8_T,0.7155449946343706,0.7057517658930375,0.009793228741333149
ZBP1,5.7646403,0.92473465,8.183218752553552e-09,3.612900111502672e-08,CD8 T,CD8_T,0.0928253870918289,0.056205852674066595,0.036619534417762306
NBEA,5.731038,0.6841883,9.981789797721255e-09,4.3972642280710376e-08,CD8 T,CD8_T,0.11996014103939903,0.08405650857719477,0.035903632462204266
GZMA,5.6084332,0.75629294,2.0416637196019617e-08,8.876798780878094e-08,CD8 T,CD8_T,0.10378660125709027,0.0679112008072654,0.035875400449824874
CDC14A,5.5205426,0.18993291,3.379546639190619e-08,1.4567011375821635e-07,CD8 T,CD8_T,0.5686800551893301,0.5455095862764885,0.02317046891284158
MPZL3,5.498979,0.29268366,3.819959712284374e-08,1.6394676876756967e-07,CD8 T,CD8_T,0.3085236854208186,0.2804742684157417,0.028049417005076904
COLGALT2,5.470642,0.7885186,4.484074983956681e-08,1.9162713606652482e-07,CD8 T,CD8_T,0.09757780162501914,0.0624117053481332,0.03516609627688594
EVA1C,5.368787,0.48548552,7.926805941047522e-08,3.341119469356174e-07,CD8 T,CD8_T,0.16027901272420664,0.12749747729566097,0.03278153542854567
CCDC146,5.317247,0.6303687,1.0534914336728283e-07,4.421789858018167e-07,CD8 T,CD8_T,0.12271960754254176,0.0898082744702321,0.03291133307230966
RPSA,5.313424,0.1373092,1.0758427372511488e-07,4.5108710157280875e-07,CD8 T,CD8_T,0.9042618427104092,0.8901109989909185,0.014150843719490713
PLA2G16,5.301791,1.007917,1.1467184530970683e-07,4.792971590792344e-07,CD8 T,CD8_T,0.08316725433082936,0.04989909182643795,0.03326816250439141
IQGAP2,5.2737527,0.17578925,1.3366204141591722e-07,5.580878555988194e-07,CD8 T,CD8_T,0.48804231181971475,0.4771947527749749,0.01084755904473983
TMEM135,5.236241,0.36720023,1.6388002879613752e-07,6.800001194860478e-07,CD8 T,CD8_T,0.23685420818641725,0.2113017154389506,0.025552492747466654
RPL22,5.2235966,0.15516876,1.7548106707783085e-07,7.24380049856887e-07,CD8 T,CD8_T,0.9499463437068832,0.9337537840565089,0.01619255965037436
ADAMTS6,5.1948204,0.870894,2.0491767514815829e-07,8.441510819697561e-07,CD8 T,CD8_T,0.08845623179518625,0.05560040363269425,0.032855828162491996
RP11-356I2.4,5.1861825,0.47226006,2.1464827535713058e-07,8.833262360375744e-07,CD8 T,CD8_T,0.1703970565690633,0.14056508577194754,0.029831970797115748
PPP1R16B,5.171203,0.13061269,2.3259150997145742e-07,9.561829803554262e-07,CD8 T,CD8_T,0.6116050896826611,0.6033804238143291,0.008224665868332037
GNPTAB,5.146146,0.22410087,2.658927426651274e-07,1.0897243551849482e-06,CD8 T,CD8_T,0.374904185190863,0.36664984863773975,0.008254336553123243
RP11-509J21.1,5.131088,0.45002905,2.8807232670312356e-07,1.1770064420965213e-06,CD8 T,CD8_T,0.1810516633450866,0.1527749747729566,0.028276688572130004
PRSS23,5.128373,1.7456158,2.9225652891449627e-07,1.1916678039327065e-06,CD8 T,CD8_T,0.05051356737697378,0.017305751765893038,0.03320781561108074
GNAO1,5.0797715,1.4031013,3.778895347671264e-07,1.5314672128353654e-06,CD8 T,CD8_T,0.06139812969492564,0.029011099899091827,0.03238702979583381
SPEF2,5.0756793,0.78246015,3.8611378657707347e-07,1.5632137108383541e-06,CD8 T,CD8_T,0.09328529817568601,0.0610494450050454,0.03223585317064061
CLIC3,5.051726,0.49491668,4.3783544719745265e-07,1.7654655128929543e-06,CD8 T,CD8_T,0.12885175532730336,0.09535822401614533,0.03349353131115804
LINC00944,5.0315704,0.97616494,4.864785342654209e-07,1.9517694453978773e-06,CD8 T,CD8_T,0.08155756553732944,0.05000000000000001,0.031557565537329434
AC015849.2,5.0039964,1.4001242,5.61538556810278e-07,2.248402629870983e-06,CD8 T,CD8_T,0.05748888548214011,0.025227043390514636,0.03226184209162547
TTN,5.003521,0.54012233,5.629255505503921e-07,2.2517022022015686e-06,CD8 T,CD8_T,0.13253104399816035,0.10156407669021193,0.030966967307948415
MCOLN2,4.99736,0.81259066,5.812042677558249e-07,2.322494576446853e-06,CD8 T,CD8_T,0.1015636976851142,0.07164480322906155,0.02991889445605264
NFKB1,4.9799104,0.09161678,6.361374535584206e-07,2.539470872488705e-06,CD8 T,CD8_T,0.5882262762532576,0.5898082744702322,-0.0015819982169745783
CD226,4.9719048,0.53496957,6.629824402631172e-07,2.6439977677492215e-06,CD8 T,CD8_T,0.146481680208493,0.11781029263370334,0.028671387574789667
CAMKMT,4.917542,0.28637803,8.763762807141333e-07,3.4639378684353094e-06,CD8 T,CD8_T,0.2948030047524145,0.27583249243188696,0.018970512320527544
BRE,4.8091707,0.23098509,1.5155781310158481e-06,5.920227074280656e-06,CD8 T,CD8_T,0.3512187643722213,0.33703329969727547,0.014185464674945858
BBS9,4.796322,0.35027462,1.616056719279631e-06,6.300416059569712e-06,CD8 T,CD8_T,0.2271194235781082,0.20393541876892032,0.023184004809187864
BAZ2B,4.787915,0.32018554,1.685228356979072e-06,6.56369369806844e-06,CD8 T,CD8_T,0.25425417752567836,0.2338042381432896,0.02044993938238876
STAG3,4.7283945,0.57923454,2.2630198401520375e-06,8.754428782019488e-06,CD8 T,CD8_T,0.11766058562011342,0.08819374369323917,0.02946684192687425
GMDS-AS1,4.7136297,0.3422795,2.4334278077083313e-06,9.395474161036028e-06,CD8 T,CD8_T,0.22527977924267972,0.2009081735620586,0.024371605680621133
PATL2,4.6823673,0.38581026,2.835810541206027e-06,1.093851703454591e-05,CD8 T,CD8_T,0.19086309980070515,0.16508577194752774,0.025777327853177406
PLCXD2,4.6535826,0.66660213,3.262166706014013e-06,1.2558870860496682e-05,CD8 T,CD8_T,0.09865092748735244,0.06927346115035318,0.029377466336999253
GPR114,4.6452446,0.9937397,3.3967389378862033e-06,1.306438053033155e-05,CD8 T,CD8_T,0.07090295876130615,0.04127144298688194,0.029631515774424202
RP11-478C1.7,4.627791,1.4193816,3.695866930858979e-06,1.4160409696777695e-05,CD8 T,CD8_T,0.05281312279625938,0.02295660948536832,0.02985651331089106
FAM129A,4.615966,0.24174312,3.912713700992814e-06,1.4962576294427586e-05,CD8 T,CD8_T,0.33657826153610293,0.32724520686175584,0.009333054674347085
TBX21,4.606473,0.8692548,4.095558094657786e-06,1.5616999407656002e-05,CD8 T,CD8_T,0.07749501762992486,0.04818365287588296,0.029311364754041905
TBC1D19,4.593818,0.49909115,4.3520901794201405e-06,1.656361628704145e-05,CD8 T,CD8_T,0.14096274720220758,0.1139757820383451,0.02698696516386248
SYTL3,4.5778017,0.32788044,4.698877953867788e-06,1.7832553904621583e-05,CD8 T,CD8_T,0.22696611988348914,0.2028254288597377,0.024140691023751437
S100B,4.5755677,2.51443,4.749302772168045e-06,1.800683515513951e-05,CD8 T,CD8_T,0.03794266441821247,0.0082744702320888,0.029668194186123674
ELP4,4.5668287,0.27391785,4.9515879829627215e-06,1.8738270512630924e-05,CD8 T,CD8_T,0.2821554499463437,0.26306760847628663,0.019087841470057043
DAAM1,4.5633783,0.49170595,5.03369892101661e-06,1.903099781102688e-05,CD8 T,CD8_T,0.1521539169093975,0.12719475277497477,0.02495916413442273
TPK1,4.563156,0.31196487,5.039031732613377e-06,1.9033169905999537e-05,CD8 T,CD8_T,0.2432163115131074,0.22154389505549948,0.021672416457607924
MAPK8,4.526194,0.100257345,6.005546534447915e-06,2.253488380655878e-05,CD8 T,CD8_T,0.5180898359650468,0.5282038345105955,-0.01011399854554873
C10ORF68,4.49958,0.7294857,6.808786230196603e-06,2.5477216951156608e-05,CD8 T,CD8_T,0.0879196688640196,0.05938446014127144,0.02853520872274816
EFNA5,4.489379,1.4768367,7.143105788681471e-06,2.6703199210024187e-05,CD8 T,CD8_T,0.05005365629311666,0.021089808274470233,0.028963848018646425
LPGAT1,4.4851904,0.27557638,7.284883588850578e-06,2.7207781844446605e-05,CD8 T,CD8_T,0.2968726046297715,0.2906659939455096,0.006206610684261871
RP11-572M11.4,4.477402,0.32573187,7.555673671145319e-06,2.8144226384942365e-05,CD8 T,CD8_T,0.20634677295722822,0.18022199798183655,0.026124774975391674
FOCAD,4.4773726,0.39982623,7.556724784357025e-06,2.8144226384942365e-05,CD8 T,CD8_T,0.17407634523992022,0.14828456104944499,0.02579178419047523
WDPCP,4.47013,0.22787224,7.81720148335364e-06,2.9060228562652935e-05,CD8 T,CD8_T,0.33795799478767435,0.325782038345106,0.012175956442568359
SPN,4.462209,0.54351425,8.111903030652953e-06,3.0099825716708544e-05,CD8 T,CD8_T,0.12823854054882722,0.10216952573158428,0.02606901481724294
APMAP,4.434571,0.3953149,9.225591512413394e-06,3.41909133591208e-05,CD8 T,CD8_T,0.1872604629771577,0.16397578203834512,0.023284680938812585
NUBPL,4.430345,0.32701647,9.408235223672402e-06,3.481308130868604e-05,CD8 T,CD8_T,0.2131687873677755,0.189606458123108,0.0235623292446675
SRBD1,4.395244,0.43626514,1.1064843430277772e-05,4.086738109059196e-05,CD8 T,CD8_T,0.16334508661658745,0.13925327951564076,0.02409180710094669
NCOA2,4.3821883,0.08404503,1.1749321806304012e-05,4.331547209697332e-05,CD8 T,CD8_T,0.5321937758699984,0.5451564076690213,-0.012962631799022906
AGAP1,4.3522,0.94583994,1.347781429426729e-05,4.9414534534435525e-05,CD8 T,CD8_T,0.07051969952475855,0.04303733602421797,0.027482363500540577
ADCY9,4.338378,0.60313094,1.4353811356116544e-05,5.252995921726091e-05,CD8 T,CD8_T,0.1221063927640656,0.09747729566094857,0.02462909710311703
SH2D2A,4.3313246,0.56439227,1.4821514602715445e-05,5.4192009516327036e-05,CD8 T,CD8_T,0.11037866012570902,0.08355196770938447,0.026826692416324543
RP11-544A12.4,4.266251,0.29041028,1.987851340654321e-05,7.228550329652076e-05,CD8 T,CD8_T,0.2388471562164648,0.21775983854692232,0.02108731766954247
NBEAL2,4.238717,0.535266,2.248005496885774e-05,8.167140769793911e-05,CD8 T,CD8_T,0.12371608155756551,0.09883955600403635,0.024876525553529164
ULK4,4.234454,0.26736778,2.291073606130325e-05,8.308517157317588e-05,CD8 T,CD8_T,0.2770964280239153,0.2629162462159435,0.014180181807971814
GZMK,4.217255,0.5488366,2.4729417067185163e-05,8.935652056796808e-05,CD8 T,CD8_T,0.11528437835351829,0.08940464177598387,0.025879736577534423
PARD6G,4.166374,1.6912795,3.094828469002504e-05,0.00011142496738082824,CD8 T,CD8_T,0.04323164188256936,0.016347124117053483,0.026884517765515877
LAG3,4.164931,1.3540863,3.114470032775138e-05,0.00011203129614299058,CD8 T,CD8_T,0.04974704890387857,0.02295660948536832,0.02679043941851025
TOB1,4.1374497,0.51082534,3.511869899024887e-05,0.00012587347308332927,CD8 T,CD8_T,0.13138126628851754,0.10782038345105954,0.023560882837457997
SYT11,4.0713644,0.66687524,4.673861218925425e-05,0.00016588682232210913,CD8 T,CD8_T,0.09696458684654298,0.07219979818365288,0.0247647886628901
POU3F1,4.045098,2.1284912,5.230129397783799e-05,0.00018497363033718122,CD8 T,CD8_T,0.03648627931933159,0.010292633703329971,0.02619364561600162
JAKMIP1,4.0436373,1.3428073,5.262829940521361e-05,0.00018596572227990677,CD8 T,CD8_T,0.04806070826306913,0.021997981836528763,0.026062726426540367
HLCS,4.0084476,0.39815506,6.111921360438918e-05,0.00021501922112362068,CD8 T,CD8_T,0.15905258316725432,0.13637739656912212,0.022675186598132197
CTD-2341M24.1,4.004826,0.2810141,6.206308441132993e-05,0.00021814792411715267,CD8 T,CD8_T,0.22650620879963201,0.205095862764884,0.021410346034748007
PHLPP1,4.000823,0.32889134,6.31225848226666e-05,0.000221677207454492,CD8 T,CD8_T,0.21738463896979912,0.2006054490413724,0.016779189928426724
RP11-711K1.8,3.9970691,0.3918284,6.413157850291715e-05,0.00022482586679374984,CD8 T,CD8_T,0.15882262762532576,0.13627648839556006,0.0225461392297657
MPP6,3.916626,0.31693462,8.97969320479693e-05,0.00031233715494945847,CD8 T,CD8_T,0.19047984056415757,0.1687689202825429,0.02171092028161467
TDRD3,3.8852518,0.31719416,0.00010222394787928964,0.0003546364193557316,CD8 T,CD8_T,0.21523838724513256,0.19909182643794152,0.01614656080719104
KHDC1,3.877671,0.84589267,0.00010546120437297438,0.0003652336082180931,CD8 T,CD8_T,0.06592058868618733,0.04112008072653886,0.02480050795964847
KIAA1328,3.866558,0.28476596,0.00011038214829783887,0.0003812854863483208,CD8 T,CD8_T,0.2275793346619653,0.2090817356205853,0.018497599041380014
TBC1D32,3.8606298,0.3860365,0.00011309513576186376,0.0003903197092730414,CD8 T,CD8_T,0.15115744289437372,0.12865792129162462,0.022499521602749095
PPAP2A,3.8245404,0.27859136,0.00013101623226022531,0.00045100252068924377,CD8 T,CD8_T,0.22727272727272724,0.2083753784056509,0.018897348867076336
DLG2,3.820829,0.61509603,0.0001330039294584992,0.00045745117612553467,CD8 T,CD8_T,0.09328529817568601,0.06967709384460141,0.023608204331084598
CMIP,3.7667286,0.11806702,0.00016540058272165222,0.0005659558005873472,CD8 T,CD8_T,0.42342480453778925,0.4339556004036328,-0.010530795865843545
SLC9A3R1,3.7460334,0.47054368,0.0001796525869023564,0.0006131487607588955,CD8 T,CD8_T,0.12716541468649395,0.10560040363269427,0.021565011053799682
HIVEP3,3.6904016,0.26099375,0.0002239002322651973,0.0007609183764322763,CD8 T,CD8_T,0.23831059328529813,0.22144298688193742,0.016867606403360713
WDR63,3.6793785,1.6037687,0.00023380299946018402,0.0007938981305948524,CD8 T,CD8_T,0.04062547907404568,0.016952573158425834,0.023672905915619845
NME7,3.6757276,0.41172752,0.00023717253219519174,0.0008046565977784283,CD8 T,CD8_T,0.1521539169093975,0.13289606458123107,0.01925785232816643
INVS,3.653136,0.26444662,0.000259057028916687,0.0008759324730910803,CD8 T,CD8_T,0.24666564464203583,0.232795156407669,0.013870488234366818
C2orf43,3.649735,0.32178634,0.00026251094923962324,0.0008861129088257324,CD8 T,CD8_T,0.18120496703970562,0.16180625630676088,0.019398710732944746
PDGFD,3.6415954,0.59027934,0.00027095379238135605,0.0009115350458582205,CD8 T,CD8_T,0.08048443967499616,0.056962663975782035,0.023521775699214126
JAKMIP2,3.6049545,0.4799183,0.0003122075363246857,0.0010433000378435612,CD8 T,CD8_T,0.11321477847616125,0.09157416750756814,0.021640610968593113
ROBO1,3.5961928,2.0471992,0.00032290855754316426,0.0010781587897935368,CD8 T,CD8_T,0.03342020542695078,0.010141271442986884,0.023278933983963898
RGS3,3.5415905,0.6783054,0.00039772233659336384,0.0013180524824966489,CD8 T,CD8_T,0.0699831365935919,0.04717457114026237,0.02280856545332953
FRMPD3,3.5406535,2.1426916,0.0003991372645446352,0.0013216465713398516,CD8 T,CD8_T,0.03173386478614134,0.008779011099899092,0.022954853686242248
CATSPERB,3.5294771,0.4287947,0.0004163816158253184,0.0013776066693972485,CD8 T,CD8_T,0.12647554806070826,0.10554994954591324,0.02092559851479503
ANO10,3.526696,0.50255483,0.0004207795923897371,0.0013910069169908665,CD8 T,CD8_T,0.11467116357504213,0.09404641775983857,0.020624745815203557
RALGPS1,3.5006049,0.5035645,0.0004642035753433647,0.0015307619961858687,CD8 T,CD8_T,0.11474781542235166,0.09465186680121092,0.02009594862114074
RP5-884C9.2,3.4831574,2.132215,0.0004955371248277433,0.0016313979418197309,CD8 T,CD8_T,0.031350605549593735,0.008779011099899092,0.022571594449694643
FASLG,3.4782965,0.80872846,0.0005046112036675358,0.0016571796507965052,CD8 T,CD8_T,0.057412233634830584,0.03486377396569122,0.022548459669139362
LAX1,3.4753823,0.44825915,0.0005101256939013318,0.0016739153204309493,CD8 T,CD8_T,0.11605089682661349,0.09515640766902121,0.020894489157592275
PLEKHF1,3.474279,0.3468551,0.0005122280638959072,0.0016794362750685483,CD8 T,CD8_T,0.1529970872298022,0.1332996972754793,0.019697389954322908
CCDC141,3.4447958,0.45323393,0.0005714906661481216,0.0018706732116141461,CD8 T,CD8_T,0.10041391997547139,0.0784561049445005,0.021957815030970884
ZNF600,3.4197369,0.32572547,0.000626817468254321,0.002043414729435439,CD8 T,CD8_T,0.17859880423118196,0.16160443995963675,0.016994364271545215
ITGB3BP,3.4150176,0.32438397,0.0006377790231659365,0.0020774561015177084,CD8 T,CD8_T,0.16710102713475392,0.14813319878910192,0.018967828345652
GPR56,3.3016672,1.1614873,0.0009611203834821534,0.0030904192394924546,CD8 T,CD8_T,0.041851908630998,0.020433905146316857,0.02141800348468114
UTRN,3.300436,0.101121284,0.0009653468679237079,0.003101516041521953,CD8 T,CD8_T,0.5656139812969493,0.5605953582240162,0.005018623072933104
CX3CR1,3.2904913,1.7201626,0.0010001256731480928,0.003202964525694452,CD8 T,CD8_T,0.03188716848076038,0.010494450050454088,0.021392718430306296
C5orf42,3.2689037,0.35560516,0.00107964990631214,0.003452118005794213,CD8 T,CD8_T,0.1464050283611835,0.12820383451059536,0.018201193850588132
MYBL1,3.2122507,0.40422264,0.0013169942726336272,0.004197591307198812,CD8 T,CD8_T,0.12103326690173231,0.10216952573158428,0.018863741170148038
RP11-191G24.1,3.1693933,1.1687654,0.0015275748060249539,0.004861017680270339,CD8 T,CD8_T,0.04231181971485512,0.02194752774974773,0.02036429196510739
EML4,3.1680493,0.044276293,0.0015346541335302334,0.00487966338165416,CD8 T,CD8_T,0.7803158056109151,0.7868819374369326,-0.006566131826017507
PDSS2,3.1356277,0.17361777,0.0017148673258393435,0.005435395644498711,CD8 T,CD8_T,0.32124789207419896,0.31437941473259334,0.006868477341605617
CHN2,3.1126547,0.28992796,0.0018541284563185708,0.005848985666620097,CD8 T,CD8_T,0.15238387245132604,0.13309788092835517,0.019285991522970863
IKZF2,3.0528288,0.2563464,0.002266952836811211,0.0071343913038905155,CD8 T,CD8_T,0.20741989881956152,0.19419778002018168,0.013222118799379845
TG,3.0488033,0.417652,0.0022975477029189358,0.007219317212628236,CD8 T,CD8_T,0.11060861566763758,0.09258324924318873,0.018025366424448852
FAM227B,3.0324688,0.50554556,0.002425622687167772,0.007597878424957783,CD8 T,CD8_T,0.0840870764985436,0.0649848637739657,0.019102212724577905
SAP30L-AS1,3.0239048,0.40962157,0.0024953501449880467,0.007804066129751514,CD8 T,CD8_T,0.11827380039858959,0.10085771947527752,0.017416080923312066
DTHD1,2.892585,0.69272614,0.003820856223486499,0.011810992962863984,CD8 T,CD8_T,0.05633910777249731,0.03773965691220989,0.01859945086028742
EPHA4,2.8887868,0.17727008,0.0038673120558578734,0.011945365423499223,CD8 T,CD8_T,0.2898972865246052,0.28758829465186675,0.002308991872738475
BTBD9,2.8672724,-0.0006979719,0.004140265967822678,0.012739279900992854,CD8 T,CD8_T,0.7022075732025141,0.7210898082744703,-0.018882235071956188
CRB1,2.8382058,0.5505569,0.004536793357720695,0.013895232336051132,CD8 T,CD8_T,0.06982983289897285,0.05176589303733604,0.01806393986163681
IER5L,2.8262968,0.98607886,0.004708961997626046,0.014389494263181197,CD8 T,CD8_T,0.04622106392764065,0.028254288597376387,0.017966775330264265
DPYD-AS1,2.821959,0.3190001,0.004773129342195185,0.014563323698536032,CD8 T,CD8_T,0.13145791813582705,0.11468213925327952,0.016775778882547526
CDHR3,2.815829,0.3292548,0.004865153280261728,0.01482148752554982,CD8 T,CD8_T,0.14479533956768356,0.13037336024217963,0.01442197932550393
RP11-190P13.2,2.8104734,1.0420675,0.004946865498525793,0.01505895128927182,CD8 T,CD8_T,0.039552353211712396,0.021392532795156412,0.018159820416555984
DOCK10,2.8032637,0.06525927,0.005058829755673786,0.015376382236090533,CD8 T,CD8_T,0.5614747815422352,0.5657921291624622,-0.004317347620227063
NUAK1,2.7917225,1.532289,0.005242830855689186,0.015911474524094645,CD8 T,CD8_T,0.029510961214165257,0.011402623612512616,0.01810833760165264
FAM179A,2.787157,1.5285338,0.005317270279975034,0.01612515626982573,CD8 T,CD8_T,0.030354131534569978,0.012310797174571144,0.018043334359998834
RCAN2,2.7704265,2.0468407,0.005598291446886199,0.016964519536018786,CD8 T,CD8_T,0.025678368848689247,0.007719475277497478,0.01795889357119177
PCCA,2.7699995,0.2822748,0.005605639185907686,0.016973926376707603,CD8 T,CD8_T,0.18672390004599107,0.17578203834510597,0.010941861700885097
AC006960.7,2.7619596,1.4325595,0.005745560549647329,0.01738444946943216,CD8 T,CD8_T,0.030430783381879496,0.01251261352169526,0.017918169860184234
APOBEC3H,2.758675,1.5400017,0.0058036207200943615,0.0175468502497184,CD8 T,CD8_T,0.029434309366855736,0.011553985872855704,0.017880323494000032
SLC35G2,2.7567132,0.7668956,0.005838553215074666,0.017639133580286,CD8 T,CD8_T,0.0536562931166641,0.03617558022199798,0.01748071289466612
CBR4,2.7526333,0.33259583,0.00591180819069173,0.01784696812284296,CD8 T,CD8_T,0.1582860646941591,0.14591321897073664,0.012372845723422454
NHSL2,2.7423148,1.7360735,0.006100784328201749,0.018403572634092757,CD8 T,CD8_T,0.02774796872604629,0.009989909182643796,0.017758059543402496
RP11-81N13.1,2.712856,0.816692,0.006670607548268517,0.02004690472807969,CD8 T,CD8_T,0.04645101946956921,0.028960645812310795,0.017490373657258418
DAB1,2.6963615,0.6112942,0.0070101544386392675,0.021004208055847993,CD8 T,CD8_T,0.06438755173999693,0.047376387487386484,0.017011164252610442
ZEB1,2.6834912,-0.08220797,0.007285789388577658,0.021797425246305634,CD8 T,CD8_T,0.7127855281312279,0.7551967709384462,-0.04241124280721831
ADCY7,2.6799786,0.3470684,0.0073626860838771,0.021994581281186257,CD8 T,CD8_T,0.13567376973785067,0.12159434914228051,0.014079420595570158
RP11-197K3.1,2.6427188,0.47201768,0.0082243305449977,0.024404541676551036,CD8 T,CD8_T,0.07642189176759158,0.05973763874873865,0.01668425301885293
ZSWIM5,2.6220083,0.41191575,0.008741332367978354,0.025900244053269194,CD8 T,CD8_T,0.1096121416526138,0.0949545913218971,0.01465755033071671
AFAP1,2.6171653,0.44191355,0.00886633758481557,0.026251184559039437,CD8 T,CD8_T,0.09412846849609074,0.0786074672048436,0.015521001291247144
IRAK1BP1,2.6003778,0.5012553,0.009312115330944929,0.027530274444774364,CD8 T,CD8_T,0.07473555112678215,0.058476286579212916,0.016259264547569235
RP11-357H14.17,2.5878296,2.5365856,0.009658274088428691,0.028532567469508687,CD8 T,CD8_T,0.02153916909397516,0.004742684157416752,0.016796484936558408
RP11-463D19.1,2.5789175,0.31465966,0.00991104563965101,0.029236122830828933,CD8 T,CD8_T,0.12049670397056567,0.10509586276488397,0.015400841205681692
PTPRE,2.5737472,0.13458702,0.01006037308288822,0.029632910406150865,CD8 T,CD8_T,0.32508048443967497,0.32618567103935425,-0.0011051865996792865
ADAM22,2.5607207,0.84463096,0.010445529099309462,0.030677031128662147,CD8 T,CD8_T,0.043921508508355044,0.02749747729566095,0.016424031212694094
FKBP5,2.5599043,0.11356618,0.01047009729654691,0.030726624494635098,CD8 T,CD8_T,0.4337728039245745,0.42164480322906167,0.012128000695512842
DYNC2H1,2.558643,0.5452259,0.010508159291351295,0.030815716396924618,CD8 T,CD8_T,0.07013644028821095,0.0542885973763875,0.01584784291182345
SPATA6L,2.5545144,0.6782393,0.010633606007828611,0.03116075020609117,CD8 T,CD8_T,0.05204660432316418,0.03567103935418769,0.01637556496897649
PIK3R5,2.5451787,0.10793105,0.010922187226297932,0.03198297870072601,CD8 T,CD8_T,0.3941437988655526,0.3814833501513623,0.012660448714190309
ST6GALNAC3,2.5369253,0.34767056,0.011183080326553543,0.03270278357240059,CD8 T,CD8_T,0.1034799938678522,0.08779011099899092,0.015689882868861277
APOBEC3C,2.5351102,0.4188891,0.011241194747775511,0.03284498100153546,CD8 T,CD8_T,0.11045531197301853,0.09717457114026239,0.013280740832756141
ARHGEF28,2.5347235,1.7012635,0.011253613148660177,0.032857264667620956,CD8 T,CD8_T,0.025371761459451168,0.008930373360242178,0.01644138809920899
KAT2B,2.5336106,0.25174662,0.011289410254161036,0.03293773961826706,CD8 T,CD8_T,0.2084930246818948,0.20186680121089814,0.006626223470996645
ZNF569,2.5320265,0.2568629,0.01134053769197205,0.03303871141142622,CD8 T,CD8_T,0.15315039092442123,0.13890010090817356,0.014250290016247669
CDC14B,2.4997427,0.72720766,0.012428351770991872,0.03610269214521967,CD8 T,CD8_T,0.05235321171240226,0.03657921291624622,0.01577399879615604
AP4B1-AS1,2.4847715,0.40899467,0.012963458927084186,0.03752086520140141,CD8 T,CD8_T,0.08929940211559098,0.07411705348133199,0.01518234863425899
AC037445.1,2.479883,0.7176257,0.01314255105917366,0.03798425161610885,CD8 T,CD8_T,0.047294189789973934,0.031331987891019174,0.01596220189895476
CTC-548K16.5,2.4750533,0.5475823,0.0133216333569932,0.03841855330062927,CD8 T,CD8_T,0.06316112218304461,0.047426841574167516,0.01573428060887709
LYST,2.4557958,0.10887609,0.014057298271650935,0.0404817804799163,CD8 T,CD8_T,0.3885482140119576,0.39515640766902127,-0.006608193657063666
SNTB1,2.4488022,0.13132983,0.014333212593732254,0.041217002426260974,CD8 T,CD8_T,0.32715008431703196,0.3182643794147326,0.00888570490229934
EYS,2.44037,0.3361469,0.014672218975940737,0.04207087878405946,CD8 T,CD8_T,0.09688793499923345,0.0813824419778002,0.015505493021433253
SUGCT,2.4384975,0.6359671,0.014748463520670024,0.04225920779561612,CD8 T,CD8_T,0.055879196688640186,0.04041372351160444,0.015465473177035748
S1PR5,2.4335601,0.49917382,0.0149511525913049,0.04277869124836881,CD8 T,CD8_T,0.06569063314425877,0.05020181634712413,0.015488816797134639
DTNB,2.4287162,0.16048516,0.015152393178573611,0.043292551938781745,CD8 T,CD8_T,0.266288517553273,0.2578203834510595,0.008468134102213476
HLTF,2.4117777,0.41171563,0.01587495791298227,0.04526003681534504,CD8 T,CD8_T,0.09489498696918594,0.08072653884964683,0.014168448119539115
CRADD,2.4073954,0.19245327,0.016066768507983258,0.04570915649497371,CD8 T,CD8_T,0.2517246665644642,0.2477295660948537,0.003995100469610491
LIPE-AS1,2.3985112,0.34935957,0.016461877721847012,0.046766698073429015,CD8 T,CD8_T,0.106546067760233,0.09243188698284563,0.014114180777387367
AL163953.3,2.3964596,0.45122507,0.016554321711700473,0.046995945242584734,CD8 T,CD8_T,0.07734171393530583,0.062462159434914226,0.0148795545003916
DUSP2,2.3798528,0.30125317,0.017319561209106354,0.04913350697618824,CD8 T,CD8_T,0.17476621186570593,0.16715438950554998,0.007611822360155951
AF131217.1,2.370647,0.399601,0.01775697949557971,0.05026745787849882,CD8 T,CD8_T,0.07849149164494863,0.06342078708375379,0.015070704561194845
AP000462.2,2.3670459,1.8967886,0.01793070683445325,0.050687510486086926,CD8 T,CD8_T,0.022765598650927484,0.007416750756811301,0.015348847894116183
NIFK-AS1,2.3583708,0.3387615,0.018355344168869837,0.05181466243858811,CD8 T,CD8_T,0.11819714855128005,0.10499495459132191,0.013202193959958142
CD300A,2.325879,0.5609536,0.0200250040888746,0.05621053779333221,CD8 T,CD8_T,0.05342633757473554,0.038395560040363264,0.015030777534372278
FUT8,2.3220212,0.161637,0.02023178954585805,0.05675116282148121,CD8 T,CD8_T,0.25494404415146404,0.2470736629667003,0.007870381184763742
RP11-61O1.1,2.3173442,1.7661748,0.02048498930524137,0.05736783977396032,CD8 T,CD8_T,0.02261229495630844,0.007568113017154389,0.015044181939154052
OTUD7B,2.3156438,0.37175605,0.02057772705541204,0.05756007567947424,CD8 T,CD8_T,0.10485972711942355,0.09177598385469224,0.013083743264731315
ARL15,2.3048828,0.06960335,0.021173145340835187,0.0591841938248363,CD8 T,CD8_T,0.4281772190709795,0.43920282542885986,-0.011025606357880358
PYHIN1,2.2892895,0.1042144,0.02206254195414907,0.06145554861879964,CD8 T,CD8_T,0.36670243752874443,0.37366296670030275,-0.006960529171558316
CYBA,2.2825406,0.023619445,0.022457445411903598,0.0624685546923605,CD8 T,CD8_T,0.7511881036332975,0.7564076690211909,-0.005219565387893477
TGFBR1,2.2815056,0.1896186,0.02251854749922472,0.06259498957393946,CD8 T,CD8_T,0.2548673923041545,0.25565085771947527,-0.000783465415320761
SLC7A5,2.2787483,0.27978933,0.022682040230850697,0.06300566730791861,CD8 T,CD8_T,0.19461904031887162,0.1902623612512614,0.004356679067610225
SYNGR1,2.2717996,0.5650326,0.023098612812735377,0.06407382194933531,CD8 T,CD8_T,0.060478307527211395,0.046367305751765904,0.01411100177544549
KIAA0825,2.2711158,0.58659124,0.023139967992376467,0.06414405541892299,CD8 T,CD8_T,0.05817875210792579,0.04394550958627649,0.014233242521649293
IFIT2,2.2705224,0.27898565,0.023175913949101457,0.06419920761523949,CD8 T,CD8_T,0.1096121416526138,0.09550958627648841,0.014102555376125397
ANKAR,2.26277,0.21214312,0.023649877106899857,0.06537630160856905,CD8 T,CD8_T,0.18940671470182427,0.1789606458123108,0.010446068889513466
CLSTN3,2.261553,0.6099254,0.023725028393143825,0.06549352213428247,CD8 T,CD8_T,0.0544228115897593,0.0401614530776993,0.01426135851206
PVRL3,2.2556467,0.39346054,0.02409276369254915,0.0664169915714656,CD8 T,CD8_T,0.08684654300168632,0.07320887991927347,0.013637663082412849
CTD-2113L7.1,2.2535458,0.4628485,0.024224753046882614,0.0667348568784645,CD8 T,CD8_T,0.0643108998926874,0.04989909182643795,0.014411808066249449
DPH6,2.2479663,0.2555726,0.02457834099229641,0.06766232895332804,CD8 T,CD8_T,0.15023762072665947,0.13834510595358224,0.011892514773077234
MAK,2.2401028,0.41197416,0.02508424975388544,0.06891277404913583,CD8 T,CD8_T,0.08500689866625784,0.07159434914228052,0.013412549523977316
BACH2,2.237238,-0.070842244,0.025270798828878935,0.06933003793931121,CD8 T,CD8_T,0.7094894986969185,0.7439455095862766,-0.034456010889358124
SRPK2,2.2310047,0.0075744586,0.025680817158772004,0.07040662689176697,CD8 T,CD8_T,0.5991108385712094,0.6201816347124118,-0.02107079614120244
AC021188.4,2.2173324,0.61953145,0.026600391026646745,0.0727780876242045,CD8 T,CD8_T,0.05457611528437835,0.04076690211907165,0.0138092131653067
ABAT,2.2138803,0.31423017,0.02683701053369355,0.0732751140851701,CD8 T,CD8_T,0.13682354744749348,0.12633703329969728,0.010486514147796194
RAP2C-AS1,2.1969454,0.2365183,0.028024336526260362,0.07636058998981025,CD8 T,CD8_T,0.18404108539015787,0.17608476286579217,0.007956322524365705
GIPR,2.1954608,1.0619215,0.028130561948837923,0.07654574679955897,CD8 T,CD8_T,0.030354131534569978,0.016145307769929364,0.014208823764640614
CHODL,2.1761131,0.5027771,0.02954680173193779,0.08023571413968171,CD8 T,CD8_T,0.060478307527211395,0.04672048435923311,0.013757823167978286
CCL4,2.1646051,0.1342661,0.030417931938520732,0.08243341988759006,CD8 T,CD8_T,0.19339261076191933,0.17870837537840567,0.014684235383513655
TGFB1,2.1577032,0.03758994,0.030950925761133122,0.08370770996925793,CD8 T,CD8_T,0.4579181358270733,0.4873864783047428,-0.029468342477669496
OVCH1-AS1,2.1536658,1.0397066,0.03126638465018687,0.08450374229780236,CD8 T,CD8_T,0.0319638203280699,0.018113017154389507,0.013850803173680395
MYO3B,2.151262,2.1084788,0.031455528105957746,0.08495753708563875,CD8 T,CD8_T,0.019852828453165716,0.005903128153380426,0.01394970029978529
RP11-887P2.5,2.1317866,0.43247727,0.03302439389531295,0.08913466638411052,CD8 T,CD8_T,0.07519546221063926,0.062209889001009086,0.012985573209630175
SMC1B,2.1216998,0.33340022,0.03386295097263181,0.09127480046531486,CD8 T,CD8_T,0.08945270581021,0.07633703329969727,0.013115672510512738
ENC1,2.1162117,1.0788192,0.03432680099756522,0.09234954389968804,CD8 T,CD8_T,0.0319638203280699,0.01836528758829465,0.013598532739775251
BZRAP1,2.116163,0.5544515,0.03433094294470903,0.09234954389968804,CD8 T,CD8_T,0.05771884102406867,0.04450050454086782,0.013218336483200852
RAP1GAP2,2.1035113,0.77575135,0.03542109058757694,0.09509017607403206,CD8 T,CD8_T,0.03962900505902192,0.026135216952573162,0.01349378810644876
B3GAT1,2.0992396,1.5689201,0.035795792562413636,0.09596727228529126,CD8 T,CD8_T,0.021615820941284683,0.007971745711402625,0.013644075229882058
SCARNA17,2.0734115,0.52274173,0.03813399260206191,0.10196254706433666,CD8 T,CD8_T,0.05219990801778322,0.038900100908173564,0.013299807109609658
SLC4A4,2.0665867,0.9939969,0.03877311805076799,0.10360218584039542,CD8 T,CD8_T,0.03089069446573662,0.017558022199798184,0.013332672265938435
NPC1,2.0582817,0.079224795,0.03956309453445055,0.10557196673635905,CD8 T,CD8_T,0.3831825847002912,0.40055499495459146,-0.017372410254300252
SNED1,2.0451596,0.15957591,0.040839131896923384,0.10875933927276533,CD8 T,CD8_T,0.1956155143338954,0.18430877901109993,0.01130673532279547
CEP290,2.0295002,0.21893111,0.04240735441522493,0.11278551706176844,CD8 T,CD8_T,0.18772037406101483,0.18057517658930378,0.007145197471711051
UBE3D,2.0247738,0.25239682,0.04289058196654623,0.11399490223666772,CD8 T,CD8_T,0.12754867392304153,0.11589303733602421,0.01165563658701732
USP28,2.0143278,0.37219667,0.04397513523753343,0.1167998279881366,CD8 T,CD8_T,0.10202360876897132,0.09147325933400607,0.010550349434965245
POT1-AS1,1.981925,0.5604187,0.047487631839014825,0.12587841441753433,CD8 T,CD8_T,0.04721753794266441,0.03451059535822402,0.01270694258444039
SAMSN1,1.9756426,0.0442047,0.04819527282404253,0.12758510343889487,CD8 T,CD8_T,0.48198681588226266,0.4967204843592332,-0.014733668476970552
NCR1,1.9673294,0.30302048,0.049145254033005535,0.1300138995582157,CD8 T,CD8_T,0.07634523992028205,0.06337033299697276,0.012974906923309298
DKK3,1.9642606,1.2223887,0.04949987796719671,0.1307376644005687,CD8 T,CD8_T,0.024758546680975005,0.012058526740665997,0.012700019940309008
LINC-PINT,1.9557744,-0.0033796541,0.05049172685923622,0.13313573331374087,CD8 T,CD8_T,0.8785068220144104,0.8886478304742687,-0.010141008459858214
FBXL20,1.9480275,0.05717038,0.05141167729845908,0.13547214044389744,CD8 T,CD8_T,0.41552966426490867,0.42764883955600413,-0.012119175291095463
TIGIT,1.9410878,0.2593496,0.052247618172947013,0.13745204152368107,CD8 T,CD8_T,0.1080791047064234,0.09626639757820385,0.011812707128219552
TET1,1.9383851,0.6420192,0.05257625261211454,0.13817674799504479,CD8 T,CD8_T,0.04093208646328376,0.028456104944500505,0.012475981518783253
RP5-1073O3.2,1.9378029,0.5773927,0.052647276746902956,0.13827255875746017,CD8 T,CD8_T,0.04606776023302161,0.03370332996972755,0.012364430263294056
AC006369.2,1.9316398,0.21169278,0.05340397445825007,0.1400759985790166,CD8 T,CD8_T,0.20113444734018088,0.19636730575176595,0.00476714158841493
SMAD7,1.9249141,0.28179377,0.05424009826885588,0.14208277215155438,CD8 T,CD8_T,0.1467882875977311,0.1391019172552977,0.007686370342433413
ABCA2,1.8906566,0.79761195,0.05867020761869274,0.15298619978798628,CD8 T,CD8_T,0.03449333128928407,0.022351160443995967,0.012142170845288104
NMNAT3,1.8881772,0.4051276,0.05900216759963463,0.1537515768068655,CD8 T,CD8_T,0.06400429250344933,0.05206861755802221,0.011935674945427119
RP11-284M14.1,1.8801296,0.27369016,0.06009042612709504,0.15628199252820557,CD8 T,CD8_T,0.106546067760233,0.09561049445005047,0.010935573310182523
CORO2A,1.8703618,0.2904613,0.06143358676015359,0.15956775781858076,CD8 T,CD8_T,0.10455311973018547,0.09389505549949548,0.01065806423068999
DTWD2,1.8696026,0.34453794,0.06153903353548043,0.1597379196248681,CD8 T,CD8_T,0.08868618733711481,0.07780020181634713,0.01088598552076768
CAMK2N1,1.8590494,0.67792577,0.06302013866095549,0.16315893504454496,CD8 T,CD8_T,0.04062547907404568,0.02880928355196771,0.01181619552207797
LRFN2,1.8491884,1.3134513,0.06443061109592552,0.16648736717293414,CD8 T,CD8_T,0.02153916909397516,0.009535822401614533,0.012003346692360629
SLFN11,1.8330325,0.5347099,0.06679773637293802,0.17249254066607625,CD8 T,CD8_T,0.057948796565997225,0.046821392532795165,0.01112740403320206
C11orf49,1.8066485,0.108652815,0.07081710886132206,0.1821661964278381,CD8 T,CD8_T,0.3251571362869845,0.3325933400605449,-0.0074362037735604125
OPRM1,1.8003006,0.14401492,0.07181317877323594,0.18449114649514692,CD8 T,CD8_T,0.18197148551280085,0.17083753784056513,0.011133947672235717
PRDM5,1.7884107,2.7109745,0.07370977413789268,0.18881875520319033,CD8 T,CD8_T,0.014103939904951707,0.0024722502522704338,0.011631689652681272
TWSG1,1.7882621,0.44381815,0.07373372390684582,0.18881875520319033,CD8 T,CD8_T,0.07925801011804384,0.06922300706357215,0.010035003054471692
TESPA1,1.7794677,0.08906836,0.07516312231842819,0.19223304940774472,CD8 T,CD8_T,0.406868005518933,0.39944500504540875,0.007423000473524233
RUNDC3B,1.7774951,0.599541,0.07548681472962779,0.19293754563483143,CD8 T,CD8_T,0.039015790280545755,0.02754793138244198,0.011467858898103776
DCAF10,1.7656289,0.08392105,0.07745812647838791,0.1977233605064146,CD8 T,CD8_T,0.3677755633910777,0.38092835519677104,-0.013152791805693342
SLC16A10,1.7542167,0.15815997,0.07939339382341194,0.20240508304247787,CD8 T,CD8_T,0.17760233021615818,0.1679112008072654,0.009691129408892774
MMS22L,1.7515038,0.20711239,0.07985917005446518,0.20337369942232725,CD8 T,CD8_T,0.16142879043384945,0.15383451059535824,0.0075942798384912025
PHLDB2,1.7508104,0.4625038,0.07997857103317697,0.20350781433378365,CD8 T,CD8_T,0.05342633757473554,0.04233097880928356,0.01109535876545198
KIAA1377,1.7403612,0.3718126,0.08179560534787939,0.20786684967694888,CD8 T,CD8_T,0.06791353671623485,0.05716448032290615,0.010749056393328696
KIAA1324L,1.7364993,0.38078755,0.08247558311414978,0.20906358203840247,CD8 T,CD8_T,0.0764985436149011,0.06634712411705349,0.010151419497847619
MBNL3,1.735683,0.21200186,0.08261990506972504,0.20916431663221527,CD8 T,CD8_T,0.1441821247892074,0.13536831483350154,0.008813809955705854
CCDC171,1.723313,0.5740007,0.08483194797868893,0.2143574175077421,CD8 T,CD8_T,0.044688026981450246,0.03375378405650858,0.010934242924941669
RP11-553L6.2,1.715841,0.35411376,0.08619114433683081,0.2176544048909869,CD8 T,CD8_T,0.06638049977004445,0.05554994954591322,0.010830550224131236
ST3GAL5,1.7093583,0.18411015,0.08738459321589054,0.22011481892886578,CD8 T,CD8_T,0.1910930553426337,0.18622603430877904,0.004867021033854668
PRKCA,1.705317,0.07293524,0.08813532139865983,0.22186361585565723,CD8 T,CD8_T,0.48030047524145325,0.4744702320887993,0.005830243152653958
GLCCI1,1.6812216,0.079331756,0.09271988603195135,0.23223515599737343,CD8 T,CD8_T,0.4016556799018856,0.3989909182643795,0.002664761637506119
DFNB31,1.6737199,0.5469215,0.09418565456144994,0.23546413640362482,CD8 T,CD8_T,0.05641575961980683,0.04646821392532796,0.009947545694478865
TMEM71,1.6639534,0.24935627,0.09612173630420663,0.24011227540656166,CD8 T,CD8_T,0.10332669017323315,0.09339051463168518,0.009936175541547965
RP11-679C8.2,1.6618632,0.50824714,0.09654019889814307,0.24077358703369028,CD8 T,CD8_T,0.049593745209259535,0.03915237134207871,0.010441373867180824
ANGPT2,1.6405923,0.21905482,0.10088205992977549,0.2506386582106223,CD8 T,CD8_T,0.1244059481833512,0.11553985872855702,0.008866089454794182
KCNIP4,1.6354346,0.7951839,0.1019579688468537,0.25299744130732926,CD8 T,CD8_T,0.032730338801165104,0.022300706357214938,0.010429632443950166
CTB-133G6.1,1.6319393,0.13581482,0.10269227625274469,0.25466156541288204,CD8 T,CD8_T,0.18427104093208643,0.17462159434914232,0.009649446582944116
RP11-462L8.1,1.6217058,0.97652215,0.10486635819215456,0.25940966776043184,CD8 T,CD8_T,0.029817568603403337,0.019525731584258327,0.01029183701914501
IL9R,1.5927503,1.0258642,0.11121622028249206,0.2737317768584699,CD8 T,CD8_T,0.022918902345546523,0.012613521695257316,0.010305380650289207
RP11-17A1.3,1.592502,0.40043554,0.11127196729296801,0.2737317768584699,CD8 T,CD8_T,0.05005365629311666,0.03975782038345106,0.010295835909665596
CRY1,1.5918288,0.12672208,0.1114231819422861,0.2739352967235061,CD8 T,CD8_T,0.2790893760539629,0.28123107971745714,-0.0021417036634942543
DMGDH,1.5765754,0.28935945,0.11489326212948517,0.2816011326703068,CD8 T,CD8_T,0.07680515100413918,0.06695257315842583,0.009852577845713348
HIST1H1D,1.5731376,0.23197716,0.11568694343328811,0.2827173465517453,CD8 T,CD8_T,0.1096121416526138,0.10075681130171546,0.008855330350898347
ST8SIA6-AS1,1.5719767,1.1721072,0.11595595037106295,0.2831647139708497,CD8 T,CD8_T,0.020082783995094278,0.009889001009081737,0.010193782986012541
RNF19A,1.5546058,-0.011005429,0.12003998233620553,0.29135918042768333,CD8 T,CD8_T,0.5457611528437835,0.5798688193743695,-0.034107666530586056
RP11-68I3.2,1.5533254,0.10428863,0.1203454099675464,0.2917402640420646,CD8 T,CD8_T,0.2879809903418672,0.2848637739656912,0.003117216376176013
EHBP1,1.532228,0.19004531,0.1254661710754407,0.30305838424019493,CD8 T,CD8_T,0.1661812049670397,0.16039354187689203,0.0057876630901476656
LLGL2,1.5278593,0.3380981,0.126547471000988,0.3054857477392589,CD8 T,CD8_T,0.08661658745975775,0.07825428859737639,0.008362298862381365
SCFD2,1.5272741,0.1257998,0.12669287018717057,0.30565228030680475,CD8 T,CD8_T,0.24865859267208335,0.24601412714429868,0.002644465527784662
DOCK3,1.5142778,0.30802897,0.12995538893646483,0.3127686857676651,CD8 T,CD8_T,0.07243599570749654,0.06301715438950556,0.009418841317990978
PMEPA1,1.5106459,0.14894003,0.13087870772465937,0.3148014617550436,CD8 T,CD8_T,0.222673616434156,0.22008072653884966,0.002592889895306344
AMICA1,1.4971404,0.17006625,0.13435672811753502,0.32258518155470595,CD8 T,CD8_T,0.13352751801318408,0.12441977800201817,0.009107740011165905
TMCC3,1.4897736,0.50771767,0.13628376395856348,0.32681957783828175,CD8 T,CD8_T,0.07887475088149623,0.07184661957618567,0.0070281313053105615
PPP1R13B,1.4721514,0.19221877,0.14097999888042817,0.3372727245943258,CD8 T,CD8_T,0.15659972405334965,0.15070635721493442,0.005893366838415237
RP11-81H14.2,1.469593,0.5687176,0.14167201122155795,0.3387256693880644,CD8 T,CD8_T,0.04583780469109305,0.036831483350151364,0.009006321340941682
AGFG2,1.4617034,0.3782223,0.14382250136709823,0.34366189096080824,CD8 T,CD8_T,0.0635443814195922,0.05474268415741676,0.008801697262175445
CLYBL,1.4569235,0.21714245,0.1451374863741331,0.3461836287993634,CD8 T,CD8_T,0.11789054116204198,0.11004036326942483,0.007850177892617147
PLEKHG6,1.4538257,0.9098829,0.14599463962765222,0.3478133165637932,CD8 T,CD8_T,0.023225509734784603,0.013824419778002018,0.009401089956782585
CAPS2,1.4461089,0.6292703,0.14814663884989002,0.351474825266643,CD8 T,CD8_T,0.03219377586999846,0.022906155398587293,0.00928762047141117
SH3RF2,1.4441875,2.487738,0.14868623435884606,0.35233704824371104,CD8 T,CD8_T,0.012110991874904182,0.0027245206861755793,0.009386471188728603
TMLHE-AS1,1.4433047,0.30281022,0.14893467730379412,0.35271682013924005,CD8 T,CD8_T,0.0680668404108539,0.0591321897073663,0.008934650703487597
BRIP1,1.4280708,0.43283752,0.1532714722740766,0.3619161092658243,CD8 T,CD8_T,0.04951709336195001,0.04061553985872857,0.008901553503221443
ISPD,1.424538,0.6454817,0.15429077459765303,0.36402062589707973,CD8 T,CD8_T,0.029281005672236696,0.02008072653884965,0.009200279133387047
WEE2-AS1,1.4150437,0.43782872,0.15705568994662175,0.3697603059367198,CD8 T,CD8_T,0.044151464050283605,0.03511604439959637,0.009035419650687236
ADRB2,1.4092805,0.68690026,0.15875224150958378,0.3728766682550412,CD8 T,CD8_T,0.033266901732331745,0.02431886982845611,0.008948031903875636
HIBADH,1.4029868,0.1781937,0.16062078724417783,0.37660208029115555,CD8 T,CD8_T,0.18235474474934843,0.17865792129162464,0.0036968234577237913
SOX13,1.401871,1.0764964,0.1609537833108604,0.37716176522755807,CD8 T,CD8_T,0.02138586539935612,0.012361251261352173,0.009024614138003949
RP11-174G6.1,1.3809221,0.309591,0.16730290881971432,0.3913518334964078,CD8 T,CD8_T,0.07212938831825846,0.06387487386478305,0.008254514453475414
CLIC5,1.3767583,0.3366974,0.16858696520471372,0.39412499171177956,CD8 T,CD8_T,0.07205273647094895,0.06407669021190716,0.007976046259041789
GK5,1.3516476,0.3117258,0.17648808689318585,0.4114132023156959,CD8 T,CD8_T,0.06630384792273493,0.058022199798183655,0.008281648124551275
RP11-130F10.1,1.3440764,0.43811205,0.1789236778094324,0.41634363655481654,CD8 T,CD8_T,0.04652767131687873,0.03809283551967709,0.00843483579720164
CTD-2384B11.2,1.3423266,0.8357241,0.17949010034601942,0.4173351974706913,CD8 T,CD8_T,0.022995554192856045,0.014328960645812312,0.008666593547043733
YPEL1,1.3413208,0.19024232,0.17981632402622516,0.41769180958472746,CD8 T,CD8_T,0.12317951862639887,0.11548940464177598,0.007690113984622882
TRPC3,1.3397213,1.7651087,0.18033595179582362,0.4186557209421326,CD8 T,CD8_T,0.012800858500689863,0.004086781029263371,0.008714077471426492
FAM53B-AS1,1.3346568,0.6415313,0.181988668634243,0.42151399799477246,CD8 T,CD8_T,0.03027747968726046,0.021745711402623616,0.008531768284636844
AMPH,1.3164138,0.9865608,0.18803520358343218,0.4337605618994975,CD8 T,CD8_T,0.019622872911237158,0.01109989909182644,0.008522973819410718
GRAMD1C,1.2959819,0.5693453,0.1949817457588532,0.4487497025520211,CD8 T,CD8_T,0.03947570136440287,0.031533804238143295,0.007941897126259576
CENPP,1.2922916,0.13964105,0.19625617534315676,0.4514230600187619,CD8 T,CD8_T,0.20320404721753793,0.20045408678102933,0.0027499604365086028
AC105461.1,1.274134,0.305118,0.20261591415005709,0.4652489417911759,CD8 T,CD8_T,0.06262455925187796,0.05474268415741676,0.0078818750944612
YPEL4,1.2645577,1.0873344,0.20602993545372061,0.472370185666576,CD8 T,CD8_T,0.016940058255403952,0.008728557013118064,0.008211501242285889
ST3GAL3,1.2628858,0.14568016,0.20663024014613718,0.4733361413821058,CD8 T,CD8_T,0.19952475854668095,0.1974772956609486,0.0020474628857323485
PRB2,1.2580951,0.90101725,0.20835733283168645,0.47679023531278364,CD8 T,CD8_T,0.019852828453165716,0.011705348133198791,0.008147480319966925
ZNF609,1.2527955,0.06902176,0.21028015977813574,0.4806403652071674,CD8 T,CD8_T,0.351908630998007,0.36281533804238153,-0.01090670704437452
TMLHE,1.2468362,0.21762218,0.21245756294566787,0.48484489678253967,CD8 T,CD8_T,0.11911697071899431,0.11347124117053481,0.005645729548459502
NTNG2,1.2467661,0.7265354,0.21248327601494799,0.48484489678253967,CD8 T,CD8_T,0.023455465276713165,0.015388496468213926,0.008066968808499239
AF146191.4,1.2255332,0.40923277,0.22037437017700745,0.5008479994876427,CD8 T,CD8_T,0.04116204200521232,0.03335015136226034,0.007811890642951978
CENPF,1.2147074,0.78164184,0.22447771185269405,0.509308478395222,CD8 T,CD8_T,0.02314885788747508,0.015338042381432895,0.007810815506042186
DNAJC1,1.201704,0.045209717,0.2294782284093444,0.519769486770882,CD8 T,CD8_T,0.39176759159895747,0.41559031281533815,-0.023822721216380682
SERINC5,1.1801034,0.0004641198,0.237959097211641,0.535943912638831,CD8 T,CD8_T,0.5206193469262608,0.5433905146316853,-0.022771167705424533
TTC38,1.1654525,0.35815537,0.243835898432464,0.5479458391740764,CD8 T,CD8_T,0.0509734784608309,0.04374369323915238,0.007229785221678518
GDPD1,1.1608479,0.40132555,0.24570378076268862,0.5515236380756198,CD8 T,CD8_T,0.039935612448259994,0.03254288597376388,0.007392726474496111
STYK1,1.1592205,1.4975924,0.24636632007243153,0.5523908521803398,CD8 T,CD8_T,0.012724206653380343,0.005196770938446016,0.007527435714934327
SLC35D1,1.1340604,0.16203332,0.2567692247606741,0.5737859771188248,CD8 T,CD8_T,0.16303847922734938,0.1597880928355197,0.003250386391829674
GTSCR1,1.1306232,1.0797776,0.25821369238396896,0.5757272962853266,CD8 T,CD8_T,0.014027288057642185,0.006659939455095862,0.007367348602546323
SNTG2,1.1063573,1.8437583,0.2685718892788972,0.5974902987294709,CD8 T,CD8_T,0.01042465123409474,0.003229061553985873,0.007195589680108867
MAP2K6,1.0991142,0.39928442,0.27171828229100337,0.6034831366818509,CD8 T,CD8_T,0.04790740456845009,0.04122098890010091,0.006686415668349183
TRPC1,1.0959235,0.3716705,0.2731122100410449,0.606242419624961,CD8 T,CD8_T,0.03855587919668863,0.031533804238143295,0.0070220749585453365
FAM19A1,1.0843824,1.0055913,0.27819528550444284,0.6158169020574275,CD8 T,CD8_T,0.01571362869845163,0.008678102926337035,0.007035525772114595
FTO,1.075563,0.06961248,0.28212276202934805,0.6221009085542405,CD8 T,CD8_T,0.33044611375134136,0.342936427850656,-0.012490314099314614
RGS9,1.0719553,0.6584972,0.2837400976203699,0.6253225291908978,CD8 T,CD8_T,0.023838724513260766,0.016952573158425834,0.006886151354834932
RPLP0,1.0672088,0.106223464,0.2858775917936137,0.6296863255365941,CD8 T,CD8_T,0.9239613674689559,0.9110998990918266,0.012861468377129204
RP11-204N11.1,1.066816,1.3797144,0.2860549315587959,0.6297301740424787,CD8 T,CD8_T,0.011881036332975622,0.004944500504540868,0.006936535828434754
RN7SL1,1.0645292,0.11736605,0.28708905660954154,0.6313118342155943,CD8 T,CD8_T,0.24789207419898818,0.2509081735620586,-0.0030160993630704014
DNAJC6,1.0551982,0.5233595,0.29133470870670386,0.6402960630916568,CD8 T,CD8_T,0.04246512340947416,0.03617558022199798,0.006289543187476182
SLC13A3,1.0464369,0.48012468,0.2953593458586129,0.6484288602823554,CD8 T,CD8_T,0.03257703510654607,0.025933400605449047,0.0066436345010970205
SKAP1,1.0421098,0.043651253,0.2973607736497771,0.6524646706522811,CD8 T,CD8_T,0.5080484439674996,0.5069122098890011,0.0011362340784984992
GOLM1,1.033553,0.38856235,0.3013451932176945,0.6601209051866254,CD8 T,CD8_T,0.04652767131687873,0.04021190716448033,0.006315764152398401
PTGDR,1.0260454,0.47995365,0.3048701852120421,0.6660189737018943,CD8 T,CD8_T,0.030124175992641417,0.02356205852674067,0.006562117465900748
EPDR1,1.0249255,1.4023273,0.30539836897099415,0.666808665875533,CD8 T,CD8_T,0.011804384485666102,0.0051463168516649865,0.006658067634001116
GBP5,1.0031127,0.06250784,0.31580648045109494,0.686909147256324,CD8 T,CD8_T,0.3189483366549134,0.31367305751765895,0.005275279137254452
PLCB1,1.0022887,0.09208005,0.31620420728332044,0.6870657113780951,CD8 T,CD8_T,0.2735704430476774,0.27250252270433906,0.0010679203433383577
TENM1,0.99934524,0.19302216,0.3176274663642258,0.6891976582289762,CD8 T,CD8_T,0.07120956615054422,0.0649848637739657,0.006224702376578517
GALM,0.99840593,0.15104388,0.31808256215887365,0.6896098908593467,CD8 T,CD8_T,0.17898206346772955,0.1784561049445005,0.0005259585232290365
GMDS,0.9932577,0.08272361,0.32058439286120344,0.6935303252811323,CD8 T,CD8_T,0.27134753947570134,0.2718970736629667,-0.000549534187265388
PALLD,0.98800784,0.44854853,0.32314880417991876,0.6987001171457703,CD8 T,CD8_T,0.04169860493637896,0.03572149344096871,0.005977111495410248
ACTG1,0.984563,0.02373182,0.32483876418484847,0.7019746389732003,CD8 T,CD8_T,0.5923654760079717,0.5939959636730576,-0.001630487665085889
SCD5,0.98142,0.98432434,0.3263856649148361,0.7045562113649997,CD8 T,CD8_T,0.014640502836118348,0.0082744702320888,0.0063660326040295475
KLRC3,0.9781778,1.3652427,0.32798640737876883,0.7069052497589053,CD8 T,CD8_T,0.0106546067760233,0.004288597376387489,0.006366009399635811
ARHGAP26-AS1,0.97814214,0.40360785,0.3280040358881321,0.7069052497589053,CD8 T,CD8_T,0.03717614594511727,0.031029263370333,0.006146882574784272
DLG5,0.9653657,0.39552408,0.3343616748415521,0.719831377484504,CD8 T,CD8_T,0.03533650160968879,0.029212916246215942,0.00612358536347285
CP,0.9646807,0.35776183,0.33470478754503463,0.720182436890876,CD8 T,CD8_T,0.043768204813736,0.03784056508577195,0.005927639727964049
KLRC2,0.95999765,0.42466486,0.33705640794271596,0.724462993966074,CD8 T,CD8_T,0.024835198528284527,0.018567103935418768,0.006268094592865758
C12orf40,0.94750285,0.38495186,0.3433826157555453,0.735688517955105,CD8 T,CD8_T,0.039015790280545755,0.033097880928355194,0.00591790935219056
GALNT3,0.94101715,0.2979097,0.34669605686464666,0.7413732740961748,CD8 T,CD8_T,0.0703663958301395,0.06543895055499496,0.004927445275144535
KB-1047C11.2,0.9388569,0.30976954,0.34780423203178035,0.7419823616677981,CD8 T,CD8_T,0.05151004139199754,0.04581231079717458,0.00569773059482296
TRPS1,0.93008494,0.050109815,0.35232709298843823,0.7504304429998685,CD8 T,CD8_T,0.36654913383412535,0.374066599394551,-0.007517465560425651
FAM228B,0.92950094,0.17579314,0.35262954510669053,0.7506749230584152,CD8 T,CD8_T,0.15606316112218302,0.15459132189707367,0.0014718392251093504
CTA-445C9.15,0.91896856,0.8151463,0.3581120089808755,0.7599193824527861,CD8 T,CD8_T,0.01625019162961827,0.010292633703329971,0.0059575579262883
RP11-474B16.1,0.90979624,1.6480397,0.36292999097977263,0.7685124213441453,CD8 T,CD8_T,0.009044917982523376,0.0031281533804238134,0.005916764602099563
L2HGDH,0.90698713,0.19685218,0.364413612152267,0.7708378892697345,CD8 T,CD8_T,0.08201747662118657,0.07689202825428859,0.005125448366897975
AC009784.3,0.89955974,0.8671509,0.3683545869213898,0.7779399934981833,CD8 T,CD8_T,0.015100413919975467,0.009283551967709384,0.005816861952266083
RP11-104E19.1,0.89627117,1.0594394,0.37010795177518363,0.7809376036539535,CD8 T,CD8_T,0.012724206653380343,0.006912209889001009,0.005811996764379334
PRTFDC1,0.89616543,0.7806889,0.3701644241319739,0.7809376036539535,CD8 T,CD8_T,0.017629924881189633,0.011856710393541879,0.005773214487647754
SLC1A7,0.8864429,2.4317806,0.37537892186510113,0.7906875658032673,CD8 T,CD8_T,0.007281925494404412,0.0015136226034308782,0.005768302890973534
AC107218.3,0.8753384,0.5560025,0.3813898228232755,0.8016601635801902,CD8 T,CD8_T,0.023072206040165563,0.017457114026236127,0.005615092013929436
PCAT1,0.8713689,0.22412953,0.38355275665301536,0.8051056980740886,CD8 T,CD8_T,0.05572589299402115,0.05030272452068618,0.0054231684733349675
MRPL1,0.8672117,0.08807171,0.3858260277742339,0.8083725741650915,CD8 T,CD8_T,0.25693699218151156,0.25908173562058523,-0.002144743439073671
GPR141,0.864244,2.174237,0.38745388783422074,0.8109971487895777,CD8 T,CD8_T,0.007588532883642494,0.0019677093844601415,0.005620823499182352
EPHX4,0.85998636,1.624543,0.3897965723047674,0.8150477204490693,CD8 T,CD8_T,0.008968266135213857,0.00338042381432896,0.005587842320884896
CTD-2349P21.11,0.8501622,0.25298306,0.3952349107510792,0.8255559493495127,CD8 T,CD8_T,0.0600950482906638,0.05509586276488396,0.0049991855257798395
KIF9-AS1,0.84528905,0.18038103,0.3979494702652048,0.8299259025343165,CD8 T,CD8_T,0.1240226889468036,0.12134207870837538,0.0026806102384282215
RP3-467K16.2,0.833493,1.9026755,0.40456676392779745,0.8428962720863247,CD8 T,CD8_T,0.0077418365782615335,0.002320887991927345,0.005420948586334188
C2orf15,0.83109385,0.18224825,0.40592063049589266,0.8447879927073729,CD8 T,CD8_T,0.11260156369768509,0.10928355196770939,0.0033180117299757006
RGMA,0.8288111,1.1142273,0.4072112905596794,0.8467375700581995,CD8 T,CD8_T,0.01088456231795186,0.0054994954591321915,0.005385066858819668
C12orf42,0.8284083,0.1918348,0.4074393078771088,0.8467375700581995,CD8 T,CD8_T,0.07289590679135366,0.06801210898082745,0.004883797810526211
RP11-111E14.1,0.8248761,1.1800336,0.4094419212496829,0.8499053892053615,CD8 T,CD8_T,0.0106546067760233,0.005297679112008073,0.0053569276640152265
RDH10,0.82219654,0.53825045,0.41096504348557894,0.8517410227680393,CD8 T,CD8_T,0.023378813429403643,0.018113017154389507,0.005265796275014136
RP11-582E3.2,0.81936425,0.5739026,0.41257861192549317,0.8542000246904621,CD8 T,CD8_T,0.018626398896213398,0.013319878910191728,0.00530651998602167
Z83001.1,0.81747967,0.1762671,0.41365437077745726,0.8555416148447927,CD8 T,CD8_T,0.07680515100413918,0.07199798183652875,0.0048071691676104256
FGL2,0.81690925,1.0764873,0.41398027423774986,0.8557731767188628,CD8 T,CD8_T,0.012647554806070823,0.007366296670030272,0.005281258136040551
ABHD3,0.80463254,0.0890804,0.4210317653698872,0.8676594855639097,CD8 T,CD8_T,0.2639123102866779,0.26796165489404644,-0.004049344607368555
KIR2DL2,0.7979098,0.543494,0.42492282758169986,0.8747767937863095,CD8 T,CD8_T,0.018396443354284836,0.013218970736629667,0.005177472617655169
SEPP1,0.7870424,0.8566162,0.4312570651257176,0.8864482325297381,CD8 T,CD8_T,0.012034340027594662,0.006912209889001009,0.005122130138593653
RHOB,0.7824241,0.624722,0.43396537301852556,0.8910318801137412,CD8 T,CD8_T,0.02675149471102253,0.021897073662966705,0.004854421048055824
RP11-44I10.3,0.77875584,0.24308968,0.4361235365974764,0.8928430084408943,CD8 T,CD8_T,0.0669937145485206,0.06261352169525733,0.004380192853263271
RP4-794H19.4,0.77854675,0.6586792,0.43624676672607443,0.8928430084408943,CD8 T,CD8_T,0.01609688793499923,0.01104944500504541,0.0050474429299538215
TMEM2,0.77832574,0.029197462,0.4363770203754871,0.8928430084408943,CD8 T,CD8_T,0.4337728039245745,0.4560040363269426,-0.022231232402368073
LAYN,0.7714717,0.38963324,0.4404273939623591,0.8988847350570056,CD8 T,CD8_T,0.0216924727885942,0.016649848637739655,0.005042624150854547
AP000476.1,0.77044266,0.22922994,0.44103736770836943,0.8988847350570056,CD8 T,CD8_T,0.055265981910164026,0.05060544904137236,0.0046605328687916656
RIC8B,0.76991147,0.23747881,0.44135240491298977,0.8988847350570056,CD8 T,CD8_T,0.09198221677142418,0.0889505549949546,0.003031661776469574
RP3-510L9.1,0.76826215,0.40422234,0.4423314623775546,0.8996331110051479,CD8 T,CD8_T,0.030660738923808058,0.02583249243188699,0.004828246491921068
LGR6,0.76611197,0.5278466,0.44360969838745923,0.9002733605022003,CD8 T,CD8_T,0.017246665644642035,0.012260343087790115,0.00498632255685192
USP46,0.74358267,0.3164001,0.4571289849341509,0.921631018012401,CD8 T,CD8_T,0.06530737390771116,0.06180625630676084,0.0035011176009503153
OSBPL8,0.74291307,-0.016679099,0.45753430503289505,0.9219834862123829,CD8 T,CD8_T,0.7067300321937757,0.7173057517658932,-0.010575719572117448
PLEKHH2,0.74068683,1.0133165,0.4588833449423747,0.9242363442948132,CD8 T,CD8_T,0.01096121416526138,0.006155398587285572,0.004805815577975808
AC092594.1,0.7370103,0.37154475,0.4611160958224232,0.9268665242661772,CD8 T,CD8_T,0.028974398282998616,0.02426841574167508,0.0047059825413235355
MCC,0.7317896,0.1342058,0.46429702240844695,0.9315970371714954,CD8 T,CD8_T,0.1042465123409474,0.10050454086781033,0.003741971473137068
RP11-517O13.3,0.73161906,0.25142494,0.4644011230299905,0.9315970371714954,CD8 T,CD8_T,0.05495937452092595,0.05065590312815339,0.004303471392772554
GPR27,0.71856695,2.1997795,0.47240779255407983,0.9434004843815872,CD8 T,CD8_T,0.006438755173999691,0.0017658930373360244,0.004672862136663667
AP000998.2,0.7126493,0.6795061,0.4760628075633435,0.948512505490372,CD8 T,CD8_T,0.014103939904951707,0.009485368314833502,0.0046185715901182044
ZNF365,0.7115275,0.6034919,0.4767573891909286,0.9487133819819439,CD8 T,CD8_T,0.022152383872451324,0.017658930373360242,0.004493453499091082
SLCO4C1,0.71080863,0.39101958,0.47720283113691775,0.9487133819819439,CD8 T,CD8_T,0.021922428330522763,0.017305751765893038,0.004616676564629725
RP11-431M7.2,0.70389163,0.6544697,0.481500262430274,0.9543985622462793,CD8 T,CD8_T,0.014103939904951707,0.009535822401614533,0.004568117503337174
GPR153,0.698315,0.6938755,0.4849802090150023,0.9594069416716169,CD8 T,CD8_T,0.01594358424038019,0.011453077699293646,0.004490506541086545
GATA3,0.6949688,0.092001066,0.48707484696521963,0.9614295693525601,CD8 T,CD8_T,0.18503755940518163,0.18329969727547937,0.0017378621297022556
SMKR1,0.68658906,0.606061,0.49234173918443014,0.9701315057821285,CD8 T,CD8_T,0.016633450866165873,0.012209889001009085,0.004423561865156788
RP11-15B17.1,0.6711841,0.408461,0.5021032380569566,0.9849989956978058,CD8 T,CD8_T,0.022535643108998922,0.018213925327951564,0.004321717781047358
SYCP2L,0.66852593,1.161035,0.5037979302719648,0.9873550813757274,CD8 T,CD8_T,0.008431703204047215,0.004086781029263371,0.004344922174783845
ZBTB20-AS1,0.6679603,0.46497518,0.5041589244791298,0.9874487963623712,CD8 T,CD8_T,0.020389391384332357,0.016094853683148336,0.004294537701184022
ZFP37,0.6676775,0.4110616,0.5043394727420811,0.9874487963623712,CD8 T,CD8_T,0.029127701977617652,0.02497477295660949,0.004152929021008164
TTLL1,0.6664702,0.46831074,0.5051105999361867,0.9882416400038755,CD8 T,CD8_T,0.021232561704737078,0.016952573158425834,0.004279988546311245
ZNF80,0.6601664,0.7152108,0.5091470748852203,0.9929733298590351,CD8 T,CD8_T,0.011957688180285142,0.007669021190716448,0.004288666989568694
BNC2,0.6471796,0.15325911,0.5175157040981633,0.9999499096933858,CD8 T,CD8_T,0.04323164188256936,0.03895055499495459,0.00428108688761477
TCAIM,0.64505374,0.16955602,0.5188923386735014,0.9999499096933858,CD8 T,CD8_T,0.11635750421585157,0.11468213925327952,0.0016753649625720485
LINC00943,0.63750815,1.2399908,0.523793887664106,0.9999499096933858,CD8 T,CD8_T,0.008125095814809136,0.003985872855701312,0.004139222959107824
RP11-22P4.1,0.6360656,0.7239358,0.5247336675223793,0.9999499096933858,CD8 T,CD8_T,0.01149777709642802,0.007366296670030272,0.004131480426397749
TFR2,0.63603705,0.50163186,0.5247522550664219,0.9999499096933858,CD8 T,CD8_T,0.023455465276713165,0.019475277497477295,0.00398018777923587
GAS2,0.63243,0.30157626,0.5271059072198905,0.9999499096933858,CD8 T,CD8_T,0.027824620573355812,0.02376387487386479,0.004060745699491022
RP11-259O18.4,0.62621593,0.7844242,0.531173329678885,0.9999499096933858,CD8 T,CD8_T,0.01042465123409474,0.00635721493440969,0.00406743629968505
AKAP5,0.62101245,0.14931197,0.5345914503411369,0.9999499096933858,CD8 T,CD8_T,0.055649241146711624,0.05166498486377398,0.003984256282937644
COMMD1,0.6147282,0.07505479,0.5387342436893534,0.9999499096933858,CD8 T,CD8_T,0.2762532577035106,0.28466195761856705,-0.008408699915056439
SPTBN5,0.6115733,0.9595656,0.5408201135873153,0.9999499096933858,CD8 T,CD8_T,0.008968266135213857,0.004994954591321898,0.003973311543891959
RP11-405A12.2,0.61074567,0.63336015,0.5413679782708856,0.9999499096933858,CD8 T,CD8_T,0.012340947416832743,0.00837537840565086,0.003965569011181884
CTB-50L17.16,0.61015505,0.50365597,0.5417590862553978,0.9999499096933858,CD8 T,CD8_T,0.01556032500383259,0.011604439959636734,0.003955885044195856
KLHL13,0.5957418,1.0226239,0.5513477360891978,0.9999499096933858,CD8 T,CD8_T,0.008661658745975777,0.0047931382441977815,0.0038685205017779953
KLHL4,0.59276336,1.1145723,0.5533395337164397,0.9999499096933858,CD8 T,CD8_T,0.007588532883642494,0.003733602421796165,0.0038549304618463284
IFNG,0.5799079,0.7381051,0.561976720085813,0.9999499096933858,CD8 T,CD8_T,0.009274873524451938,0.0054994954591321915,0.0037753780653197464
CTA-221G9.11,0.5760454,0.96729416,0.5645844978142771,0.9999499096933858,CD8 T,CD8_T,0.008585006898666257,0.004843592330978809,0.0037414145676874476
FHAD1,0.5698592,0.59168845,0.5687732047245011,0.9999499096933858,CD8 T,CD8_T,0.013873984363023145,0.010191725529767912,0.003682258833255233
ZNF541,0.56786406,0.43666714,0.5701272748887931,0.9999499096933858,CD8 T,CD8_T,0.01594358424038019,0.012260343087790115,0.0036832411525900763
LINC00662,0.5660555,0.16309997,0.5713560550936155,0.9999499096933858,CD8 T,CD8_T,0.11712402268894678,0.11604439959636731,0.0010796230925794736
KIR3DL2,0.56489336,0.7231509,0.5721463036084983,0.9999499096933858,CD8 T,CD8_T,0.009428177219070978,0.0057517658930373375,0.0036764113260336403
OVCH1,0.5642921,0.90103406,0.5725553680460954,0.9999499096933858,CD8 T,CD8_T,0.009658132760999538,0.006004036326942485,0.0036540964340570524
MAGI2,0.5631038,0.657869,0.5733642039490631,0.9999499096933858,CD8 T,CD8_T,0.019852828453165716,0.016347124117053483,0.0035057043361122336
KIR2DL3,0.5618799,1.3725144,0.5741978709223248,0.9999499096933858,CD8 T,CD8_T,0.00597884409014257,0.002320887991927345,0.003657956098215225
LINC00925,0.55744815,1.5684272,0.5772212654378771,0.9999499096933858,CD8 T,CD8_T,0.0055955848535949705,0.0019677093844601415,0.003627875469134829
RP11-373N22.3,0.55655634,0.5616612,0.5778305786077818,0.9999499096933858,CD8 T,CD8_T,0.013644028821094585,0.010040363269424826,0.003603665551669759
GFPT2,0.5516749,0.4727484,0.5811711171864857,0.9999499096933858,CD8 T,CD8_T,0.024988502222903566,0.021594349142280526,0.00339415308062304
IGF1R,0.55141765,0.055980768,0.5813474207693299,0.9999499096933858,CD8 T,CD8_T,0.326996780622413,0.3306760847628658,-0.0036793041404528104
MEIS2,0.54972434,1.7295251,0.58250847224032,0.9999499096933858,CD8 T,CD8_T,0.005442281158975929,0.001866801210898083,0.0035754799480778457
CXXC4,0.54850394,2.1984382,0.5833459146538689,0.9999499096933858,CD8 T,CD8_T,0.004829066380499768,0.0012613521695257316,0.0035677142109740365
CCDC138,0.5481659,0.1759536,0.5835780025495207,0.9999499096933858,CD8 T,CD8_T,0.09757780162501914,0.09576185671039356,0.0018159449146255835
ZNF823,0.5398509,0.40044388,0.5892998793187781,0.9999499096933858,CD8 T,CD8_T,0.023532117124022686,0.020131180625630678,0.0034009364983920085
CTC-329D1.2,0.5325726,0.15917525,0.5943294476602321,0.9999499096933858,CD8 T,CD8_T,0.09497163881649545,0.09288597376387489,0.002085665052620561
WDR78,0.5306506,0.26348335,0.5956609324284343,0.9999499096933858,CD8 T,CD8_T,0.031503909244212785,0.02815338042381433,0.003350528820398456
GDAP1L1,0.5280435,0.52616715,0.5974691480524826,0.9999499096933858,CD8 T,CD8_T,0.012110991874904182,0.008678102926337035,0.003432888948567147
TMEM244,0.5249243,0.7555238,0.5996358506514111,0.9999499096933858,CD8 T,CD8_T,0.009658132760999538,0.006256306760847631,0.0034018260001519064
MATK,0.51881886,0.19834845,0.6038870719855882,0.9999499096933858,CD8 T,CD8_T,0.056799018856354425,0.05388496468213926,0.0029140541742151624
RP11-72M17.1,0.51792884,0.2165802,0.6045079295836442,0.9999499096933858,CD8 T,CD8_T,0.03625632377740303,0.032996972754793144,0.003259351022609887
MT1X,0.5146527,0.13684891,0.6067957125790909,0.9999499096933858,CD8 T,CD8_T,0.16633450866165872,0.16871846619576186,-0.0023839575341031427
SOX6,0.51451963,0.4499669,0.6068887328934961,0.9999499096933858,CD8 T,CD8_T,0.017783228575808677,0.0144803229061554,0.0033029056696532774
SATB2,0.5136623,1.6067549,0.6074881190733492,0.9999499096933858,CD8 T,CD8_T,0.006208799632071132,0.002875882946518668,0.0033329166855524638
KIF19,0.5135637,1.2216456,0.6075570882689529,0.9999499096933858,CD8 T,CD8_T,0.006515407021309211,0.0031786074672048425,0.003336799554104369
DOK6,0.512736,0.33909526,0.6081359854567403,0.9999499096933858,CD8 T,CD8_T,0.024911850375594048,0.021695257315842587,0.003216593059751461
RP11-66N24.3,0.5117747,0.32686874,0.6088086956462684,0.9999499096933858,CD8 T,CD8_T,0.022458991261689404,0.019172552976791123,0.003286438284898281
IQCH,0.50864714,0.29250666,0.6109995785651305,0.9999499096933858,CD8 T,CD8_T,0.033573509121569825,0.030474268415741676,0.003099240705828149
CNGA4,0.50708216,0.78716344,0.6120971627783649,0.9999499096933858,CD8 T,CD8_T,0.009044917982523376,0.0057517658930373375,0.003293152089486039
LINC00866,0.50509953,1.1603605,0.6134889371056523,0.9999499096933858,CD8 T,CD8_T,0.0063621033266901715,0.0030776992936427843,0.003284404033047387
AC009495.2,0.503411,0.5496392,0.6146753597364714,0.9999499096933858,CD8 T,CD8_T,0.012187643722213702,0.008930373360242178,0.0032572703619715235
COL5A2,0.49937794,0.8860179,0.6175131593372662,0.9999499096933858,CD8 T,CD8_T,0.007435229189023454,0.00418768920282543,0.003247539986198024
WDR27,0.49289763,0.17775616,0.6220849201908202,0.9999499096933858,CD8 T,CD8_T,0.049057182278092894,0.04606458123107973,0.0029926010470131617
RP11-461O7.1,0.4918751,1.1581447,0.6228076315496582,0.9999499096933858,CD8 T,CD8_T,0.0069753181051663326,0.0037840565085771943,0.0031912615965891383
ZBTB20-AS4,0.48603648,0.65099037,0.6269412991614426,0.9999499096933858,CD8 T,CD8_T,0.009811436455618579,0.006659939455095862,0.003151497000522717
SNTB2,0.48198324,0.22347875,0.6298178464227004,0.9999499096933858,CD8 T,CD8_T,0.08309060248351985,0.08173562058526741,0.0013549818982524359
FUT10,0.48112056,0.2723611,0.6304308203348212,0.9999499096933858,CD8 T,CD8_T,0.04307833818795032,0.04036326942482341,0.00271506876312691
TCERG1L,0.47586358,1.3677392,0.6341715644331205,0.9999499096933858,CD8 T,CD8_T,0.005365629311666409,0.002270433905146316,0.003095195406520093
UFL1-AS1,0.4748892,0.25516742,0.6348659528315244,0.9999499096933858,CD8 T,CD8_T,0.030430783381879496,0.02744702320887992,0.002983760172999575
SOBP,0.4735387,0.7408028,0.6358288895056832,0.9999499096933858,CD8 T,CD8_T,0.011267821554499461,0.00822401614530777,0.003043805409191691
AC139100.2,0.47258154,0.77577674,0.6365117487355874,0.9999499096933858,CD8 T,CD8_T,0.009964740150237619,0.006912209889001009,0.00305253026123661
SLC18A2,0.4716125,0.3205369,0.6372034001509426,0.9999499096933858,CD8 T,CD8_T,0.02659819101640349,0.023662966700302733,0.002935224316100757
AK9,0.46893886,0.12750071,0.6391133345158662,0.9999499096933858,CD8 T,CD8_T,0.1300781848842557,0.1296165489404642,0.0004616359437915052
RP11-973H7.1,0.46862933,0.4972465,0.6393346174436245,0.9999499096933858,CD8 T,CD8_T,0.012724206653380343,0.009687184661957619,0.0030370219914227243
LDHC,0.46336344,0.65270036,0.6431038801486462,0.9999499096933858,CD8 T,CD8_T,0.011114517859880421,0.008123107971745713,0.0029914098881347086
CTD-3074O7.12,0.46188343,0.4945822,0.6441649155927822,0.9999499096933858,CD8 T,CD8_T,0.012724206653380343,0.009737638748738647,0.0029865679046416956
SPATA5,0.45980808,0.072162606,0.6456539721526264,0.9999499096933858,CD8 T,CD8_T,0.2654453472328683,0.2729061553985873,-0.007460808165719035
RP11-111M22.2,0.45250192,0.2672366,0.6509074283998342,0.9999499096933858,CD8 T,CD8_T,0.0216924727885942,0.018768920282542886,0.002923552506051315
C1QTNF7,0.4514206,0.4921437,0.6516864420523758,0.9999499096933858,CD8 T,CD8_T,0.01080791047064234,0.007870837537840566,0.002937072932801774
CISH,0.45138496,0.36837155,0.651712130301471,0.9999499096933858,CD8 T,CD8_T,0.024221983749808364,0.021392532795156412,0.002829450954651952
CCR5,0.44517735,0.55448335,0.6561915908107554,0.9999499096933858,CD8 T,CD8_T,0.022688946803617965,0.02003027245206862,0.002658674351549345
VPS37D,0.4419874,1.1554276,0.6584983186241207,0.9999499096933858,CD8 T,CD8_T,0.00574888854821401,0.002875882946518668,0.0028730056016953425
VIPR2,0.44107422,0.53364825,0.659159272666809,0.9999499096933858,CD8 T,CD8_T,0.01073125862333282,0.007870837537840566,0.002860421085492254
CDKL5,0.43758422,0.1551611,0.661687710527016,0.9999499096933858,CD8 T,CD8_T,0.08699984669630537,0.08536831483350152,0.0016315318628038478
RBM20,0.4335714,0.641028,0.6645997150644751,0.9999499096933858,CD8 T,CD8_T,0.010271347539475699,0.00746720484359233,0.002804142695883368
RP11-103B5.2,0.43091083,0.32394212,0.6665332142567346,0.9999499096933858,CD8 T,CD8_T,0.02000613214778476,0.01725529767911201,0.0027508344686727505
RP4-655J12.4,0.4297261,0.48229313,0.6673948927606392,0.9999499096933858,CD8 T,CD8_T,0.01556032500383259,0.012815338042381434,0.002744986961451156
PARD3B,0.4292698,0.25431365,0.6677268900495257,0.9999499096933858,CD8 T,CD8_T,0.018089835965046756,0.01528758829465187,0.002802247670394886
PRKG2,0.42136535,0.2951471,0.6734883241169844,0.9999499096933858,CD8 T,CD8_T,0.02046604323164188,0.0177598385469223,0.00270620468471958
ACMSD,0.4191278,0.24094555,0.6751227326585687,0.9999499096933858,CD8 T,CD8_T,0.027901272420665334,0.025277497477295664,0.0026237749433696694
DRD3,0.41820094,0.74237067,0.6758002075321743,0.9999499096933858,CD8 T,CD8_T,0.007358577341713934,0.004641775983854693,0.002716801357859241
RORB,0.41179729,0.48603836,0.6804880141291549,0.9999499096933858,CD8 T,CD8_T,0.01149777709642802,0.008829465186680123,0.002668311909747898
RDM1,0.41037193,0.9407372,0.6815331302069498,0.9999499096933858,CD8 T,CD8_T,0.00574888854821401,0.0030776992936427843,0.002671189254571226
NSMCE2,0.41009447,-0.0010610854,0.6817366483054554,0.9999499096933858,CD8 T,CD8_T,0.43200981143645556,0.4565590312815339,-0.02454921984507835
VCAM1,0.40982234,2.6253612,0.6819362667074681,0.9999499096933858,CD8 T,CD8_T,0.0033726812816188877,0.0007063572149344098,0.0026663240666844777
NEK10,0.40627414,0.38999167,0.6845411844010197,0.9999499096933858,CD8 T,CD8_T,0.018319791506975314,0.01574167507568113,0.0025781164312941827
LINC01036,0.40366527,0.17520882,0.6864588868869208,0.9999499096933858,CD8 T,CD8_T,0.028897746435689094,0.02628657921291625,0.002611167222772843
RP11-355F16.1,0.40248233,0.4615215,0.6873290923391295,0.9999499096933858,CD8 T,CD8_T,0.009888088302928099,0.007265388496468214,0.002622699806459885
F8,0.39726993,0.5600653,0.691168425661052,0.9999499096933858,CD8 T,CD8_T,0.012187643722213702,0.00963673057517659,0.002550913147037112
GNAL,0.39263383,0.117312245,0.69458994720931,0.9999499096933858,CD8 T,CD8_T,0.03602636823547447,0.033451059535822406,0.002575308699652064
SMCR5,0.38775474,0.2903854,0.698197541649374,0.9999499096933858,CD8 T,CD8_T,0.027901272420665334,0.02552976791120081,0.0023715045094645226
C15orf41,0.38343117,0.14918692,0.7014000949082355,0.9999499096933858,CD8 T,CD8_T,0.06339107772497317,0.061402623612512613,0.0019884541124605554
LINC00907,0.37870952,0.25008708,0.7049035782783377,0.9999499096933858,CD8 T,CD8_T,0.0213092135520466,0.018869828456104944,0.002439385095941656
RP4-799D16.1,0.37688136,1.567506,0.7062617800560116,0.9999499096933858,CD8 T,CD8_T,0.004215851602023608,0.0017658930373360244,0.0024499585646875835
HOXB7,0.37554157,1.2403954,0.7072577419322384,0.9999499096933858,CD8 T,CD8_T,0.005212325617047369,0.0027749747729566084,0.002437350844090761
FOXD2,0.37445903,1.2456044,0.708062827644139,0.9999499096933858,CD8 T,CD8_T,0.0049057182278092895,0.0024722502522704338,0.0024334679755388558
HSD17B3,0.37331235,1.1454892,0.708915991227238,0.9999499096933858,CD8 T,CD8_T,0.004599110838571208,0.002169525731584258,0.0024295851069869503
FAM131B,0.36696216,2.0961485,0.7136472471866837,0.9999499096933858,CD8 T,CD8_T,0.0032960294343093673,0.0009081735620585269,0.0023878558722508405
ESM1,0.36481136,0.86745685,0.7152522228947753,0.9999499096933858,CD8 T,CD8_T,0.00590219224283305,0.0035317860746720475,0.0023704061681610027
GLIPR2,0.3622708,0.20355217,0.7171496674715776,0.9999499096933858,CD8 T,CD8_T,0.11482446726966117,0.11629667003027244,-0.0014722027606112742
CTD-2035E11.4,0.35893232,0.69846785,0.7196457134826983,0.9999499096933858,CD8 T,CD8_T,0.006822014410547293,0.004490413723511604,0.0023316006870356884
LRRC63,0.35832807,0.594337,0.7200978010491631,0.9999499096933858,CD8 T,CD8_T,0.0069753181051663326,0.004641775983854693,0.0023335421213116396
CYP4F35P,0.35681778,1.4876937,0.7212282255325555,0.9999499096933858,CD8 T,CD8_T,0.003985896060095048,0.0016649848637739658,0.002320911196321082
LETM2,0.35505792,0.42805082,0.7225461920707335,0.9999499096933858,CD8 T,CD8_T,0.017016710102713474,0.014783047426841573,0.002233662675871901
HGSNAT,0.35316974,0.12582171,0.7239611855955966,0.9999499096933858,CD8 T,CD8_T,0.19469569216618116,0.20161453077699298,-0.006918838610811828
AC018462.2,0.3518282,0.21322279,0.7249671261343997,0.9999499096933858,CD8 T,CD8_T,0.04522458991261688,0.04334006054490414,0.001884529367712738
TLR3,0.35117283,0.7562872,0.7254586861419954,0.9999499096933858,CD8 T,CD8_T,0.006668710715928251,0.004389505549949548,0.0022792051659787033
SH2D4B,0.35054544,0.5570412,0.7259294062691319,0.9999499096933858,CD8 T,CD8_T,0.009581480913690018,0.0073158425832492435,0.002265638330440774
CALCB,0.350224,0.18322667,0.726170601303034,0.9999499096933858,CD8 T,CD8_T,0.02774796872604629,0.02552976791120081,0.0022182008148454793
CCBE1,0.34960905,0.49826604,0.726632112920606,0.9999499096933858,CD8 T,CD8_T,0.009581480913690018,0.0073158425832492435,0.002265638330440774
FAM186A,0.3473543,0.4998639,0.7283251699858253,0.9999499096933858,CD8 T,CD8_T,0.008814962440594817,0.006559031281533804,0.0022559311590610127
LINC01088,0.3455267,0.752326,0.7296984344721728,0.9999499096933858,CD8 T,CD8_T,0.006132147784761612,0.0038849646821392525,0.002247183102622359
STARD4-AS1,0.34158814,0.11074329,0.7326608614677875,0.9999499096933858,CD8 T,CD8_T,0.049593745209259535,0.04747729566094855,0.0021164495483109863
GSC,0.3404266,1.6597927,0.733535292767882,0.9999499096933858,CD8 T,CD8_T,0.0035259849762379284,0.001311806256306761,0.0022141787199311674
CC2D2A,0.3386495,0.17505641,0.7348737745052452,0.9999499096933858,CD8 T,CD8_T,0.03472328683121263,0.03264379414732593,0.0020794926838866995
RP5-991G20.1,0.33577564,0.47945645,0.7370400504685454,0.9999499096933858,CD8 T,CD8_T,0.011191169707189941,0.009031281533804239,0.002159888173385702
RP11-382A20.4,0.3356497,0.37733716,0.7371350437432533,0.9999499096933858,CD8 T,CD8_T,0.014410547294189786,0.012260343087790115,0.002150204206399671
SNAP25-AS1,0.33323807,0.36041608,0.7389545794984327,0.9999499096933858,CD8 T,CD8_T,0.012494251111451783,0.010343087790111002,0.0021511633213407814
CTNNA3,0.32808033,0.38419873,0.7428509259653566,0.9999499096933858,CD8 T,CD8_T,0.014257243599570747,0.012159434914228055,0.002097808685342692
RP11-385J1.2,0.32518685,0.5187636,0.7450396531823618,0.9999499096933858,CD8 T,CD8_T,0.0076651847309520136,0.005549949545913221,0.0021152351850387925
RP5-1024G6.5,0.32501695,0.4300829,0.7451682545582221,0.9999499096933858,CD8 T,CD8_T,0.01073125862333282,0.008627648839556004,0.0021036097837768154
FAM63B,0.32457608,0.16654217,0.7455019317962521,0.9999499096933858,CD8 T,CD8_T,0.13743676222596962,0.1403128153380424,-0.002876053112072785
CTC-507E2.1,0.32221615,0.24486881,0.7472889498464377,0.9999499096933858,CD8 T,CD8_T,0.02314885788747508,0.021140262361251265,0.0020085955262238164
RP11-513H8.1,0.3186798,0.5401006,0.7499693194506885,0.9999499096933858,CD8 T,CD8_T,0.010271347539475699,0.00822401614530777,0.0020473313941679287
FRMPD3-AS1,0.31584457,1.9766475,0.7521204829857544,0.9999499096933858,CD8 T,CD8_T,0.0029127701977617673,0.0008577194752774975,0.0020550507224842696
FAM154A,0.31262195,0.617227,0.7545679000568817,0.9999499096933858,CD8 T,CD8_T,0.0069753181051663326,0.004944500504540868,0.002030817600625464
ENPEP,0.31139863,0.5910453,0.7554976091793926,0.9999499096933858,CD8 T,CD8_T,0.006515407021309211,0.004490413723511604,0.002024993297797607
AC007040.11,0.30908325,0.38048708,0.75725820701529,0.9999499096933858,CD8 T,CD8_T,0.011881036332975622,0.009889001009081737,0.0019920353238938853
CTD-2288O8.1,0.30777317,0.7154902,0.7582549471298254,0.9999499096933858,CD8 T,CD8_T,0.007588532883642494,0.005600403632694251,0.001988129250948243
SCUBE3,0.30752897,0.46008623,0.7584407785550417,0.9999499096933858,CD8 T,CD8_T,0.009658132760999538,0.007669021190716448,0.00198911157028309
RP11-517I3.1,0.30627948,0.17708656,0.7593918568015711,0.9999499096933858,CD8 T,CD8_T,0.02146251724666564,0.019475277497477295,0.001987239749188345
LRGUK,0.30564436,0.31719995,0.7598754499113756,0.9999499096933858,CD8 T,CD8_T,0.02314885788747508,0.021291624621594354,0.001857233265880727
RP11-247A12.2,0.3017325,1.4442914,0.7628559761489245,0.9999499096933858,CD8 T,CD8_T,0.0035259849762379284,0.0015640766902119076,0.0019619082860260206
HDGFRP3,0.30070406,0.13950603,0.7636401726348152,0.9999499096933858,CD8 T,CD8_T,0.07496550666871071,0.07381432896064581,0.0011511777080649016
NEK2,0.29799536,0.766265,0.7657066992204846,0.9999499096933858,CD8 T,CD8_T,0.005518933006285451,0.0035822401614530766,0.001936692844832374
RAB43,0.29790983,0.71190494,0.7657719995282349,0.9999499096933858,CD8 T,CD8_T,0.005518933006285451,0.0035822401614530766,0.001936692844832374
HDAC8,0.29482266,0.13418375,0.7681293624489157,0.9999499096933858,CD8 T,CD8_T,0.14088609535489804,0.14323915237134205,-0.0023530570164440046
WNT5B,0.29415601,0.19987865,0.7686386829094716,0.9999499096933858,CD8 T,CD8_T,0.04277173079871224,0.04122098890010091,0.0015507418986113325
CTD-3088G3.8,0.29320422,0.18034977,0.7693660675454428,0.9999499096933858,CD8 T,CD8_T,0.042158516020236084,0.0405146316851665,0.0016438843350695814
RP11-106M7.1,0.29257086,0.3833415,0.7698501950732375,0.9999499096933858,CD8 T,CD8_T,0.012570902958761303,0.010696266397578206,0.0018746365611830972
RP11-736K20.5,0.29195058,2.112503,0.770324418186819,0.9999499096933858,CD8 T,CD8_T,0.002606162808523686,0.0007063572149344098,0.0018998055935892761
PLXND1,0.29120433,0.19689013,0.7708950532829136,0.9999499096933858,CD8 T,CD8_T,0.1061628085236854,0.10766902119071646,-0.0015062126670310622
PPP2R3A,0.29111758,0.15619077,0.7709613931210235,0.9999499096933858,CD8 T,CD8_T,0.09750114977770963,0.0973763874873865,0.00012476229032312713
GLB1L2,0.29003623,0.68374294,0.7717885096466777,0.9999499096933858,CD8 T,CD8_T,0.005518933006285451,0.003632694248234107,0.0018862387580513436
MPPED2,0.288438,0.18978104,0.7730114809127333,0.9999499096933858,CD8 T,CD8_T,0.020082783995094278,0.018213925327951564,0.0018688586671427136
ANK3,84.00777,3.3546557,0.0,0.0,CD4 T,CD4_T,0.7471753867547367,0.2899812734082397,0.457194113346497
LTB,80.63925,2.597681,0.0,0.0,CD4 T,CD4_T,0.9056144620198159,0.517368913857678,0.38824554816213785
RPL39,75.18381,0.6371188,0.0,0.0,CD4 T,CD4_T,0.9720146010776987,0.9733146067415733,-0.0013000056638746704
RPL34,72.75438,0.6086538,0.0,0.0,CD4 T,CD4_T,0.9772292716843387,0.9789325842696632,-0.0017033125853245235
RPL13,72.55704,0.64285445,0.0,0.0,CD4 T,CD4_T,0.9781852946288894,0.9787453183520602,-0.0005600237231708771
RPS29,72.196236,0.5378052,0.0,0.0,CD4 T,CD4_T,0.9781852946288894,0.9794475655430714,-0.0012622709141820732
RPL32,70.66834,0.6857568,0.0,0.0,CD4 T,CD4_T,0.9758386928559014,0.9733614232209741,0.002477269634927337
RPL3,70.39014,0.80339026,0.0,0.0,CD4 T,CD4_T,0.9734051799061361,0.9574906367041202,0.015914543202015907
RPS27,69.49573,0.46476364,0.0,0.0,CD4 T,CD4_T,0.9844428993568575,0.9848314606741575,-0.0003885613173000291
RPS18,68.83237,0.68186194,0.0,0.0,CD4 T,CD4_T,0.9780114722753348,0.972237827715356,0.005773644559978752
CAMK4,68.01506,2.2040815,0.0,0.0,CD4 T,CD4_T,0.9222144967842866,0.5869382022471912,0.3352762945370954
RPL22,67.76806,0.968162,0.0,0.0,CD4 T,CD4_T,0.9678428645923867,0.9252808988764047,0.04256196571598192
RPS8,67.25123,0.79779315,0.0,0.0,CD4 T,CD4_T,0.9719276899009214,0.958286516853933,0.01364117304698842
RPS2,67.24931,0.71729183,0.0,0.0,CD4 T,CD4_T,0.9781852946288894,0.9662453183520602,0.01193997627682919
TSHZ2,67.24165,4.257149,0.0,0.0,CD4 T,CD4_T,0.5119937423952723,0.09073033707865172,0.42126340531662054
RPS6,67.03746,0.7611369,0.0,0.0,CD4 T,CD4_T,0.9724491569615854,0.9609550561797756,0.01149410078180979
RPS3A,66.2931,0.6544182,0.0,0.0,CD4 T,CD4_T,0.9744481140274641,0.9704119850187268,0.004036129008737288
RPL10,66.237816,0.54846066,0.0,0.0,CD4 T,CD4_T,0.9786198505127761,0.9800561797752811,-0.0014363292625050317
RPS13,66.1379,0.78084975,0.0,0.0,CD4 T,CD4_T,0.9688857987137147,0.954541198501873,0.014344600211841696
RPS14,65.95175,0.5727617,0.0,0.0,CD4 T,CD4_T,0.9747088475577961,0.9744850187265921,0.000223828831203976
RPL19,65.821556,0.63577366,0.0,0.0,CD4 T,CD4_T,0.9737528246132454,0.9682116104868916,0.005541214126353777
RPS12,64.93732,0.58934885,0.0,0.0,CD4 T,CD4_T,0.9804449852251,0.9788857677902625,0.0015592174348375565
RPL8,64.246925,0.7872479,0.0,0.0,CD4 T,CD4_T,0.9694072657743787,0.9442883895131089,0.02511887626126985
RPL12,62.148983,0.8413474,0.0,0.0,CD4 T,CD4_T,0.9675821310620547,0.9393258426966296,0.028256288365425153
RPS23,62.060722,0.61282223,0.0,0.0,CD4 T,CD4_T,0.9742742916739093,0.9691479400749067,0.005126351599002654
PLCL1,62.011562,2.5435631,0.0,0.0,CD4 T,CD4_T,0.6377542151920739,0.28815543071161054,0.34959878448046333
GIMAP7,61.068645,1.6137487,0.0,0.0,CD4 T,CD4_T,0.8916217625586651,0.6714887640449441,0.22013299851372103
RPL10A,60.69443,1.0403372,0.0,0.0,CD4 T,CD4_T,0.9657569963497308,0.8989700374531837,0.06678695889654707
RPL5,60.55305,0.8172703,0.0,0.0,CD4 T,CD4_T,0.971580045193812,0.9383426966292138,0.03323734856459826
EEF1B2,60.251385,1.2447253,0.0,0.0,CD4 T,CD4_T,0.9578480792629933,0.8546816479400752,0.10316643132291814
RPLP1,59.82878,0.4658634,0.0,0.0,CD4 T,CD4_T,0.9822701199374241,0.9844101123595508,-0.002139992422126702
MALAT1,59.06993,0.20732339,0.0,0.0,CD4 T,CD4_T,0.9998261776464454,0.9999531835205995,-0.0001270058741540403
FAAH2,58.139515,3.0578523,0.0,0.0,CD4 T,CD4_T,0.5093864070919523,0.1464419475655431,0.3629444595264092
ZEB1,58.10384,1.7512481,0.0,0.0,CD4 T,CD4_T,0.8990961237615158,0.6517790262172285,0.24731709754428732
RPLP0,57.318348,1.0163934,0.0,0.0,CD4 T,CD4_T,0.9634103945767427,0.8907771535580526,0.07263324101869006
RPS5,56.266045,0.9555694,0.0,0.0,CD4 T,CD4_T,0.9649747957587347,0.910112359550562,0.05486243620817266
RPS10,55.343563,0.8127133,0.0,0.0,CD4 T,CD4_T,0.9610637928037546,0.9192883895131089,0.041775403290645774
CSGALNACT1,55.122196,2.1390774,0.0,0.0,CD4 T,CD4_T,0.6267164957413525,0.3181179775280899,0.30859851821326256
RPSA,54.40241,1.0942363,0.0,0.0,CD4 T,CD4_T,0.95697896749522,0.862734082397004,0.09424488509821605
CMTM8,52.76822,2.6072743,0.0,0.0,CD4 T,CD4_T,0.4946984182165828,0.17270599250936336,0.3219924257072194
IL7R,52.443623,1.7990322,0.0,0.0,CD4 T,CD4_T,0.9056144620198159,0.6214887640449439,0.28412569797487197
SERINC5,51.57206,1.7922249,0.0,0.0,CD4 T,CD4_T,0.7166695637058926,0.4361423220973784,0.2805272416085142
IL6ST,50.879333,1.7768333,0.0,0.0,CD4 T,CD4_T,0.6235007822005911,0.37654494382022474,0.2469558383803664
CCR7,48.84343,1.7114551,0.0,0.0,CD4 T,CD4_T,0.7623848426907701,0.48272471910112374,0.27966012358964637
LEF1,47.540665,1.838771,0.0,0.0,CD4 T,CD4_T,0.6918129671475752,0.3860955056179777,0.30571746152959756
FOXP1,47.289337,0.8414922,0.0,0.0,CD4 T,CD4_T,0.9576742569094387,0.8789794007490639,0.07869485616037486
ARHGAP15,47.163525,0.9113633,0.0,0.0,CD4 T,CD4_T,0.9414218668520773,0.8436329588014984,0.09778890805057894
ICOS,44.86508,2.0840604,0.0,0.0,CD4 T,CD4_T,0.47905440639666275,0.20674157303370788,0.27231283336295486
TESPA1,43.14668,1.6860163,0.0,0.0,CD4 T,CD4_T,0.5683121849469843,0.3130149812734083,0.255297203673576
RP4-678D15.1,42.864643,3.949139,0.0,0.0,CD4 T,CD4_T,0.3225273770206849,0.043773408239700384,0.2787539687809845
SELL,42.315296,1.832085,0.0,0.0,CD4 T,CD4_T,0.49574135233791083,0.2525749063670412,0.24316644597086962
CCDC64,40.94524,1.4133631,0.0,0.0,CD4 T,CD4_T,0.6806014253432993,0.4528089887640451,0.2277924365792542
ARID5B,40.105274,1.4784844,0.0,0.0,CD4 T,CD4_T,0.602120632713367,0.38497191011235965,0.21714872260100737
FHIT,38.391953,2.1387186,0.0,0.0,CD4 T,CD4_T,0.40248565965583183,0.1685861423220974,0.23389951733373443
PRKCA,38.171364,1.396776,0.0,0.0,CD4 T,CD4_T,0.6156787762906311,0.4019662921348316,0.21371248415579946
FTL,37.964905,0.29687783,0.0,0.0,CD4 T,CD4_T,0.982009386407092,0.9848314606741575,-0.0028220742670654886
GPR183,34.867325,1.6034205,2.3264703053869364e-266,1.0115088284291027e-264,CD4 T,CD4_T,0.45063445159047466,0.2406367041198502,0.20999774747062447
RPS6KA5,34.242252,1.3618271,5.6876380824349095e-257,2.420271524440387e-255,CD4 T,CD4_T,0.5064314270815229,0.3256554307116105,0.18077599636991237
FKBP5,32.522274,1.22711,5.165181261532138e-232,2.1082372496049543e-230,CD4 T,CD4_T,0.5405006083782375,0.36502808988764057,0.17547251849059697
INPP4B,31.137888,2.05729,7.399150533748393e-213,2.6906001940903248e-211,CD4 T,CD4_T,0.3177472622979316,0.12022471910112359,0.197522543196808
GPRIN3,30.350805,1.3041731,2.451781549277132e-202,8.756362675989758e-201,CD4 T,CD4_T,0.46297583869285597,0.2845037453183521,0.17847209337450387
RP11-192P3.5,30.27835,1.3048292,2.2101257114918855e-201,7.823453845988975e-200,CD4 T,CD4_T,0.45689205631844265,0.2796816479400749,0.17721040837836777
CD4,29.900305,3.5084207,1.9498980944775014e-196,6.723786532681039e-195,CD4 T,CD4_T,0.22944550669216068,0.032818352059925095,0.1966271546322356
FYB,29.647266,0.9519696,3.6782397068980676e-193,1.2575178485121598e-191,CD4 T,CD4_T,0.7500434555883887,0.594428838951311,0.15561461663707765
KLF12,29.004217,0.767536,5.821142310684344e-185,1.9403807702281148e-183,CD4 T,CD4_T,0.8138362593429516,0.7050093632958803,0.1088268960470713
PHACTR2,27.558537,1.238672,3.4967187210858115e-167,1.0842538670033523e-165,CD4 T,CD4_T,0.4492438727620373,0.28323970037453183,0.16600417238750548
NFKBIA,27.200119,0.7448357,6.473699752254299e-163,1.9617271976528177e-161,CD4 T,CD4_T,0.7635146879888755,0.6498127340823971,0.1137019539064783
PDE3B,27.186346,0.93864936,9.419668455072054e-163,2.8329829940066324e-161,CD4 T,CD4_T,0.9223014079610639,0.784737827715356,0.1375635802457078
FOXO1,26.822502,0.81449413,1.765993135530096e-158,5.2325722534225066e-157,CD4 T,CD4_T,0.6678254823570311,0.5492509363295881,0.118574546027443
KLF2,26.545294,1.0593002,2.910557926561741e-155,8.436399787135481e-154,CD4 T,CD4_T,0.49148270467582145,0.3492041198501874,0.14227858482563405
C12orf57,25.603994,0.88117975,1.3770304311290953e-144,3.825084530914154e-143,CD4 T,CD4_T,0.6822527377020686,0.5323970037453185,0.14985573395675011
IMMP2L,25.043169,0.9612064,2.072169271864464e-138,5.525784724971904e-137,CD4 T,CD4_T,0.5424126542673389,0.4045411985018728,0.13787145576546606
SESN3,23.715427,1.1216388,2.4995155901642676e-124,6.096379488205531e-123,CD4 T,CD4_T,0.4043107943681558,0.2699438202247191,0.13436697414343673
RP11-703M24.5,23.516218,0.78630453,2.783834938594789e-122,6.628178425225687e-121,CD4 T,CD4_T,0.5715278984877457,0.46432584269662935,0.1072020557911163
FAM65B,23.151857,0.62901133,1.3924821429744502e-118,3.182816326798743e-117,CD4 T,CD4_T,0.7671649574135234,0.6786516853932587,0.08851327202026471
MAML2,22.519981,0.662696,2.6447895784031453e-112,5.7184639533040976e-111,CD4 T,CD4_T,0.7684686250651834,0.6689138576779028,0.09955476738728064
TBC1D4,22.455263,1.9357708,1.1368299231349713e-111,2.444795533623594e-110,CD4 T,CD4_T,0.230314618459934,0.08726591760299629,0.14304870085693772
DUSP16,21.453636,0.99318314,4.223125691215256e-102,8.24024525115172e-101,CD4 T,CD4_T,0.39796627846341054,0.2749063670411985,0.12305991142221206
MLLT3,21.432604,0.75587714,6.636366365683209e-102,1.288614828288002e-100,CD4 T,CD4_T,0.6474013558143579,0.5210205992509365,0.1263807565634214
CDC14A,20.961624,0.6713704,1.469851868077103e-97,2.7733054114662324e-96,CD4 T,CD4_T,0.6157656874674085,0.5218164794007492,0.0939492080666593
TIAM1,20.55147,1.5115708,7.46665177753723e-94,1.3637720141620512e-92,CD4 T,CD4_T,0.24882669911350608,0.11783707865168538,0.1309896204618207
TNIK,20.465921,0.7034393,4.3341237938973955e-93,7.880225079813447e-92,CD4 T,CD4_T,0.5644011819920043,0.4659644194756556,0.0984367625163487
LINC00861,20.16146,0.8678994,2.134816229477499e-90,3.778435804384954e-89,CD4 T,CD4_T,0.42934121328002794,0.31212546816479403,0.11721574511523392
IL32,20.00567,0.6306438,4.915272904487675e-89,8.585629527489388e-88,CD4 T,CD4_T,0.6454893099252565,0.5605805243445694,0.08490878558068715
AFF1,19.982225,0.69694203,7.863826476071375e-89,1.3617015542980735e-87,CD4 T,CD4_T,0.5204241265426734,0.4359082397003747,0.08451588684229877
TNFSF13B,19.748827,1.4770999,8.210133889738619e-87,1.397469598253382e-85,CD4 T,CD4_T,0.24543716321919007,0.12167602996254683,0.12376113325664324
SKAP1,19.607355,0.6956454,1.338124777822776e-85,2.2489492064248337e-84,CD4 T,CD4_T,0.5759603685033896,0.4704119850187267,0.10554838348466289
MFHAS1,19.18269,1.494992,5.163853696629126e-82,8.535295366329133e-81,CD4 T,CD4_T,0.23996175908221803,0.12261235955056181,0.11734939953165623
EPSTI1,18.283695,0.93533343,1.1160141666769502e-74,1.6656927860850002e-73,CD4 T,CD4_T,0.3461672171041196,0.24363295880149816,0.10253425830262142
BATF,18.079176,1.0305763,4.649715755382182e-73,6.837817287326737e-72,CD4 T,CD4_T,0.3107943681557449,0.2014044943820225,0.10938987377372242
DOCK10,16.747198,0.4986794,5.935600384221886e-63,7.758954750616844e-62,CD4 T,CD4_T,0.6042065009560231,0.5424625468164795,0.06174395413954359
PSMA1,16.626286,0.4943855,4.49619009348104e-62,5.820310800622705e-61,CD4 T,CD4_T,0.6552233617243178,0.5902153558052436,0.06500800591907419
BCL11B,16.348076,0.58281755,4.4893706277557635e-60,5.647007078938068e-59,CD4 T,CD4_T,0.6641752129323832,0.5582397003745321,0.10593551255785116
TBL1X,16.140285,0.45942375,1.3292572215400252e-58,1.641058298197562e-57,CD4 T,CD4_T,0.6275856075091257,0.571301498127341,0.05628410938178474
FAM117B,15.536003,0.66990995,1.979509841123621e-54,2.301755629213513e-53,CD4 T,CD4_T,0.41769511559186523,0.32982209737827717,0.08787301821358806
TP53INP1,15.0829115,1.218633,2.0980934418987392e-51,2.3442384825684237e-50,CD4 T,CD4_T,0.21666956370589263,0.12322097378277155,0.09344858992312108
CTB-133G6.1,14.931737,1.0429109,2.0486090916314378e-50,2.2450510593221236e-49,CD4 T,CD4_T,0.23978793672866336,0.1454119850187266,0.09437595170993676
RP11-223C24.1,14.715366,3.2505002,5.136736614023499e-49,5.464613419173935e-48,CD4 T,CD4_T,0.11454893099252567,0.017134831460674158,0.09741409953185151
ETV6,14.678505,0.54624295,8.852093903105126e-49,9.36729513556098e-48,CD4 T,CD4_T,0.4835737875890841,0.4080056179775282,0.07556816961155588
LRIG1,14.667551,1.0078374,1.040325087597739e-48,1.0979684301823103e-47,CD4 T,CD4_T,0.24639318616374073,0.15529026217228467,0.09110292399145606
TC2N,14.57345,0.5515251,4.144205541442515e-48,4.3056680950052106e-47,CD4 T,CD4_T,0.7145836954632366,0.613998127340824,0.1005855681224126
CYSLTR1,14.407954,2.5268543,4.611710461168493e-47,4.6938528866854894e-46,CD4 T,CD4_T,0.12576047279680172,0.031226591760299627,0.0945338810365021
APBA2,14.262249,0.584107,3.761335115841771e-46,3.7802362973284125e-45,CD4 T,CD4_T,0.45602294455066933,0.3712546816479402,0.08476826290272915
APOLD1,14.160591,0.9068301,1.606361917064083e-45,1.582622578388259e-44,CD4 T,CD4_T,0.26064661915522347,0.17261235955056187,0.0880342596046616
CTB-4E7.1,14.1519375,0.6478329,1.816826394671398e-45,1.7855787662618162e-44,CD4 T,CD4_T,0.3817138884060491,0.29597378277153563,0.08574010563451345
DLEU1,13.87719,0.7645563,8.709203649919182e-44,8.354152182176675e-43,CD4 T,CD4_T,0.32287502172779425,0.24850187265917603,0.07437314906861822
UBASH3B,13.874617,1.1819599,9.027417148074524e-44,8.638676696722033e-43,CD4 T,CD4_T,0.20554493307839394,0.12022471910112359,0.08532021397727035
STAT1,13.598697,0.48808014,4.0763097833202064e-42,3.8275209233053584e-41,CD4 T,CD4_T,0.5015644011819922,0.44658239700374547,0.054982004178246724
COTL1,13.567115,0.6122149,6.274342722579215e-42,5.863871703345061e-41,CD4 T,CD4_T,0.37615157309229974,0.30210674157303374,0.074044831519266
LDLRAD4,13.45955,0.48015794,2.705603152322062e-41,2.5051881040019095e-40,CD4 T,CD4_T,0.4936554840952548,0.4413857677902623,0.0522697163049925
OPRM1,13.409883,0.9506169,5.292226430590272e-41,4.866415108588755e-40,CD4 T,CD4_T,0.23040152963671134,0.14555243445692884,0.08484909517978251
IL6R,13.371026,1.405592,8.930018352059323e-41,8.136690981375238e-40,CD4 T,CD4_T,0.17225795237267516,0.08960674157303374,0.08265121079964143
GBP5,13.26842,0.6374349,3.5294500078518107e-40,3.201315199865588e-39,CD4 T,CD4_T,0.3597253606813836,0.29208801498127346,0.06763734570011015
CD2,13.2536745,0.52032983,4.296390197903439e-40,3.879359095172405e-39,CD4 T,CD4_T,0.7114548930992526,0.6085674157303372,0.10288747736891535
PASK,13.2267065,0.66934186,6.152512853414171e-40,5.530348632282401e-39,CD4 T,CD4_T,0.3505127759429863,0.2742041198501872,0.07630865609279908
TXK,13.202325,0.57368845,8.50683405243562e-40,7.612379465266775e-39,CD4 T,CD4_T,0.44368155744828797,0.3572565543071162,0.08642500314117174
TNFSF10,12.64246,0.99620664,1.2314035911641728e-36,1.0480030563099344e-35,CD4 T,CD4_T,0.2012862854163046,0.11835205992509362,0.08293422549121099
ESR2,12.590851,0.7108776,2.3710349692197678e-36,1.9966610267113835e-35,CD4 T,CD4_T,0.2884581957239702,0.21044007490636707,0.07801812081760312
TAF4B,12.410799,0.7215673,2.2836369889825146e-35,1.8718335975266514e-34,CD4 T,CD4_T,0.2838519033547715,0.21128277153558056,0.07256913181919095
MTHFD1L,12.198118,0.8117165,3.1808957978275e-34,2.544716638262e-33,CD4 T,CD4_T,0.24978272205805677,0.17668539325842703,0.07309732879962974
LPAR6,12.180139,0.73092467,3.9660726323392154e-34,3.160217236923678e-33,CD4 T,CD4_T,0.2742916739092648,0.2008426966292135,0.07344897728005129
RASGRF2,12.174229,0.9393237,4.264072029680039e-34,3.390912150838997e-33,CD4 T,CD4_T,0.20858682426560063,0.13146067415730336,0.07712615010829726
LIMS1,12.126091,0.5756403,7.68303009586987e-34,6.085568392768214e-33,CD4 T,CD4_T,0.35164262124109164,0.29316479400749074,0.0584778272336009
RP11-712B9.2,11.931299,1.0134064,8.129490805814338e-33,6.351164692042451e-32,CD4 T,CD4_T,0.19841821658265257,0.12467228464419476,0.07374593193845781
TMEM45B,11.522596,2.642007,1.0150600829803003e-30,7.518963577631853e-30,CD4 T,CD4_T,0.09847036328871894,0.022659176029962553,0.0758111872587564
CMSS1,11.419008,0.5790363,3.360465243469631e-30,2.4663965089685365e-29,CD4 T,CD4_T,0.3320006952894143,0.2669475655430712,0.06505312974634309
GPHN,11.335951,0.668855,8.70811537119511e-30,6.321680850232384e-29,CD4 T,CD4_T,0.2886320180775248,0.22551498127340824,0.06311703680411657
GNAQ,11.287493,0.59070164,1.5129098429126545e-29,1.0845231848836232e-28,CD4 T,CD4_T,0.3147053711107249,0.251685393258427,0.0630199778522979
GBP4,11.228023,0.5568164,2.97050999145615e-29,2.1142419868015298e-28,CD4 T,CD4_T,0.3376499217799409,0.27602996254681644,0.061619959233124466
FTH1,11.138308,0.08582963,8.16563520237019e-29,5.760589208021299e-28,CD4 T,CD4_T,0.9785329393359987,0.9824438202247193,-0.003910880888720603
CAMK1D,11.136722,0.3754431,8.312350739036722e-29,5.853768126082199e-28,CD4 T,CD4_T,0.5849991308882323,0.5312734082397006,0.053725722648531704
CD7,11.046769,0.4310494,2.2724761421093576e-28,1.5836070676720263e-27,CD4 T,CD4_T,0.5522336172431777,0.4739232209737829,0.07831039626939473
SLC16A10,10.881392,0.826628,1.4138735327418763e-27,9.717343867641763e-27,CD4 T,CD4_T,0.2147575178167913,0.14859550561797757,0.06616201219881374
HNRNPLL,10.571082,0.73929775,4.0578667540902035e-26,2.732570204774548e-25,CD4 T,CD4_T,0.23804971319311669,0.17518726591760306,0.06286244727551363
NCOA7,10.492854,0.4099339,9.317080553518641e-26,6.221756630062532e-25,CD4 T,CD4_T,0.4526334086563533,0.3992041198501874,0.05342928880616593
TSPAN5,10.404858,0.8653478,2.3560768300537366e-25,1.5603157814925408e-24,CD4 T,CD4_T,0.19224752303146186,0.125749063670412,0.06649845936104987
BTBD11,10.237813,0.70034677,1.3423653051920937e-24,8.802395443882581e-24,CD4 T,CD4_T,0.234486354945246,0.17200374531835214,0.062482609626893865
CCND3,10.207835,0.34827828,1.8289941159009683e-24,1.1915271113361358e-23,CD4 T,CD4_T,0.560664001390579,0.514747191011236,0.04591681037934303
ANKRD55,9.971875,3.558596,2.02371051184748e-23,1.2848955630777652e-22,CD4 T,CD4_T,0.07526507908917088,0.00903558052434457,0.06622949856482631
NELL2,9.898712,0.54882514,4.2166849004208954e-23,2.6520030820257204e-22,CD4 T,CD4_T,0.6115939509820965,0.5000936329588016,0.11150031802329485
STAM,9.756551,0.5333856,1.7293687628890615e-22,1.0642269310086532e-21,CD4 T,CD4_T,0.3183556405353729,0.27935393258426966,0.03900170795110325
CLDND1,9.753847,0.3791216,1.776075579399806e-22,1.0912906785866704e-21,CD4 T,CD4_T,0.4347297062402226,0.3988295880149814,0.035900118225241195
SYNM,9.652717,0.9337845,4.787026472273856e-22,2.8968390149917434e-21,CD4 T,CD4_T,0.1588736311489658,0.09555243445692888,0.06332119669203692
RGS1,9.626166,0.80894667,6.19994923406472e-22,3.734909177147422e-21,CD4 T,CD4_T,0.1871197636015992,0.1254681647940075,0.06165159880759172
MAP3K5,9.389073,0.3370785,6.0530421831376634e-21,3.560613048904508e-20,CD4 T,CD4_T,0.4743612028506867,0.43965355805243456,0.03470764479825217
LRRN3,9.362061,0.5177771,7.819685558056043e-21,4.5729155310269255e-20,CD4 T,CD4_T,0.2970624022249262,0.23754681647940074,0.05951558574552546
SCAI,9.307852,0.72485584,1.3044421707428055e-20,7.551040062187008e-20,CD4 T,CD4_T,0.2041543542499566,0.14705056179775283,0.05710379245220376
PELI1,9.199729,0.4617791,3.588551824460667e-20,2.0535346634968055e-19,CD4 T,CD4_T,0.3265252911524422,0.28146067415730336,0.04506461699513886
ADTRP,9.110166,1.2825853,8.225638571306207e-20,4.673658279151254e-19,CD4 T,CD4_T,0.12802016339301237,0.07134831460674157,0.056671848786270795
RERE,8.7759,0.35757646,1.6954298151547577e-18,9.239399537628107e-18,CD4 T,CD4_T,0.4197809838345212,0.3786985018726593,0.04108248196186193
SPOCK2,8.730409,0.3204303,2.537538421882255e-18,1.3753595782559648e-17,CD4 T,CD4_T,0.5625760472796802,0.5085674157303373,0.05400863154934299
FAM19A2,8.6198015,1.17274,6.707045914565373e-18,3.6010984776189925e-17,CD4 T,CD4_T,0.1264557622110204,0.07158239700374533,0.054873365207275066
MTRNR2L12,8.55915,0.12956423,1.1370296421774836e-17,6.072254430854384e-17,CD4 T,CD4_T,0.9006605249435078,0.8975187265917606,0.003141798351747216
AC016831.7,8.467179,0.18574244,2.514065177579604e-17,1.3266834710182605e-16,CD4 T,CD4_T,0.6711281070745698,0.6620786516853934,0.009049455389176453
PTK2,8.423765,0.6886272,3.645735308153425e-17,1.911263595362215e-16,CD4 T,CD4_T,0.2026768642447419,0.1544475655430712,0.0482292987016707
TXN,8.407916,0.2850977,4.1735881158631317e-17,2.1822682958761473e-16,CD4 T,CD4_T,0.5782200590996004,0.517556179775281,0.06066387932431938
MAF,8.233412,0.820784,1.8195490126946629e-16,9.379118622137436e-16,CD4 T,CD4_T,0.15435424995654445,0.10093632958801499,0.053417920368529465
EML4,8.229828,0.15005648,1.8748230251222487e-16,9.626819127713728e-16,CD4 T,CD4_T,0.7861985051277595,0.783239700374532,0.0029588047532274064
LINC00649,8.183153,0.6017529,2.7651146513032087e-16,1.4089756184984503e-15,CD4 T,CD4_T,0.2074569789674953,0.1558052434456929,0.05165173552180238
RP11-89K10.1,8.137501,0.99998224,4.035209464098177e-16,2.0379845778273623e-15,CD4 T,CD4_T,0.12619502868068838,0.0730805243445693,0.053114504336119084
FILIP1L,8.132548,0.58639646,4.2035978141055033e-16,2.1176815184410596e-15,CD4 T,CD4_T,0.22005909960020864,0.17130149812734088,0.048757601472867756
RP11-572M11.4,8.1182165,0.5716929,4.730854772233913e-16,2.3773139558964387e-15,CD4 T,CD4_T,0.222492612549974,0.17340823970037458,0.049084372849599406
RP11-4F22.2,7.891922,0.9652268,2.9756735543046016e-15,1.464046029178156e-14,CD4 T,CD4_T,0.12410916043803237,0.07247191011235957,0.051637250325672804
CD37,7.7267423,0.28920278,1.1033385977425862e-14,5.375583911047923e-14,CD4 T,CD4_T,0.5663132278811056,0.5098782771535582,0.05643495072754745
BACH2,7.6857004,0.5044599,1.5216197307171134e-14,7.377550209537519e-14,CD4 T,CD4_T,0.8016686945941248,0.6918071161048691,0.1098615784892557
C4orf32,7.5158124,0.48258728,5.6558707611100194e-14,2.6805074697203886e-13,CD4 T,CD4_T,0.25030418911872077,0.20753745318352063,0.04276673593520014
SLCO3A1,7.2490935,0.3892937,4.1957063451333486e-13,1.9469635012219716e-12,CD4 T,CD4_T,0.30262471753867554,0.26034644194756557,0.04227827559110997
GRK5,7.1757183,0.35435304,7.192847420266703e-13,3.314676230537651e-12,CD4 T,CD4_T,0.3351294976533983,0.2952247191011237,0.03990477855227459
IGF1R,6.921067,0.34103206,4.4825330657866625e-12,2.023716959723098e-11,CD4 T,CD4_T,0.3463410394576743,0.31999063670411987,0.026350402753554436
MCF2L2,6.834566,0.9628565,8.225362869509159e-12,3.684373065849567e-11,CD4 T,CD4_T,0.1221102033721537,0.07968164794007492,0.04242855543207878
AC009313.1,6.8051805,0.5564393,1.0092271818125306e-11,4.505478490234512e-11,CD4 T,CD4_T,0.19294281244568057,0.1515917602996255,0.041351052146055056
RP11-1029J19.5,6.7658978,1.3317866,1.3248517328589803e-11,5.894779679016597e-11,CD4 T,CD4_T,0.08326090735268557,0.03862359550561799,0.04463731184706758
CERS6,6.7410064,0.3197731,1.5729322843079176e-11,6.975309464780122e-11,CD4 T,CD4_T,0.3725013036676517,0.3394194756554308,0.033081828012220926
CASK,6.737215,0.18187772,1.6145093777351445e-11,7.151758040908724e-11,CD4 T,CD4_T,0.584390752650791,0.5781367041198504,0.006254048530940581
ACVR2A,6.619794,0.7965982,3.597004449829301e-11,1.5707443012355027e-10,CD4 T,CD4_T,0.13766730401529642,0.09709737827715359,0.04056992573814283
SNX9,6.583438,0.28607547,4.5969210266044905e-11,1.9964912167663367e-10,CD4 T,CD4_T,0.610985572744655,0.5487827715355806,0.0622028012090744
CREM,6.433555,0.32400054,1.2465336298796572e-10,5.304398425019819e-10,CD4 T,CD4_T,0.3424300365026943,0.31231273408239707,0.030117302420297254
IFIT3,6.4301033,0.7971972,1.2751721083857414e-10,5.420497803977647e-10,CD4 T,CD4_T,0.12523900573613772,0.08464419475655433,0.040594810979583396
PTPN13,6.3598976,2.7971349,2.0188857474191163e-10,8.518505263371799e-10,CD4 T,CD4_T,0.052581261950286826,0.010393258426966295,0.04218800352332053
TOX2,6.306995,1.3255457,2.845055283703429e-10,1.1866758221912114e-09,CD4 T,CD4_T,0.08117503911002957,0.0400749063670412,0.04110013274298837
PRDX1,6.295364,0.24330448,3.06679514921471e-10,1.2765016229821895e-09,CD4 T,CD4_T,0.4330783938814533,0.39335205992509376,0.03972633395635955
COMMD10,6.2617173,0.31691605,3.807611436090527e-10,1.5832064183328596e-09,CD4 T,CD4_T,0.3406918129671476,0.3159176029962547,0.024774209970892913
GMDS,6.256937,0.35023153,3.92612323864918e-10,1.6290967795224815e-09,CD4 T,CD4_T,0.2929775769163915,0.26020599250936327,0.03277158440702821
FAM69A,6.2127776,0.24243191,5.205612100733798e-10,2.1422272019480652e-09,CD4 T,CD4_T,0.4822701199374241,0.45140449438202257,0.03086562555540151
BTBD9,6.1869464,0.10010986,6.134073038971439e-10,2.516542785219052e-09,CD4 T,CD4_T,0.7111941595689206,0.7148876404494384,-0.0036934808805177965
ANK1,6.0379934,1.6676807,1.5604222807289052e-09,6.254197517951524e-09,CD4 T,CD4_T,0.06344515904745353,0.023455056179775287,0.03999010286767824
PKIA,5.927736,1.2107658,3.0714000641831473e-09,1.2163960650230286e-08,CD4 T,CD4_T,0.07630801321049889,0.037125468164794014,0.03918254504570488
SPATA5,5.812142,0.34075236,6.167848186977801e-09,2.425898991928339e-08,CD4 T,CD4_T,0.2880236398400835,0.26020599250936327,0.02781764733072023
F5,5.763782,3.0104747,8.224965410394968e-09,3.216017755775159e-08,CD4 T,CD4_T,0.04641056839909613,0.008146067415730337,0.03826450098336579
RNF175,5.7634554,2.5546832,8.24090743115082e-09,3.219104465293289e-08,CD4 T,CD4_T,0.0491917260559708,0.010955056179775283,0.03823666987619552
SNED1,5.7355404,0.44547382,9.72020540072364e-09,3.7858638366985944e-08,CD4 T,CD4_T,0.21015122544759263,0.17729400749063676,0.03285721795695587
TMTC2,5.7052445,0.8313666,1.1617613451889272e-08,4.507318507037545e-08,CD4 T,CD4_T,0.10585781331479231,0.06928838951310862,0.036569423801683695
CCR4,5.7050786,3.4938374,1.1628925191472145e-08,4.507335345531839e-08,CD4 T,CD4_T,0.04293412132800278,0.004915730337078652,0.038018390990924134
RP11-68I3.2,5.659927,0.30692706,1.5143757753893388e-08,5.835744799188203e-08,CD4 T,CD4_T,0.30575351990265953,0.27551498127340823,0.0302385386292513
RBMS3,5.622656,3.039641,1.8804384549752753e-08,7.204745038219445e-08,CD4 T,CD4_T,0.045019989570658794,0.007677902621722847,0.03734208694893595
ESR1,5.5067616,1.4587363,3.654948966145953e-08,1.3805284102534289e-07,CD4 T,CD4_T,0.0659655831739962,0.02991573033707865,0.03604985283691755
CD3G,5.379922,0.28616178,7.45181242676635e-08,2.7831232219482167e-07,CD4 T,CD4_T,0.6033373891882498,0.5345973782771537,0.06874001091109605
RP11-83A24.2,5.3027906,0.32113588,1.1404574514084665e-07,4.21221588701188e-07,CD4 T,CD4_T,0.27585607509125687,0.2500936329588015,0.025762442132455377
SAMD12,5.2986617,0.6676137,1.166545284211685e-07,4.3045951446925645e-07,CD4 T,CD4_T,0.11698244394229101,0.08305243445692885,0.033930009485362164
SCFD2,5.2251916,0.31807497,1.7397477997016508e-07,6.332112100824935e-07,CD4 T,CD4_T,0.26551364505475417,0.237125468164794,0.028388176889960176
SLC1A1,5.212989,2.0120122,1.8582228619553087e-07,6.751036737348987e-07,CD4 T,CD4_T,0.0489309925256388,0.014279026217228465,0.03465196630841034
DTNB,5.1718435,0.30032685,2.3179563806093836e-07,8.383205716489633e-07,CD4 T,CD4_T,0.2804623674604555,0.25079588014981274,0.029666487310642753
DPH6,5.1302056,0.48234636,2.894261547532095e-07,1.0411012760906815e-06,CD4 T,CD4_T,0.16339301234138712,0.13211610486891384,0.031276907472473275
HLF,5.0793433,3.152253,3.787421616720104e-07,1.3574987873548757e-06,CD4 T,CD4_T,0.03937076308013211,0.00552434456928839,0.033846418510843725
PARK2,5.0403323,0.46983945,4.647244361572964e-07,1.6612133553433295e-06,CD4 T,CD4_T,0.16061185468451245,0.12926029962546817,0.03135155505904427
RTKN2,5.0001535,1.5804309,5.72846442394857e-07,2.0385994391276047e-06,CD4 T,CD4_T,0.060055623153137505,0.027434456928838953,0.03262116622429855
FOXP3,4.997109,3.8118708,5.819618254982321e-07,2.0691976017714917e-06,CD4 T,CD4_T,0.03702416130714411,0.003745318352059925,0.03327884295508418
MDFIC,4.975506,0.22335152,6.507755316244534e-07,2.3097623127753447e-06,CD4 T,CD4_T,0.3825830001738224,0.3581460674157304,0.024436932758092
PCBP3,4.809423,1.8025423,1.5136658926406815e-06,5.260350626031908e-06,CD4 T,CD4_T,0.051277594298626814,0.01966292134831461,0.0316146729503122
DISC1,4.794852,0.8211094,1.6279519297437971e-06,5.647708342563042e-06,CD4 T,CD4_T,0.08899704501998958,0.05800561797752809,0.030991427042461488
SCML4,4.733997,0.25915325,2.201412779395008e-06,7.558498813373417e-06,CD4 T,CD4_T,0.29654093516426216,0.2684456928838951,0.028095242280367083
SMAD3,4.6972632,0.21195628,2.6367054934239917e-06,9.014377755295698e-06,CD4 T,CD4_T,0.39935685729184783,0.3745318352059926,0.02482502208585524
SNTB1,4.612219,0.23405494,3.983927853505879e-06,1.350484018137586e-05,CD4 T,CD4_T,0.3314792282287503,0.31657303370786516,0.014906194520885152
ST3GAL3,4.480506,0.34840414,7.4466280464397874e-06,2.4842795817980942e-05,CD4 T,CD4_T,0.213888406049018,0.18988764044943826,0.024000765599579726
SLC22A23,4.479542,0.89301354,7.480340164268624e-06,2.493446721422875e-05,CD4 T,CD4_T,0.07682948027116289,0.047705992509363304,0.029123487761799585
RP11-570L15.1,4.405472,0.71898675,1.0555398055861469e-05,3.506776762744674e-05,CD4 T,CD4_T,0.09021380149487224,0.06179775280898877,0.028416048685883467
DPP4,4.2494864,0.92843467,2.142611141758874e-05,7.013457092500405e-05,CD4 T,CD4_T,0.06553102729010954,0.03735955056179776,0.02817147672831178
CLYBL,4.248972,0.48477098,2.147536078653062e-05,7.023830183656784e-05,CD4 T,CD4_T,0.1304536763427777,0.10383895131086143,0.02661472503191628
TPK1,4.2337146,0.28908116,2.2986254599842263e-05,7.511847908445185e-05,CD4 T,CD4_T,0.2447418738049714,0.22228464419475655,0.022457229610214846
CEP128,4.1857624,0.46584797,2.8421059425872393e-05,9.227616696711816e-05,CD4 T,CD4_T,0.14140448461672173,0.11587078651685392,0.025533698099867802
MYO16,4.172584,2.5651317,3.0116422839460465e-05,9.770129063896338e-05,CD4 T,CD4_T,0.03554667130192944,0.007818352059925093,0.02772831924200435
STAT5B,4.1171594,0.16765669,3.835711968610216e-05,0.00012383250907539034,CD4 T,CD4_T,0.5009560229445509,0.4780430711610488,0.022912951783502056
SCMH1,4.0401917,0.26615265,5.340753946280129e-05,0.0001715904882338997,CD4 T,CD4_T,0.2583869285590128,0.23848314606741572,0.019903782491597077
MARCH3,4.0264587,0.18149179,5.662311890044162e-05,0.0001813390517227914,CD4 T,CD4_T,0.4039631496610465,0.3875936329588016,0.016369516702244902
GLCCI1,3.9888742,0.18067916,6.638764325840154e-05,0.0002121010966722094,CD4 T,CD4_T,0.41126368851034256,0.39400749063670426,0.0172561978736383
ACTG1,3.9648483,0.1447493,7.344264949028803e-05,0.00023426682453042433,CD4 T,CD4_T,0.6082913262645577,0.5852996254681649,0.02299170079639279
CAMKMT,3.9091763,0.23538077,9.261132590129594e-05,0.00029470588990070307,CD4 T,CD4_T,0.29445506692160617,0.2773876404494382,0.017067426472167968
SFMBT2,3.8669374,0.17635149,0.00011021071112040971,0.00034794226083791546,CD4 T,CD4_T,0.3742395272031984,0.3607677902621724,0.013471736941025991
MCC,3.8524501,0.4762854,0.00011694175780808917,0.00036803070907345136,CD4 T,CD4_T,0.11785155571006434,0.09344569288389515,0.02440586282616919
RP11-1399P15.1,3.8465834,1.445663,0.00011977641393672184,0.000376655389738119,CD4 T,CD4_T,0.04336867721188946,0.017790262172284646,0.025578415039604813
TSC22D3,3.754961,0.18388423,0.00017336843364039654,0.000538829630583983,CD4 T,CD4_T,0.353033200069529,0.34246254681647953,0.010570653253049456
S100A6,3.6567216,0.08572317,0.00025546147577107283,0.0007872464584624741,CD4 T,CD4_T,0.6436641752129324,0.641994382022472,0.0016697931904603447
SLC9A9,3.615347,0.38833115,0.00029994575584232165,0.0009193739642676526,CD4 T,CD4_T,0.15557100643142713,0.13544007490636703,0.020130931525060097
PCAT1,3.6106987,0.76043004,0.0003053731401470022,0.0009352929254119515,CD4 T,CD4_T,0.06787762906309755,0.04414794007490638,0.023729688988191167
CDYL2,3.597347,0.43473053,0.0003214795112278416,0.000983117771338965,CD4 T,CD4_T,0.13271336693898841,0.11114232209737827,0.02157104484161014
ADAMTS17,3.5954328,1.2183859,0.0003238527409625012,0.0009896187653552367,CD4 T,CD4_T,0.0468451242829828,0.023080524344569295,0.023764599938413504
ARL4C,3.5630152,0.13549127,0.0003666194212244976,0.0011143447453632145,CD4 T,CD4_T,0.5798713714583696,0.5613295880149815,0.018541783443388193
RP11-475O6.1,3.562304,0.4324515,0.0003676143179411884,0.0011165203278396003,CD4 T,CD4_T,0.111246306274987,0.08801498127340826,0.023231325001578734
SMYD3,3.4899461,0.12920195,0.0004831178251112139,0.0014551741720217285,CD4 T,CD4_T,0.5734399443768471,0.5601591760299627,0.013280768346884408
PTPRC,3.4718976,0.23647286,0.000516793505614178,0.0015530984391109782,CD4 T,CD4_T,0.9325569268207893,0.8955992509363299,0.03695767588445942
STARD4-AS1,3.4584067,0.81971,0.0005433802541679872,0.0016305483996038627,CD4 T,CD4_T,0.06301060316356685,0.04040262172284645,0.022607981440720404
AKR1C3,3.4366157,0.6932402,0.0005890306979716064,0.0017648859864317797,CD4 T,CD4_T,0.06379280375456287,0.04073033707865169,0.023062466675911178
FAM101B,3.4212499,0.5747966,0.000623340607450018,0.0018634995738416084,CD4 T,CD4_T,0.09012689031809493,0.06839887640449438,0.021728013913600547
IRS2,3.3996031,0.32668826,0.0006748373258528468,0.002009939913187928,CD4 T,CD4_T,0.1843386059447245,0.16928838951310865,0.01505021643161586
SMC1B,3.3593576,0.4758911,0.000781239270739082,0.002313069639493951,CD4 T,CD4_T,0.09586302798539895,0.0738295880149813,0.02203343997041765
MRPL1,3.3437471,0.21916245,0.0008265502455747813,0.0024436075257199745,CD4 T,CD4_T,0.2668173127064141,0.2536048689138577,0.013212443792556428
GATA3,3.2687957,0.24540298,0.001080062761136258,0.003162702082390214,CD4 T,CD4_T,0.19772292716843393,0.17659176029962553,0.021131166868808393
METTL12,3.2197824,0.46310708,0.00128287974154431,0.003740174173598571,CD4 T,CD4_T,0.10759603685033899,0.08787453183520602,0.019721505015132965
RSAD2,3.1796274,0.75841665,0.0014746446612335386,0.004268146631645553,CD4 T,CD4_T,0.06405353728489485,0.04353932584269664,0.020514211442198213
SDK1,3.0575871,0.985058,0.0022312670354727423,0.006393315287887514,CD4 T,CD4_T,0.04953937076308014,0.02954119850187266,0.01999817226120748
DMGDH,3.0252295,0.5074256,0.002484446380045382,0.00708323985757771,CD4 T,CD4_T,0.0836085520597949,0.06399812734082397,0.019610424718970926
CTD-2341M24.1,3.0196574,0.22820815,0.0025306074069077708,0.007209707711987951,CD4 T,CD4_T,0.22327481314096997,0.20838014981273412,0.014894663328235858
PDSS2,3.010694,0.17102149,0.0026065133592460964,0.007415400737542237,CD4 T,CD4_T,0.32078915348513826,0.315121722846442,0.005667430638696236
PGM2L1,2.990568,0.3896932,0.002784592063667082,0.007893953405151189,CD4 T,CD4_T,0.12523900573613772,0.10767790262172286,0.01756110311441486
RP11-762E8.1,2.9862843,2.018408,0.0028238999068618013,0.007999716450033431,CD4 T,CD4_T,0.02859377715974275,0.008754681647940075,0.019839095511802678
RASA3,2.9678516,0.1184494,0.0029988896098907766,0.008477426459055198,CD4 T,CD4_T,0.438466886841648,0.43492509363295895,0.003541793208689026
CCDC141,2.9082096,0.4565591,0.0036350476860328817,0.01017508099659309,CD4 T,CD4_T,0.09873109681905096,0.08094569288389514,0.01778540393515582
ACTA2,2.8896947,0.5841276,0.0038561621492064395,0.010733923866962949,CD4 T,CD4_T,0.0675299843559882,0.048548689138576795,0.018981295217411404
RHBDD1,2.8864348,0.25167274,0.0038963342504386165,0.010838203756435651,CD4 T,CD4_T,0.20780462367460462,0.19503745318352064,0.012767170491083973
CCR6,2.8529434,0.46888965,0.004331632698228797,0.011998982543570074,CD4 T,CD4_T,0.09655831739961761,0.07911985018726593,0.017438467212351677
CD200R1,2.831593,0.8933777,0.0046316763414331625,0.012777038183263896,CD4 T,CD4_T,0.0460629236919868,0.027340823970037453,0.018722099721949347
RP11-403A21.3,2.7867804,0.2825116,0.005323454052736997,0.01458480562393698,CD4 T,CD4_T,0.14505475404136975,0.12762172284644197,0.017433031194927784
CORO2A,2.780025,0.35179788,0.005435472017581315,0.014871332469442724,CD4 T,CD4_T,0.10985572744654966,0.09180711610486894,0.018048611341680718
ADAM23,2.749638,2.3273168,0.005966113745577284,0.016267522141996685,CD4 T,CD4_T,0.024161307144098736,0.005852059925093634,0.018309247219005103
GALM,2.7342372,0.2170923,0.00625249664464325,0.017013596311954423,CD4 T,CD4_T,0.1899878324352512,0.17256554307116112,0.01742228936409007
RP11-25L3.3,2.7262557,2.5148094,0.006405735244923094,0.017418722623856134,CD4 T,CD4_T,0.023031461845993396,0.004868913857677903,0.018162547988315493
METTL8,2.72599,0.37240243,0.006410894194152979,0.01742090813628527,CD4 T,CD4_T,0.12219711454893104,0.10641385767790262,0.01578325687102841
ZNRF1,2.687469,0.2194927,0.007199577007731774,0.019484646840952028,CD4 T,CD4_T,0.20258995306796457,0.18698501872659182,0.01560493434137275
MAGI3,2.5912316,1.2686918,0.009563309096868708,0.02557034517879334,CD4 T,CD4_T,0.033895358943160106,0.016760299625468163,0.017135059317691943
ACVR1C,2.5893571,0.95488214,0.009615532840709456,0.025692806521601753,CD4 T,CD4_T,0.04284721015122546,0.025889513108614235,0.016957697042611224
EYS,2.5358255,0.37954697,0.01121826212055731,0.029895435364576447,CD4 T,CD4_T,0.0978619850512776,0.08197565543071161,0.015886329620565992
LRRC2,2.5268257,1.0184711,0.011509865707163607,0.030591005201763742,CD4 T,CD4_T,0.036763427776812116,0.019990636704119852,0.016772791072692264
NR3C2,2.5092962,0.17299452,0.012097201421509973,0.03207571190691334,CD4 T,CD4_T,0.2452633408656354,0.23291198501872656,0.01235135584690883
CTSL,2.4910445,0.075466074,0.012736813391110838,0.03367300301681649,CD4 T,CD4_T,0.15122544759256046,0.12921348314606743,0.022011964446493032
S100A10,2.4619167,0.0929525,0.013819676735324946,0.036343660053451535,CD4 T,CD4_T,0.46462715105162533,0.4542602996254683,0.010366851426157009
PPP4R4,2.4193778,2.0077653,0.015547081859987493,0.04077923110816392,CD4 T,CD4_T,0.023205284199548065,0.007116104868913857,0.01608917933063421
RP11-21J7.1,2.404137,1.677147,0.0162107050491736,0.042464191353434454,CD4 T,CD4_T,0.02494350773509474,0.008941947565543071,0.01600156016955167
RP11-351A11.1,2.4038546,0.32358298,0.016223222113661222,0.04246916783680948,CD4 T,CD4_T,0.11776464453328701,0.1033239700374532,0.014440674495833819
PELI2,2.402445,0.26102746,0.01628588065379716,0.04260531237095399,CD4 T,CD4_T,0.1923344342082392,0.18403558052434463,0.008298853683894575
LINC00478,2.3795254,1.4019097,0.017334951714342402,0.04529053354498342,CD4 T,CD4_T,0.02859377715974275,0.012827715355805245,0.015766061803937505
RP11-570L15.2,2.3440924,0.6879105,0.019073448497699465,0.049605847848373116,CD4 T,CD4_T,0.0491917260559708,0.03384831460674157,0.015343411449229231
SUSD4,2.2912183,2.0450308,0.021950789869259503,0.05675705202135618,CD4 T,CD4_T,0.02111941595689206,0.005852059925093634,0.015267356031798428
MAST4,2.1987216,0.35822713,0.027897728285681878,0.07130409785477797,CD4 T,CD4_T,0.09464627151051627,0.08113295880149814,0.013513312709018135
ST8SIA1,2.1935403,0.12817976,0.028268478696386528,0.07220556499715589,CD4 T,CD4_T,0.22718581609595,0.20749063670411988,0.01969517939183013
CDHR3,2.1900477,0.17479043,0.028520781622405653,0.07275709597552463,CD4 T,CD4_T,0.14661915522336175,0.13043071161048692,0.01618844361287483
ABHD3,2.1656616,0.15669797,0.030337052167969433,0.0770954311765424,CD4 T,CD4_T,0.27046758213106215,0.2641385767790262,0.006329005352035955
CCND2,2.157312,0.2036248,0.030981365869425553,0.07838422737362569,CD4 T,CD4_T,0.14740135581435776,0.13328651685393259,0.014114838960425174
LRRC16A,2.1323793,0.72891414,0.03297567726127314,0.08332451613713995,CD4 T,CD4_T,0.04389014427255346,0.0299625468164794,0.013927597456074057
DPYD-AS1,2.1307368,0.26369888,0.033110822148483265,0.08361318724364461,CD4 T,CD4_T,0.1295845645750044,0.1169007490636704,0.01268381551133399
NSUN6,2.1166344,0.32495496,0.03429089750859379,0.0863750566967098,CD4 T,CD4_T,0.108638970971667,0.0962546816479401,0.0123842893237269
CEBPB,2.0719137,0.10283003,0.03827348815078198,0.09580347472035539,CD4 T,CD4_T,0.34138710238136627,0.3261704119850187,0.015216690396347543
RP11-856F16.2,2.0198264,1.0882858,0.04340139113094883,0.10809810991519012,CD4 T,CD4_T,0.02711628715452808,0.013670411985018727,0.013445875169509354
WWOX,2.0136201,0.08107458,0.04404943292922126,0.10957570380403299,CD4 T,CD4_T,0.5617069355119069,0.5579588014981275,0.0037481340137793806
FAM13A,2.0080056,0.38277185,0.04464270569328812,0.1107759446483576,CD4 T,CD4_T,0.07396141143751088,0.06100187265917603,0.012959538778334848
GPR19,1.949128,0.9534723,0.05128013076541229,0.1259954072860253,CD4 T,CD4_T,0.029115244220406757,0.016151685393258428,0.012963558827148329
AC023590.1,1.9466045,0.5896308,0.05158217254760286,0.12658201852172482,CD4 T,CD4_T,0.0460629236919868,0.03328651685393258,0.01277640683805422
AVEN,1.9255021,0.24761397,0.05416658237083021,0.13211361553861029,CD4 T,CD4_T,0.1646097688162698,0.15716292134831464,0.007446847467955153
RP11-654A16.3,1.9139322,0.92448604,0.05562882434364917,0.13551479742667277,CD4 T,CD4_T,0.028680688336520085,0.015917602996254682,0.012763085340265403
IL12RB2,1.9105303,0.2355723,0.05606495986997684,0.13642215683331463,CD4 T,CD4_T,0.10603163566834699,0.0934925093632959,0.012539126305051093
TENM1,1.8764589,0.31467256,0.060592302568273484,0.14662384166551357,CD4 T,CD4_T,0.07552581261950289,0.06310861423220974,0.012417198387293146
CHRM5,1.7738676,0.38249493,0.0760850540176924,0.1818041912011766,CD4 T,CD4_T,0.06883365200764821,0.0575374531835206,0.011296198824127614
HIST1H1D,1.7727023,0.22669762,0.0762780364071847,0.18215650485297838,CD4 T,CD4_T,0.11159395098209633,0.10032771535580526,0.011266235626291074
EDA,1.7705262,1.1764731,0.07663953435923263,0.18291058319625925,CD4 T,CD4_T,0.02233617243177473,0.01053370786516854,0.011802464566606188
CTD-2562J15.6,1.7514652,0.81452554,0.07986580036262815,0.18981770733839132,CD4 T,CD4_T,0.03215713540761343,0.02059925093632959,0.011557884471283843
CTD-2113L7.1,1.7018657,0.3852264,0.08878055425382018,0.20963531110701342,CD4 T,CD4_T,0.06274986963323487,0.05177902621722847,0.010970843416006397
AC007879.5,1.6982664,0.6960858,0.08945749000166454,0.2108603182125269,CD4 T,CD4_T,0.03641578306970278,0.025280898876404497,0.011134884193298281
RP11-72M17.1,1.6690191,0.54295397,0.09511360255589599,0.22366514416436445,CD4 T,CD4_T,0.04145663132278812,0.03043071161048689,0.011025919712301234
WARS2,1.6113044,0.18818128,0.1071133912985734,0.2493908994146063,CD4 T,CD4_T,0.1819920041717365,0.17659176029962553,0.005400243872110966
RP1-67K17.4,1.5876479,0.75630826,0.11236598490558963,0.2592064242343475,CD4 T,CD4_T,0.030158178341734756,0.01966292134831461,0.010495256993420146
DACH1,1.5798668,1.2492269,0.11413737703047447,0.26298934799648493,CD4 T,CD4_T,0.021727794194333395,0.011282771535580528,0.010445022658752866
POT1-AS1,1.5705835,0.4232657,0.1162794325557825,0.2674627545848936,CD4 T,CD4_T,0.0463236572223188,0.03590823970037453,0.010415417521944269
ZNF208,1.5547976,0.7384797,0.11999427565198326,0.2755322058598927,CD4 T,CD4_T,0.03311315835216411,0.022940074906367045,0.010173083445797062
WDR74,1.4929152,0.120487966,0.1354594034229887,0.30838794177117523,CD4 T,CD4_T,0.25308534677559547,0.24925093632958806,0.003834410446007408
ARHGAP11B,1.4885498,0.37272856,0.1366059468814232,0.3104680610941436,CD4 T,CD4_T,0.06162002433512952,0.05215355805243446,0.009466466282695055
RAB11A,1.4731607,0.04555751,0.1407077000479886,0.31906507947389706,CD4 T,CD4_T,0.45480618807578665,0.47125468164794027,-0.01644849357215361
SSBP2,1.458367,0.14687474,0.14473940421817932,0.32746471542574507,CD4 T,CD4_T,0.2163219189987833,0.2124063670411985,0.003915551957584806
RP11-755B10.2,1.439124,0.21330117,0.15011541230305825,0.3380977754573384,CD4 T,CD4_T,0.1314096992873284,0.12415730337078652,0.007252395916541879
C2orf15,1.4319236,0.20814762,0.15216568230938518,0.3419453535042364,CD4 T,CD4_T,0.11602642099774035,0.10767790262172286,0.008348518376017494
IL2RA,1.4067363,0.63936037,0.1595056194435902,0.3574355617783534,CD4 T,CD4_T,0.07543890144272555,0.06938202247191011,0.006056878970815444
DEPDC4,1.3955265,0.3637053,0.16285712125654728,0.36398603474485347,CD4 T,CD4_T,0.052841995480618825,0.043773408239700384,0.009068587240918441
RP1-167A14.2,1.3954382,0.28771263,0.16288375054832194,0.36398603474485347,CD4 T,CD4_T,0.08612897618633757,0.0779494382022472,0.008179537984090365
RP11-17A1.3,1.3948294,0.3940558,0.16306730644665635,0.36419275588309624,CD4 T,CD4_T,0.04971319311663481,0.04068352059925094,0.009029672517383867
KB-1047C11.2,1.3360422,0.3517751,0.18153550950359976,0.40096192049387025,CD4 T,CD4_T,0.05371110724839216,0.045037453183520613,0.008673654064871548
LINC01036,1.3300138,0.54006284,0.18351375307587092,0.40488417667042675,CD4 T,CD4_T,0.03302624717538677,0.02425093632958802,0.008775310845798748
KALRN,1.3261695,1.4163051,0.18478356530788786,0.4074610039865223,CD4 T,CD4_T,0.015383278289588045,0.006554307116104869,0.008828971173483175
RP4-620F22.2,1.3249019,0.5701973,0.18520369537462822,0.40816241404876746,CD4 T,CD4_T,0.030158178341734756,0.02134831460674158,0.008809863734993175
PKP4,1.3198779,0.26094177,0.18687581580544954,0.41139420100264074,CD4 T,CD4_T,0.09977403094037895,0.09255617977528091,0.007217851165098044
RP11-123O10.4,1.3181508,1.2709538,0.18745320049166714,0.4124382849101587,CD4 T,CD4_T,0.015991656527029382,0.007209737827715355,0.008781918699314026
EHBP1,1.2835209,0.16345565,0.19930962618847325,0.43612609669250163,CD4 T,CD4_T,0.1661741699982618,0.16081460674157305,0.0053595632566887375
RP11-342D11.3,1.2824886,1.4103677,0.199671306548039,0.43667863651840133,CD4 T,CD4_T,0.013992699461150709,0.005430711610486892,0.008561987850663817
CLMP,1.2699571,0.37332523,0.20409992939068344,0.4444200966590821,CD4 T,CD4_T,0.04336867721188946,0.03497191011235955,0.008396767099529912
RNLS,1.2144144,0.27502185,0.22458952940481836,0.48533663836805696,CD4 T,CD4_T,0.08134886146358422,0.07439138576779028,0.006957475695793941
PARD3,1.2129183,0.80144215,0.22516107981006772,0.48630902766753287,CD4 T,CD4_T,0.023726751260212068,0.015730337078651686,0.007996414181560382
MMS22L,1.1806146,0.13319762,0.23775584622031432,0.5104795409990646,CD4 T,CD4_T,0.16069876586128978,0.15477528089887643,0.00592348496241335
RAD51B,1.113568,0.07969352,0.2654645996202797,0.5606432938126287,CD4 T,CD4_T,0.3211367981922476,0.3232209737827716,-0.0020841755905239845
ZNF831,1.0890374,0.26125062,0.27613736031464664,0.5813418111887299,CD4 T,CD4_T,0.0553624196071615,0.04822097378277155,0.007141445824389948
PER3,1.081814,0.21331635,0.27933518380247413,0.5874556967454766,CD4 T,CD4_T,0.07848079262993224,0.07176966292134832,0.006711129708583924
PCNXL2,1.0502076,0.06448848,0.2936226883841573,0.6116871949718979,CD4 T,CD4_T,0.3805840431079438,0.3740168539325843,0.006567189175359478
AP000487.6,1.0499029,0.098175384,0.29376277538525397,0.6116871949718979,CD4 T,CD4_T,0.2930644880931688,0.29882958801498133,-0.005765099921812511
PARP16,1.039589,0.21574798,0.2985308837108127,0.6200018353287907,CD4 T,CD4_T,0.08786719972188424,0.08192883895131087,0.005938360770573373
RP11-53B2.3,1.0277419,1.0427662,0.30407127224363817,0.6292214635150298,CD4 T,CD4_T,0.014427255345037375,0.007584269662921348,0.006842985682116027
ZC4H2,0.9890826,0.15578578,0.3226227326016826,0.6641744366478283,CD4 T,CD4_T,0.11480966452285767,0.1094569288389513,0.0053527356839063595
CTD-2525I3.6,0.9873494,0.39666542,0.32347138095113526,0.6655789731504841,CD4 T,CD4_T,0.035199026594820104,0.028745318352059925,0.006453708242760179
CRB1,0.9765992,0.21798374,0.3287676131449292,0.6740494375088245,CD4 T,CD4_T,0.06301060316356685,0.05674157303370786,0.0062690301298589934
MTRNR2L2,0.97367644,0.10877742,0.330217229431354,0.6766746504740861,CD4 T,CD4_T,0.24934816617417008,0.250936329588015,-0.0015881634138449063
PPAP2A,0.9676066,0.10827925,0.33324088958776243,0.6821717289411718,CD4 T,CD4_T,0.2165826525291153,0.21549625468164793,0.001086397847467363
HS3ST3B1,0.9607579,0.268945,0.33667391049935813,0.6874403481354938,CD4 T,CD4_T,0.10672692508256565,0.10355805243445694,0.0031688726481087087
TRPC1,0.9321553,0.3626122,0.3512562664257006,0.7142984573984761,CD4 T,CD4_T,0.038240917782026776,0.03220973782771536,0.006031179954311419
AC064834.1,0.9244729,2.752788,0.3552401317640945,0.7205245455467398,CD4 T,CD4_T,0.007387450026073355,0.0012172284644194756,0.006170221561653879
UBE3D,0.91211206,0.15061533,0.36170973700243025,0.7310959818139064,CD4 T,CD4_T,0.12332695984703637,0.11900749063670411,0.004319469210332258
TACR1,0.9017793,0.68817633,0.36717411502223973,0.7406437015072914,CD4 T,CD4_T,0.018251347123240055,0.012265917602996257,0.005985429520243798
NEB,0.8689839,0.3156836,0.38485593920022176,0.7700969268638754,CD4 T,CD4_T,0.045454545454545456,0.039981273408239704,0.005473272046305752
RP11-91P24.7,0.86356246,0.19868824,0.3878282816939773,0.775268928923493,CD4 T,CD4_T,0.0799582826351469,0.07495318352059926,0.005005099114547634
FANK1,0.8581069,1.5671256,0.3908334152067894,0.7800908258808283,CD4 T,CD4_T,0.010429341213280029,0.0047284644194756555,0.0057008767938043735
PIWIL2,0.8512022,0.6398651,0.39465704382568223,0.7865611237183502,CD4 T,CD4_T,0.01929428124456806,0.013670411985018727,0.0056238692595493335
LINC00511,0.8490162,1.5256833,0.3958722780885454,0.7874137803849734,CD4 T,CD4_T,0.009820962975838695,0.004166666666666667,0.005654296309172029
HIST1H2AG,0.8389699,0.5891574,0.4014862085204446,0.7969949548792944,CD4 T,CD4_T,0.018685903007126727,0.013108614232209739,0.005577288774916988
APBA1,0.8364865,1.1865908,0.4028812720534801,0.7989712881576205,CD4 T,CD4_T,0.0108638970971667,0.005290262172284645,0.0055736349248820555
C15orf41,0.83516586,0.2030057,0.4036243194409418,0.8000482050365547,CD4 T,CD4_T,0.06553102729010954,0.06039325842696629,0.005137768863143252
LST1,0.83286107,0.37045264,0.4049231018587722,0.8018279244728163,CD4 T,CD4_T,0.038414740135581445,0.03314606741573034,0.005268672719851104
L2HGDH,0.82570887,0.17200884,0.40896925727728983,0.8082396388879246,CD4 T,CD4_T,0.08213106205458023,0.07720037453183523,0.004930687522745003
CHN1,0.81970483,0.92498267,0.41238438280754053,0.8125016767096099,CD4 T,CD4_T,0.014514166521814708,0.009082397003745319,0.005431769518069389
ANKRD18A,0.81941843,2.647832,0.4125477263493045,0.8125016767096099,CD4 T,CD4_T,0.006779071788632019,0.0013108614232209736,0.005468210365411045
TMEM178B,0.8130975,1.1357003,0.416162156928234,0.8178345984310842,CD4 T,CD4_T,0.011124630627498697,0.005711610486891387,0.00541302014060731
GADD45G,0.8107366,0.5912461,0.41751694682005924,0.8194640761924618,CD4 T,CD4_T,0.029028333043629423,0.023876404494382025,0.005151928549247398
DIRC3,0.8020846,0.32516953,0.4225039944711917,0.8284392048454738,CD4 T,CD4_T,0.042673387797670784,0.037593632958801505,0.005079754838869278
NIPAL1,0.7940531,0.54610884,0.42716452956363593,0.835938414018857,CD4 T,CD4_T,0.019468103598122722,0.014185393258426967,0.005282710339695755
NUP210L,0.7907427,0.31753996,0.42909415046028576,0.83930396178051,CD4 T,CD4_T,0.04041369720146011,0.03539325842696629,0.005020438774493818
KLF5,0.7804252,0.85972476,0.43514064066986613,0.8498840638083323,CD4 T,CD4_T,0.016513123587693388,0.011376404494382025,0.0051367190933113635
C14orf132,0.77418715,2.466785,0.43882012044265806,0.8541510860197723,CD4 T,CD4_T,0.006431427081522685,0.0012640449438202246,0.00516738213770246
RP11-563J2.2,0.7598426,0.17866135,0.4473486779829976,0.8686382096757235,CD4 T,CD4_T,0.09229966973752826,0.08834269662921351,0.003956973108314749
CENPP,0.75646216,0.09585238,0.4493721666438084,0.8712984326588625,CD4 T,CD4_T,0.20258995306796457,0.20098314606741574,0.0016068070005488266
TMEM232,0.7501321,0.62341183,0.4531751641989027,0.8778211413053806,CD4 T,CD4_T,0.017556057709021387,0.0125936329588015,0.004962424750219886
MAPK8,0.73728424,0.004908137,0.46094950877131935,0.8894346527184165,CD4 T,CD4_T,0.5130366765166001,0.5301966292134833,-0.017159952696883196
SAMSN1-AS1,0.7234138,1.057883,0.46942568610587243,0.9011555595849345,CD4 T,CD4_T,0.010342430036502702,0.00552434456928839,0.004818085467214311
CHAC1,0.7179705,0.71889204,0.47277549972687205,0.9057001910476475,CD4 T,CD4_T,0.015470189466365379,0.010720973782771537,0.004749215683593842
S100A11,0.7119098,0.022591816,0.47652065481646233,0.9111293591136946,CD4 T,CD4_T,0.3853641578306971,0.3750000000000001,0.010364157830696996
FAM227B,0.7095958,0.16142641,0.47795483009091577,0.9125629214146362,CD4 T,CD4_T,0.07535199026594822,0.07106741573033708,0.004284574535611138
RP4-769N13.7,0.70773035,0.45652905,0.47911272481188316,0.9139012395076456,CD4 T,CD4_T,0.022683817138884066,0.018024344569288392,0.004659472569595674
MAP1LC3A,0.7009018,0.27938998,0.4833643109132145,0.9211325601014092,CD4 T,CD4_T,0.06379280375456287,0.06006554307116105,0.0037272606834018174
ADAM19,0.693348,0.18597661,0.4880911841365012,0.9279300078640706,CD4 T,CD4_T,0.08804102207543892,0.08478464419475658,0.0032563778806823374
ZC2HC1A,0.6861709,0.72876275,0.49260537909137947,0.9347350646895246,CD4 T,CD4_T,0.026247175386754744,0.022003745318352065,0.004243430068402679
FAR2,0.6762787,0.20890571,0.49886370274911707,0.944370473732356,CD4 T,CD4_T,0.09360333738918827,0.09110486891385769,0.002498468475330584
TSHR,0.6679211,0.93990797,0.5041839512533888,0.951296346241472,CD4 T,CD4_T,0.010255518859725367,0.005805243445692885,0.004450275414032482
UPP2,0.66285074,0.591126,0.5074261638476318,0.9560549483704791,CD4 T,CD4_T,0.016513123587693388,0.012125468164794009,0.004387655422899379
ACER2,0.6605727,0.5453196,0.5088863777572095,0.9580524231308002,CD4 T,CD4_T,0.017382235355466718,0.01301498127340824,0.004367254082058477
PARD3B,0.65871155,0.52941525,0.5100810260305666,0.9586114635708013,CD4 T,CD4_T,0.019207370067790726,0.014887640449438203,0.004319729618352523
GAS2,0.6545333,0.33123356,0.5127682557090943,0.9606899404385844,CD4 T,CD4_T,0.028159221275856083,0.023876404494382025,0.004282816781474057
IGSF9B,0.65125525,1.4014647,0.5148817239008607,0.9638163668878813,CD4 T,CD4_T,0.007387450026073355,0.003043071161048689,0.004344378865024666
AC105461.1,0.6508305,0.1725174,0.5151559136934456,0.9638163668878813,CD4 T,CD4_T,0.06049017903702418,0.05646067415730337,0.004029504879720813
KANK1,0.6393344,0.32507938,0.522605436709499,0.9751447357353067,CD4 T,CD4_T,0.06605249435077354,0.06324906367041198,0.0028034306803615544
RP11-544A12.4,0.62487704,0.08071427,0.5320517500638691,0.9857647993396318,CD4 T,CD4_T,0.22562141491395798,0.22640449438202248,-0.0007830794680644959
RP11-307L3.4,0.61822706,0.14168255,0.5364256805917449,0.9906291423670266,CD4 T,CD4_T,0.10568399096123765,0.10280898876404496,0.0028750021971926942
H1FX,0.6155487,0.09574949,0.5381924551225425,0.9920598251106776,CD4 T,CD4_T,0.18129671475751782,0.18071161048689144,0.0005851042706263854
S100Z,0.61500627,1.1601348,0.5385505871934746,0.9922627124707041,CD4 T,CD4_T,0.008864940031288031,0.0047752808988764045,0.004089659132411627
PRKG2,0.6115277,0.37180343,0.5408502988411523,0.9951247448779252,CD4 T,CD4_T,0.0214670606640014,0.01741573033707865,0.004051330326922748
AC002331.1,0.6080942,2.7519379,0.5431249989353768,0.9983915421606191,CD4 T,CD4_T,0.0050408482530853475,0.0009831460674157306,0.004057702185669617
GREM2,0.59688693,0.7644902,0.5505828686288218,0.9999995137519783,CD4 T,CD4_T,0.010950808273944035,0.00697565543071161,0.003975152843232425
CASC15,0.59591186,0.5442748,0.5512341073717153,0.9999995137519783,CD4 T,CD4_T,0.018512080653572058,0.014606741573033707,0.003905339080538351
WDR78,0.5870728,0.25413522,0.5571548051571109,0.9999995137519783,CD4 T,CD4_T,0.031983313054058764,0.028136704119850187,0.0038466089342085764
ENPP2,0.5744852,0.6936295,0.5656395044836457,0.9999995137519783,CD4 T,CD4_T,0.011733008864940032,0.007911985018726591,0.003821023846213441
Z83001.1,0.5664366,0.1425065,0.5710970322710069,0.9999995137519783,CD4 T,CD4_T,0.07604727968016689,0.07275280898876405,0.0032944706914028454
TMEM156,0.5524107,0.08266291,0.5806669697756891,0.9999995137519783,CD4 T,CD4_T,0.19555014774900054,0.19573970037453187,-0.00018955262553133068
FAM160A1,0.54738116,0.5757005,0.5841168751222041,0.9999995137519783,CD4 T,CD4_T,0.014253432991482708,0.01062734082397004,0.003626092167512668
CXADR,0.5390937,1.0399286,0.5898222251665387,0.9999995137519783,CD4 T,CD4_T,0.007387450026073355,0.003792134831460674,0.0035953151946126805
CNGA1,0.5380814,1.367735,0.5905208405526451,0.9999995137519783,CD4 T,CD4_T,0.006257604727968018,0.0026685393258426967,0.0035890654021253215
CYP7B1,0.5376085,1.3029103,0.5908473560652117,0.9999995137519783,CD4 T,CD4_T,0.006952894142186687,0.0033707865168539327,0.0035821076253327545
IMPG2,0.53314024,0.6388698,0.5939365136495455,0.9999995137519783,CD4 T,CD4_T,0.012428298279158702,0.008895131086142323,0.003533167193016379
WEE2-AS1,0.5308616,0.1915826,0.5955146886268256,0.9999995137519783,CD4 T,CD4_T,0.040935164262124124,0.037500000000000006,0.0034351642621241185
CSTB,0.5294252,-0.023455914,0.5965105244197426,0.9999995137519783,CD4 T,CD4_T,0.3917955849122198,0.3715823970037454,0.020213187908474373
SNAP25-AS1,0.52506965,0.4803855,0.5995347672026821,0.9999995137519783,CD4 T,CD4_T,0.013471232400486706,0.009971910112359553,0.0034993222881271532
TBC1D32,0.52416104,0.091576725,0.600166556035042,0.9999995137519783,CD4 T,CD4_T,0.1388840604901791,0.13689138576779025,0.001992674722388843
SERPINE2,0.51053005,0.45976895,0.6096801462866378,0.9999995137519783,CD4 T,CD4_T,0.016426212410916054,0.013061797752808989,0.003364414658107065
RP11-563E2.2,0.5088292,0.83101916,0.6108719605638794,0.9999995137519783,CD4 T,CD4_T,0.008169650617069361,0.0047752808988764045,0.003394369718192957
RP11-178L8.9,0.4915003,0.457742,0.623072651270437,0.9999995137519783,CD4 T,CD4_T,0.016773857118025384,0.01352996254681648,0.0032438945712089037
KSR2,0.4785318,0.6417424,0.6322717505400341,0.9999995137519783,CD4 T,CD4_T,0.011733008864940032,0.008567415730337077,0.003165593134602955
KIAA1328,0.4768236,0.07510077,0.633487749268826,0.9999995137519783,CD4 T,CD4_T,0.21588736311489665,0.21671348314606742,-0.0008261200311707739
CEP112,0.4569674,0.13030763,0.6476944677575113,0.9999995137519783,CD4 T,CD4_T,0.06613940552755086,0.06338951310861424,0.0027498924189366253
CTC-326K19.6,0.45586252,0.44247073,0.6484888338305591,0.9999995137519783,CD4 T,CD4_T,0.016252390057361385,0.013249063670411985,0.0030033263869494
RP11-284M14.1,0.45110843,0.11683414,0.6519113985501516,0.9999995137519783,CD4 T,CD4_T,0.10125152094559363,0.09925093632958804,0.0020005846160055935
RP11-106M7.1,0.44841358,0.42219672,0.6538547478119161,0.9999995137519783,CD4 T,CD4_T,0.013384321223709372,0.010393258426966295,0.002991062796743077
DKFZP779L1853,0.4466243,0.47050223,0.6551463390158441,0.9999995137519783,CD4 T,CD4_T,0.013905788284373374,0.010955056179775283,0.0029507321045980917
ISM1,0.42752627,1.3009877,0.6689960625277929,0.9999995137519783,CD4 T,CD4_T,0.0048670258995306805,0.00201310861423221,0.0028539172852984707
FRY,0.42144057,0.17842005,0.6734333945868682,0.9999995137519783,CD4 T,CD4_T,0.06135929080479752,0.05908239700374532,0.002276893801052199
FRMD4A,0.42101094,0.17012656,0.6737470973035775,0.9999995137519783,CD4 T,CD4_T,0.059447244915696175,0.057162921348314605,0.00228432356738157
MIRLET7DHG,0.41238213,0.22204767,0.6800593552392169,0.9999995137519783,CD4 T,CD4_T,0.03137493481661743,0.028745318352059925,0.0026296164645575014
ARHGEF38,0.40731418,0.28778926,0.6837772451152465,0.9999995137519783,CD4 T,CD4_T,0.02190161654788806,0.019241573033707868,0.0026600435141801923
AC107218.3,0.39459923,0.25930443,0.6931386927659533,0.9999995137519783,CD4 T,CD4_T,0.021380149487224064,0.018773408239700376,0.0026067412475236883
RP11-58G13.1,0.39382282,0.15983446,0.6937118609569636,0.9999995137519783,CD4 T,CD4_T,0.039023118373022775,0.036516853932584276,0.0025062644404384993
NEBL,0.3870174,1.3897945,0.6987433248908614,0.9999995137519783,CD4 T,CD4_T,0.004780114722753346,0.002200374531835206,0.0025797401909181403
CLNK,0.382579,0.6850772,0.7020319543115074,0.9999995137519783,CD4 T,CD4_T,0.010429341213280029,0.007911985018726591,0.0025173561945534377
ECSCR,0.38253328,1.7001338,0.7020658496353089,0.9999995137519783,CD4 T,CD4_T,0.00391100295498001,0.0013576779026217226,0.0025533250523582874
IFNG-AS1,0.38035825,0.16095518,0.7036794991408903,0.9999995137519783,CD4 T,CD4_T,0.06205458021901619,0.060112359550561795,0.0019422206684543974
EXOC6B,0.3776506,0.04517989,0.7056901750392808,0.9999995137519783,CD4 T,CD4_T,0.33530332000695295,0.341994382022472,-0.006691062015519056
RP11-782C8.1,0.37657374,0.5292437,0.7064904018366271,0.9999995137519783,CD4 T,CD4_T,0.011385364157830698,0.008895131086142323,0.0024902330716883754
ACKR4,0.37592533,0.1943696,0.7069724154449493,0.9999995137519783,CD4 T,CD4_T,0.03076655657917609,0.028323970037453183,0.002442586541722906
PACRG,0.3709817,0.6042137,0.7106511666824398,0.9999995137519783,CD4 T,CD4_T,0.008691117677733362,0.006226591760299625,0.002464525917433737
RP11-7F17.4,0.36991277,0.61108613,0.7114474874697956,0.9999995137519783,CD4 T,CD4_T,0.008082739440292027,0.005617977528089889,0.002464761912202138
FRMD4B,0.36872745,0.21953619,0.7123308909888232,0.9999995137519783,CD4 T,CD4_T,0.039023118373022775,0.03679775280898877,0.002225365564034007
AC003051.1,0.3616795,0.4821532,0.7175915603023876,0.9999995137519783,CD4 T,CD4_T,0.011385364157830698,0.008988764044943821,0.0023966001128868774
SPATS2L,0.3546876,0.25694826,0.7228236486371937,0.9999995137519783,CD4 T,CD4_T,0.048409525464974804,0.04662921348314608,0.0017803119818287222
RP11-554I8.1,0.34341756,0.90985334,0.7312843521888235,0.9999995137519783,CD4 T,CD4_T,0.0048670258995306805,0.0025749063670411983,0.002292119532489482
OSBP2,0.34271306,0.1815963,0.7318143313430232,0.9999995137519783,CD4 T,CD4_T,0.045280723100990794,0.043258426966292146,0.002022296134698648
CATSPERB,0.3408001,0.07133787,0.7332540805126919,0.9999995137519783,CD4 T,CD4_T,0.11507039805318967,0.11320224719101124,0.0018681508621784249
SH3RF3,0.340432,0.1276415,0.7335312219817609,0.9999995137519783,CD4 T,CD4_T,0.10577090213801499,0.10547752808988764,0.00029337404812734835
RP11-179A10.1,0.33550972,1.5137998,0.7372406252546636,0.9999995137519783,CD4 T,CD4_T,0.0037371806014253432,0.00149812734082397,0.0022390532606013733
RP11-45F15.2,0.33429694,0.4863317,0.7381554873061152,0.9999995137519783,CD4 T,CD4_T,0.011472275334608033,0.009269662921348315,0.0022026124132597177
RP5-1011O1.2,0.3324961,1.0324919,0.7395146725750292,0.9999995137519783,CD4 T,CD4_T,0.004606292369198679,0.0023876404494382023,0.002218651919760477
SUGCT,0.33243823,0.16076979,0.7395583824142318,0.9999995137519783,CD4 T,CD4_T,0.047801147227533466,0.0458801498127341,0.0019209974147993691
RP11-761E20.1,0.33061728,0.8007246,0.7409336005587439,0.9999995137519783,CD4 T,CD4_T,0.006692160611854686,0.0044943820224719105,0.0021977785893827753
TEAD1,0.33049113,1.5693345,0.7410289024163529,0.9999995137519783,CD4 T,CD4_T,0.0035633582478706762,0.0013576779026217226,0.0022056803452489534
LZTS1,0.32936186,1.0689328,0.7418821920032983,0.9999995137519783,CD4 T,CD4_T,0.004258647662089345,0.002059925093632959,0.0021987225684563863
ZNF536,0.32780907,1.5764124,0.7430560408872416,0.9999995137519783,CD4 T,CD4_T,0.0038240917782026767,0.0016385767790262171,0.00218551499917646
CCR9,0.32534882,0.5906947,0.7449170860827887,0.9999995137519783,CD4 T,CD4_T,0.0077350947331826896,0.005571161048689139,0.00216393368449355
RNASEH2B-AS1,0.32272282,0.3161947,0.7469051664673276,0.9999995137519783,CD4 T,CD4_T,0.017556057709021387,0.01544943820224719,0.002106619506774196
RP11-1100L3.7,0.32145157,0.60003644,0.7478682084839953,0.9999995137519783,CD4 T,CD4_T,0.006779071788632019,0.0046348314606741575,0.0021442403279578618
AP000692.10,0.3204582,0.48480776,0.7486210033613939,0.9999995137519783,CD4 T,CD4_T,0.014253432991482708,0.012172284644194759,0.00208114834728795
AC005808.3,0.32028636,0.5327452,0.7487512658316879,0.9999995137519783,CD4 T,CD4_T,0.007474361202850688,0.005337078651685394,0.002137282551165294
RP11-203J24.8,0.3150746,0.36844593,0.7527050267753143,0.9999995137519783,CD4 T,CD4_T,0.013036676516600038,0.010955056179775283,0.002081620336824755
KCTD16,0.31462362,0.32220167,0.7530474504376984,0.9999995137519783,CD4 T,CD4_T,0.012949765339822703,0.010861423220973786,0.002088342118848917
EGLN3,0.30937284,0.25324538,0.75703793235533,0.9999995137519783,CD4 T,CD4_T,0.021206327133669396,0.01919475655430712,0.002011570579362274
CTB-161M19.4,0.30099452,0.31980994,0.763418682815974,0.9999995137519783,CD4 T,CD4_T,0.01494872240570138,0.01296816479400749,0.001980557611693889
DCHS1,0.30075562,0.946131,0.7636008568541688,0.9999995137519783,CD4 T,CD4_T,0.005649226490526683,0.0036516853932584267,0.001997541097268256
RP11-453F18--B.1,0.2931159,0.49233902,0.7694335591714873,0.9999995137519783,CD4 T,CD4_T,0.010081696506170698,0.008146067415730337,0.0019356290904403613
ZNF569,0.29199946,0.06251257,0.770287047654519,0.9999995137519783,CD4 T,CD4_T,0.14505475404136975,0.14428838951310863,0.0007663645282611209
CHST11,0.2918294,-0.0027742477,0.7704170520564018,0.9999995137519783,CD4 T,CD4_T,0.6859030071267166,0.6956928838951313,-0.009789876768414696
CALD1,0.29167524,0.3334146,0.7705349469299918,0.9999995137519783,CD4 T,CD4_T,0.013992699461150709,0.01207865168539326,0.0019140477757574482
RP11-10L7.1,0.29003283,0.26718172,0.7717911121615808,0.9999995137519783,CD4 T,CD4_T,0.014514166521814708,0.0125936329588015,0.0019205335630132075
HCAR1,0.28803697,0.4174818,0.7733184262171549,0.9999995137519783,CD4 T,CD4_T,0.012515209455936037,0.01062734082397004,0.001887868631965996
UFL1-AS1,0.2853458,0.17846923,0.7753792413591435,0.9999995137519783,CD4 T,CD4_T,0.029810533634625425,0.02799625468164794,0.0018142789529774841
GLRA1,0.28181174,0.45037085,0.7780878635802846,0.9999995137519783,CD4 T,CD4_T,0.009125673561620027,0.007256554307116105,0.001869119254503922
ABCC11,0.2776628,0.5128326,0.78127121582321,0.9999995137519783,CD4 T,CD4_T,0.008256561793846696,0.006413857677902621,0.0018427041159440744
FGF14,0.26552984,1.4357839,0.7906013320959561,0.9999995137519783,CD4 T,CD4_T,0.0031288023639840083,0.0013576779026217226,0.0017711244613622856
GLB1L3,0.26345536,1.0055448,0.7921996254795208,0.9999995137519783,CD4 T,CD4_T,0.00391100295498001,0.002153558052434457,0.0017574449025455534
PRKX-AS1,0.25699976,0.067660786,0.7971789594580088,0.9999995137519783,CD4 T,CD4_T,0.08899704501998958,0.08745318352059928,0.0015438614993903005
FILIP1,0.2530696,0.4691055,0.800214430701258,0.9999995137519783,CD4 T,CD4_T,0.008604206500956028,0.006928838951310861,0.0016753675496451667
PVRL3-AS1,0.25020838,0.53843826,0.8024262165198943,0.9999995137519783,CD4 T,CD4_T,0.005649226490526683,0.003979400749063671,0.0016698257414630123
CTC-379B2.4,0.24939601,0.4127286,0.8030544741214259,0.9999995137519783,CD4 T,CD4_T,0.008864940031288031,0.007209737827715355,0.0016552022035726758
RP5-1056L3.1,0.24922416,0.59428793,0.8031874001583005,0.9999995137519783,CD4 T,CD4_T,0.005127759429862681,0.0034644194756554307,0.0016633399542072503
RP11-484D2.5,0.24289165,0.42305824,0.8080893339547854,0.9999995137519783,CD4 T,CD4_T,0.007561272379628022,0.005945692883895132,0.0016155794957328894
CTB-161K23.1,0.24091469,0.6701324,0.8096212388015204,0.9999995137519783,CD4 T,CD4_T,0.005301581783417348,0.0036985018726591757,0.0016030799107581723
RP11-355F16.1,0.23188245,0.42653066,0.816629315447734,0.9999995137519783,CD4 T,CD4_T,0.009299495915174696,0.007771535580524345,0.001527960334650351
C9orf171,0.23134007,0.5329382,0.8170506230068468,0.9999995137519783,CD4 T,CD4_T,0.006779071788632019,0.005243445692883896,0.001535626095748123
ST6GALNAC5,0.2284508,1.5742702,0.8192958022233404,0.9999995137519783,CD4 T,CD4_T,0.0026942464800973403,0.0011704119850187266,0.0015238344950786137
RLN1,0.22842704,0.49597418,0.8193142774923008,0.9999995137519783,CD4 T,CD4_T,0.007039805318964021,0.00552434456928839,0.0015154607496756303
TM4SF20,0.2276031,0.5295105,0.8199548154249585,0.9999995137519783,CD4 T,CD4_T,0.00582304884408135,0.004307116104868914,0.0015159327392124363
UBXN10-AS1,0.22500452,0.9214229,0.8219757584793542,0.9999995137519783,CD4 T,CD4_T,0.0029549800104293413,0.0014513108614232207,0.0015036691490061206
AL096677.1,0.21741356,0.87440467,0.8278860607657303,0.9999995137519783,CD4 T,CD4_T,0.0036502694246480097,0.002200374531835206,0.001449894892812804
DLEU7,0.21551949,0.5536022,0.8293623238616032,0.9999995137519783,CD4 T,CD4_T,0.009647140622284034,0.008239700374531835,0.0014074402477521984
RP11-499F3.2,0.2140654,0.5470409,0.83049605477837,0.9999995137519783,CD4 T,CD4_T,0.00582304884408135,0.004400749063670412,0.0014222997804109383
PIEZO1,0.21076599,0.0959427,0.8330698745577811,0.9999995137519783,CD4 T,CD4_T,0.0556231531374935,0.054307116104868915,0.0013160370326245827
C9orf84,0.2093497,0.16623989,0.8341752567572073,0.9999995137519783,CD4 T,CD4_T,0.02033721536589606,0.018960674157303375,0.0013765412085926833
RP11-159F24.5,0.208257,0.38067985,0.8350282994133128,0.9999995137519783,CD4 T,CD4_T,0.006865982965409353,0.005477528089887641,0.0013884548755217115
NMNAT3,0.20822653,0.14015155,0.8350520903390224,0.9999995137519783,CD4 T,CD4_T,0.05736137667304017,0.05650749063670412,0.0008538860363360504
RP11-360P21.2,0.2079468,0.53543234,0.8352704980877201,0.9999995137519783,CD4 T,CD4_T,0.005736137667304016,0.004353932584269663,0.0013822050830343538
NTN4,0.2069175,0.21028392,0.8360742907656629,0.9999995137519783,CD4 T,CD4_T,0.013123587693377372,0.011750936329588017,0.0013726513637893553
CTA-445C9.14,0.20591623,0.48785737,0.8368563563979885,0.9999995137519783,CD4 T,CD4_T,0.006518338258300019,0.0051498127340823974,0.0013685255242176213
NOSTRIN,0.20179896,0.523802,0.8400738893773126,0.9999995137519783,CD4 T,CD4_T,0.005649226490526683,0.004307116104868914,0.0013421103856577693
TMEM154,0.20129436,0.088638976,0.8404684079279546,0.9999995137519783,CD4 T,CD4_T,0.11663479923518168,0.1169943820224719,-0.0003595827872902163
ANKRD30BL,0.201064,0.19887812,0.840648527552098,0.9999995137519783,CD4 T,CD4_T,0.01686076829480272,0.01554307116104869,0.0013176971337540283
RP11-103B5.2,0.20059963,0.14189133,0.8410116511932952,0.9999995137519783,CD4 T,CD4_T,0.019207370067790726,0.017883895131086142,0.0013234749367045835
MAPT-AS1,0.20052162,0.97729886,0.8410726516608861,0.9999995137519783,CD4 T,CD4_T,0.0033026247175386753,0.001966292134831461,0.0013363325827072145
GTSCR1,0.19771706,0.30294272,0.8432664401840915,0.9999995137519783,CD4 T,CD4_T,0.010429341213280029,0.009129213483146069,0.0013001277301339601
RP11-46O21.2,0.19753362,0.21598011,0.8434099704496381,0.9999995137519783,CD4 T,CD4_T,0.011559186511385367,0.010252808988764047,0.0013063775226213204
HSPA1B,0.19472602,0.29637596,0.8456074403733279,0.9999995137519783,CD4 T,CD4_T,0.02016339301234139,0.018960674157303375,0.0012027188550380145
SYNPO2,0.19437744,0.523453,0.8458803600007903,0.9999995137519783,CD4 T,CD4_T,0.0050408482530853475,0.003745318352059925,0.0012955299010254224
FRMD5,0.19317016,0.20841077,0.8468257016474874,0.9999995137519783,CD4 T,CD4_T,0.028246132452633417,0.027106741573033707,0.0011393908795997096
CTD-2246P4.1,0.18824482,1.1731728,0.850684737085665,0.9999995137519783,CD4 T,CD4_T,0.0025204241265426733,0.0012640449438202246,0.0012563791827224487
ITIH4,0.1862386,0.64729583,0.852257649494807,0.9999995137519783,CD4 T,CD4_T,0.00391100295498001,0.0026685393258426967,0.0012424636291373135
PROX2,0.18508132,0.41524255,0.8531652564296992,0.9999995137519783,CD4 T,CD4_T,0.007126716495741354,0.005898876404494383,0.001227840091246971
OPCML,0.18124196,0.42210984,0.8561776606207345,0.9999995137519783,CD4 T,CD4_T,0.005562315313749349,0.004353932584269663,0.0012083827294796868
AC079354.1,0.18058683,0.6658999,0.8566918925877831,0.9999995137519783,CD4 T,CD4_T,0.004432470015644012,0.0032303370786516852,0.001202132936992327
NOS1,0.17842582,0.83779925,0.8583885707309329,0.9999995137519783,CD4 T,CD4_T,0.0033895358943160088,0.002200374531835206,0.001189161362480803
KLHL25,0.174932,0.1045492,0.8611330580511287,0.9999995137519783,CD4 T,CD4_T,0.038414740135581445,0.03731273408239701,0.0011020060531844317
CLDN2,0.17320369,1.3084341,0.862491323156074,0.9999995137519783,CD4 T,CD4_T,0.001998957065878672,0.0008426966292134833,0.0011562604366651885
GDAP1L1,0.17038451,0.19209717,0.8647077562378731,0.9999995137519783,CD4 T,CD4_T,0.010776985920389366,0.009644194756554307,0.0011327911638350594
CNTN2,0.16635318,0.75738364,0.8678790151847888,0.9999995137519783,CD4 T,CD4_T,0.0032157135407613418,0.002106741573033708,0.001108971967727634
RP11-755B10.4,0.16620265,0.19374593,0.8679974695413839,0.9999995137519783,CD4 T,CD4_T,0.02763775421519208,0.02668539325842697,0.0009523609567651109
ANKS1B,0.16595462,0.31099546,0.8681926619286094,0.9999995137519783,CD4 T,CD4_T,0.009473318268729365,0.008380149812734081,0.0010931684559952835
FAM81B,0.16573158,0.39122579,0.8683681980624325,0.9999995137519783,CD4 T,CD4_T,0.007039805318964021,0.005945692883895132,0.0010941124350688884
MS4A15,0.16527268,1.342179,0.8687293624745694,0.9999995137519783,CD4 T,CD4_T,0.002085868242656006,0.0009831460674157306,0.0011027221752402752
CASC14,0.16514227,0.83440703,0.8688320091553539,0.9999995137519783,CD4 T,CD4_T,0.0026942464800973403,0.001591760299625468,0.0011024861804718722
PRSS3,0.16484487,0.42161313,0.8690660902261513,0.9999995137519783,CD4 T,CD4_T,0.00391100295498001,0.0028089887640449437,0.0011020141909350665
AC011288.2,0.16346757,0.7878235,0.87015030352287,0.9999995137519783,CD4 T,CD4_T,0.0034764470710933427,0.0023876404494382023,0.0010888066216551404
GRM5,0.16324209,1.166838,0.8703278307786784,0.9999995137519783,CD4 T,CD4_T,0.002259690596210673,0.0011704119850187266,0.0010892786111919462
CNTNAP4,0.16309217,0.39309564,0.8704458660308192,0.9999995137519783,CD4 T,CD4_T,0.005301581783417348,0.004213483146067416,0.0010880986373499324
CTD-3025N20.3,0.16112618,0.84759134,0.8719940253335902,0.9999995137519783,CD4 T,CD4_T,0.00243351294976534,0.0013576779026217226,0.0010758350471436172
GAS5-AS1,0.16111764,1.2636704,0.872000745014988,0.9999995137519783,CD4 T,CD4_T,0.0018251347123240046,0.000749063670411985,0.0010760710419120195
RP11-439L18.3,0.15863243,0.55196863,0.8739584834667756,0.9999995137519783,CD4 T,CD4_T,0.004519381192421346,0.0034644194756554307,0.001054961716765915
CNBD2,0.15733069,0.70694816,0.8749842286055848,0.9999995137519783,CD4 T,CD4_T,0.0033895358943160088,0.0023408239700374533,0.0010487119242785555
FAM53A,0.15630443,0.49202842,0.8757930635121444,0.9999995137519783,CD4 T,CD4_T,0.005996871197636017,0.004962546816479401,0.0010343243811566155
TGM6,0.15623374,1.0637283,0.8758487837671202,0.9999995137519783,CD4 T,CD4_T,0.002259690596210673,0.0012172284644194756,0.0010424621317911972
LINC00935,0.1562051,1.6306751,0.8758713602525298,0.9999995137519783,CD4 T,CD4_T,0.0016513123587693376,0.0006086142322097379,0.0010426981265595997
RP4-651E10.4,0.15571207,0.37507144,0.8762599798297731,0.9999995137519783,CD4 T,CD4_T,0.006605249435077352,0.005571161048689139,0.001034088386388213
RP11-434D9.1,0.15422936,0.3764855,0.8774289001984881,0.9999995137519783,CD4 T,CD4_T,0.005475404136972015,0.004447565543071161,0.0010278385939008544
C4orf22,0.15107925,0.4059979,0.8799131996824867,0.9999995137519783,CD4 T,CD4_T,0.006431427081522685,0.005430711610486892,0.001000715471035793
RP11-21A7A.2,0.1502224,0.7791846,0.8805891501185791,0.9999995137519783,CD4 T,CD4_T,0.0027811576568746743,0.0017790262172284641,0.0010021314396462101
RP11-525K10.3,0.1492644,0.22933926,0.881345009942021,0.9999995137519783,CD4 T,CD4_T,0.008343472970624025,0.007350187265917603,0.0009932857047064217
WWC1,0.14875858,0.6604346,0.8817441398814682,0.9999995137519783,CD4 T,CD4_T,0.005475404136972015,0.0044943820224719105,0.0009810221145001045
RP11-338I21.1,0.14853309,0.5630877,0.8819220749605456,0.9999995137519783,CD4 T,CD4_T,0.004171736485312012,0.003183520599250936,0.0009882158860610754
RP11-314A20.2,0.14725573,0.9555934,0.882930165381069,0.9999995137519783,CD4 T,CD4_T,0.00243351294976534,0.0014513108614232207,0.0009822020883421192
ABCG2,0.14692788,0.15588415,0.8831889520637937,0.9999995137519783,CD4 T,CD4_T,0.014079610637928041,0.013108614232209739,0.0009709964057183027
HPGDS,0.14533362,0.94286233,0.8844474674729627,0.9999995137519783,CD4 T,CD4_T,0.002607335303320007,0.0016385767790262171,0.0009687585242937897
SAMD11,0.14520809,0.8786668,0.8845465831779556,0.9999995137519783,CD4 T,CD4_T,0.002607335303320007,0.0016385767790262171,0.0009687585242937897
RP11-166P13.3,0.14416353,0.16899313,0.8853713342502858,0.9999995137519783,CD4 T,CD4_T,0.012515209455936037,0.01156367041198502,0.000951539043951016
HIST4H4,0.14383933,0.19385365,0.8856273499646012,0.9999995137519783,CD4 T,CD4_T,0.021380149487224064,0.020505617977528093,0.0008745315096959708
RP11-77I22.2,0.14382105,0.33848694,0.885641787296841,0.9999995137519783,CD4 T,CD4_T,0.007039805318964021,0.006086142322097378,0.0009536629968666423
RP11-541P9.3,0.14216463,0.35401073,0.8869499665344825,0.9999995137519783,CD4 T,CD4_T,0.007213627672518688,0.006273408239700374,0.0009402194328183133
RP11-532F6.3,0.14203848,0.3795564,0.8870496087488347,0.9999995137519783,CD4 T,CD4_T,0.004084825308534677,0.003136704119850187,0.00094812118868449
AC003090.1,0.14141382,0.7913689,0.8875430324659501,0.9999995137519783,CD4 T,CD4_T,0.0029549800104293413,0.00201310861423221,0.0009418713961971315
CITED2,0.13991648,0.08942272,0.8887259823338411,0.9999995137519783,CD4 T,CD4_T,0.1298452981053364,0.1308052434456929,-0.0009599453403564828
RP11-329J18.2,0.13983299,0.33985198,0.8887919498210565,0.9999995137519783,CD4 T,CD4_T,0.007474361202850688,0.006554307116104869,0.0009200540867458189
ABCC9,0.13915896,1.052528,0.8893245330305154,0.9999995137519783,CD4 T,CD4_T,0.0019120458891013381,0.0009831460674157306,0.0009288998216856075
HSF4,0.13814245,0.7434023,0.8901278361115457,0.9999995137519783,CD4 T,CD4_T,0.002607335303320007,0.0016853932584269661,0.0009219420448930407
VEPH1,0.13659696,0.4089949,0.891349380888639,0.9999995137519783,CD4 T,CD4_T,0.0052146706066400145,0.004307116104868914,0.0009075545017711009
TTLL1,0.13639829,0.1806134,0.8915064278891315,0.9999995137519783,CD4 T,CD4_T,0.019207370067790726,0.018352059925093638,0.0008553101426970883
CTA-276F8.2,0.13599972,0.34531555,0.891821498195207,0.9999995137519783,CD4 T,CD4_T,0.007822005909960024,0.006928838951310861,0.0008931669586491626
NAALAD2,0.13545734,0.3483953,0.8922502910219264,0.9999995137519783,CD4 T,CD4_T,0.005301581783417348,0.004400749063670412,0.0009008327197469364
ALDH1L2,0.13164724,0.34324074,0.8952633211488772,0.9999995137519783,CD4 T,CD4_T,0.008864940031288031,0.00800561797752809,0.0008593220537599418
RP11-76E12.1,0.13123283,0.585352,0.8955911258794303,0.9999995137519783,CD4 T,CD4_T,0.0032157135407613418,0.0023408239700374533,0.0008748895707238885
LOH12CR2,0.12929365,0.7100098,0.8971252951879388,0.9999995137519783,CD4 T,CD4_T,0.0027811576568746743,0.0019194756554307116,0.0008616820014439627
CLU,0.1274471,0.36519548,0.8985865368830788,0.9999995137519783,CD4 T,CD4_T,0.0053884929601946815,0.0045411985018726595,0.000847294458322022
LINC00276,0.124165975,0.30882704,0.9011838592499957,0.9999995137519783,CD4 T,CD4_T,0.007561272379628022,0.006741573033707865,0.0008196993459201564
NOL4,0.124124534,1.2904378,0.9012166702960965,0.9999995137519783,CD4 T,CD4_T,0.0013905788284373371,0.0005617977528089888,0.0008287810756283483
RP11-2I17.4,0.12410686,0.82921576,0.9012306632935676,0.9999995137519783,CD4 T,CD4_T,0.001998957065878672,0.0011704119850187266,0.0008285450808599452
RP11-307C12.13,0.123005636,0.5294105,0.902102632155621,0.9999995137519783,CD4 T,CD4_T,0.0026942464800973403,0.0018726591760299626,0.0008215873040673778
RP11-305L7.6,0.12216159,0.25715145,0.9027710447007942,0.9999995137519783,CD4 T,CD4_T,0.00582304884408135,0.00500936329588015,0.0008136855482011995
SCN11A,0.12124563,0.33802882,0.9034964829967858,0.9999995137519783,CD4 T,CD4_T,0.004693203545976013,0.003885767790262172,0.0008074357557138405
RP11-214C8.2,0.12112131,0.5294873,0.9035949519028708,0.9999995137519783,CD4 T,CD4_T,0.0028680688336520078,0.002059925093632959,0.000808143740019049
CADPS2,0.12032784,0.49249727,0.9042234500832909,0.9999995137519783,CD4 T,CD4_T,0.004171736485312012,0.0033707865168539327,0.0008009499684580789
MARCH4,0.12019499,1.1772982,0.9043286883730983,0.9999995137519783,CD4 T,CD4_T,0.0017382235355466711,0.0009363295880149815,0.0008018939475316896
AP000892.4,0.12009992,0.989211,0.9044039975387473,0.9999995137519783,CD4 T,CD4_T,0.0017382235355466711,0.0009363295880149815,0.0008018939475316896
BUB1B,0.11990246,0.27354077,0.9045604116295485,0.9999995137519783,CD4 T,CD4_T,0.0053884929601946815,0.0045880149812734085,0.000800477978921273
RAB43,0.11929426,0.35496747,0.9050422288947253,0.9999995137519783,CD4 T,CD4_T,0.0048670258995306805,0.004073033707865169,0.0007939921916655119
RP11-145A3.1,0.11895299,0.36137578,0.9053126026031989,0.9999995137519783,CD4 T,CD4_T,0.0036502694246480097,0.0028558052434456927,0.000794464181202317
KB-1980E6.3,0.1180352,0.710422,0.9060397691189125,0.9999995137519783,CD4 T,CD4_T,0.0019120458891013381,0.0011235955056179776,0.0007884503834833605
RP11-30J20.1,0.1172332,0.90007305,0.9066752593577063,0.9999995137519783,CD4 T,CD4_T,0.001998957065878672,0.0012172284644194756,0.0007817286014591962
RP11-131H24.4,0.11713935,1.3206475,0.9067496291497285,0.9999995137519783,CD4 T,CD4_T,0.0013905788284373371,0.0006086142322097379,0.0007819645962275992
RP11-258F22.1,0.11614051,1.169745,0.9075411867489617,0.9999995137519783,CD4 T,CD4_T,0.0014774900052146706,0.0007022471910112362,0.0007752428142034345
POF1B,0.11462975,0.6508379,0.9087385978887664,0.9999995137519783,CD4 T,CD4_T,0.0034764470710933427,0.0027153558052434457,0.000761091265849897
GABRA3,0.1141544,0.47180557,0.9091153979421446,0.9999995137519783,CD4 T,CD4_T,0.0034764470710933427,0.0027153558052434457,0.000761091265849897
CDH3,0.11341456,0.36179057,0.9097018940561583,0.9999995137519783,CD4 T,CD4_T,0.004780114722753346,0.00402621722846442,0.0007538974942889265
UNC5D,0.1123432,0.49922505,0.9105512894181114,0.9999995137519783,CD4 T,CD4_T,0.0036502694246480097,0.0029026217228464418,0.000747647701801568
RASL11B,0.11117799,1.3623501,0.9114752074614954,0.9999995137519783,CD4 T,CD4_T,0.0013036676516600034,0.0005617977528089888,0.0007418698988510146
RP11-615I2.1,0.11113533,0.6225053,0.9115090351917634,0.9999995137519783,CD4 T,CD4_T,0.0025204241265426733,0.0017790262172284641,0.0007413979093142092
B3GNT9,0.11108413,0.74121743,0.9115496286797772,0.9999995137519783,CD4 T,CD4_T,0.0019120458891013381,0.0011704119850187266,0.0007416339040826115
CDH18,0.11100004,0.2655195,0.911616318482595,0.9999995137519783,CD4 T,CD4_T,0.004953937076308014,0.004213483146067416,0.0007404539302405984
SCARNA2,0.110554546,0.22410984,0.9119695915058046,0.9999995137519783,CD4 T,CD4_T,0.008082739440292027,0.007350187265917603,0.0007325521743744238
MLF1,0.10940457,0.29236007,0.9128816091044765,0.9999995137519783,CD4 T,CD4_T,0.006344515904745352,0.005617977528089889,0.0007265383766554626
FAM124B,0.10915105,1.1913052,0.9130826841069651,0.9999995137519783,CD4 T,CD4_T,0.0014774900052146706,0.000749063670411985,0.0007284263348026856
WDR96,0.1057517,0.3190761,0.9157793616127827,0.9999995137519783,CD4 T,CD4_T,0.00608378237441335,0.005383895131086143,0.0006998872433272071
PHKA1,0.105176404,0.5277085,0.9162358340715858,0.9999995137519783,CD4 T,CD4_T,0.0030418911872066748,0.0023408239700374533,0.0007010672171692215
CHEK2,0.10510632,0.26633975,0.9162914443652881,0.9999995137519783,CD4 T,CD4_T,0.013992699461150709,0.013342696629213485,0.0006500028319372242
NR5A2,0.104807094,0.19715676,0.9165288807458792,0.9999995137519783,CD4 T,CD4_T,0.009212584738397362,0.00852059925093633,0.0006919854874610325
RP11-3D4.3,0.1041672,0.47680646,0.9170366617151358,0.9999995137519783,CD4 T,CD4_T,0.0031288023639840083,0.0024344569288389513,0.000694345435145057
RP11-57H12.3,0.10413368,0.5806355,0.9170632607006188,0.9999995137519783,CD4 T,CD4_T,0.0025204241265426733,0.0018258426966292131,0.0006945814299134602
DNAH3,0.104103215,0.21061218,0.9170874416770776,0.9999995137519783,CD4 T,CD4_T,0.01260212063271337,0.011938202247191013,0.0006639183855223565
BEX1,0.10392709,0.49221107,0.9172272092232979,0.9999995137519783,CD4 T,CD4_T,0.004432470015644012,0.003745318352059925,0.000687151663584087
RP1-154K9.2,0.102866694,0.33076182,0.9180687701677661,0.9999995137519783,CD4 T,CD4_T,0.002607335303320007,0.0019194756554307116,0.0006878596478892952
CTD-2055G21.1,0.10213905,0.76864976,0.9186463082596995,0.9999995137519783,CD4 T,CD4_T,0.002085868242656006,0.0014044943820224717,0.0006813738606335341
NUBPL,0.1018709,0.051297866,0.9188591472070669,0.9999995137519783,CD4 T,CD4_T,0.1974621936381019,0.19976591760299628,-0.0023037239648943664
RP11-345M22.2,0.10112619,1.7346032,0.9194502894599423,0.9999995137519783,CD4 T,CD4_T,0.0009560229445506694,0.0002808988764044944,0.0006751240681461749
GPC3,0.10061488,0.5140773,0.9198561813366721,0.9999995137519783,CD4 T,CD4_T,0.004084825308534677,0.0034176029962546817,0.0006672223122799956
RP11-363L24.3,0.10029128,0.23911099,0.9201130796024569,0.9999995137519783,CD4 T,CD4_T,0.00843038414740136,0.007771535580524345,0.0006588485668770142
RP11-782C8.5,0.10011943,1.7477139,0.9202495148412392,0.9999995137519783,CD4 T,CD4_T,0.001042934121328003,0.0003745318352059925,0.0006684022861220104
SORCS3,0.09920041,0.682464,0.9209791444436206,0.9999995137519783,CD4 T,CD4_T,0.0023466017729880063,0.0016853932584269661,0.0006612085145610402
CTD-2235C13.2,0.09912119,0.49483594,0.9210420466704122,0.9999995137519783,CD4 T,CD4_T,0.0029549800104293413,0.0022940074906367043,0.000660972519792637
CCDC36,0.09841061,0.3278691,0.9216062532962014,0.9999995137519783,CD4 T,CD4_T,0.0048670258995306805,0.004213483146067416,0.0006535427534632649
ART4,0.09817415,0.61090785,0.9217940083464349,0.9999995137519783,CD4 T,CD4_T,0.00243351294976534,0.0017790262172284641,0.0006544867325368757
RNF125,0.09798523,0.021372277,0.9219440219575411,0.9999995137519783,CD4 T,CD4_T,0.41213280027811594,0.4147471910112361,-0.002614390733120142
AC034228.4,0.09720273,0.8106074,0.9225653981688968,0.9999995137519783,CD4 T,CD4_T,0.0019120458891013381,0.0012640449438202246,0.0006480009452811135
SPACA5,0.097083285,0.97750586,0.9226602541567412,0.9999995137519783,CD4 T,CD4_T,0.0013036676516600034,0.000655430711610487,0.0006482369400495164
C7orf72,0.09615087,1.2842264,0.9234007493156303,0.9999995137519783,CD4 T,CD4_T,0.0013905788284373371,0.000749063670411985,0.0006415151580253521
RP11-264C15.2,0.09602594,0.36300695,0.9234999710448807,0.9999995137519783,CD4 T,CD4_T,0.0032157135407613418,0.0025749063670411983,0.0006408071737201435
RP11-187O7.3,0.095954634,0.39596942,0.9235566005654652,0.9999995137519783,CD4 T,CD4_T,0.002607335303320007,0.001966292134831461,0.000641043168488546
RP4-601P9.2,0.09509414,0.9022867,0.9242400573864952,0.9999995137519783,CD4 T,CD4_T,0.0014774900052146706,0.0008426966292134833,0.0006347933760011874
TUFT1,0.093977064,0.17184965,0.9251273761177672,0.9999995137519783,CD4 T,CD4_T,0.014687988875369377,0.014091760299625469,0.0005962285757439081
PCDH15,0.09337922,0.27503693,0.9256022969850852,0.9999995137519783,CD4 T,CD4_T,0.005909960020858683,0.005290262172284645,0.0006196978485740381
RP11-736E3.1,0.093143985,0.5994789,0.9257891742476264,0.9999995137519783,CD4 T,CD4_T,0.002259690596210673,0.0016385767790262171,0.0006211138171844557
HRH4,0.092931904,0.35321894,0.9259576577768698,0.9999995137519783,CD4 T,CD4_T,0.002259690596210673,0.0016385767790262171,0.0006211138171844557
S100P,0.09279783,0.23274913,0.9260641720664959,0.9999995137519783,CD4 T,CD4_T,0.004084825308534677,0.0034644194756554307,0.0006204058328792466
PKP2,0.09225484,0.7366202,0.9264955684718053,0.9999995137519783,CD4 T,CD4_T,0.0023466017729880063,0.0017322097378277151,0.0006143920351602912
DNAH2,0.09123893,0.4662054,0.9273027395527503,0.9999995137519783,CD4 T,CD4_T,0.0030418911872066748,0.0024344569288389513,0.0006074342583677235
LINC00332,0.09013893,1.1175193,0.9281768153768735,0.9999995137519783,CD4 T,CD4_T,0.0013036676516600034,0.0007022471910112362,0.0006014204606487673
ZMYM6NB,0.090121865,1.1075244,0.9281903751332161,0.9999995137519783,CD4 T,CD4_T,0.0013036676516600034,0.0007022471910112362,0.0006014204606487673
RIBC2,0.089130335,1.0304404,0.9289783295135586,0.9999995137519783,CD4 T,CD4_T,0.0013905788284373371,0.0007958801498127342,0.000594698678624603
RP11-342M1.3,0.08857211,0.39979914,0.9294219780345859,0.9999995137519783,CD4 T,CD4_T,0.004519381192421346,0.003932584269662922,0.000586796922758424
MARVELD2,0.0877116,0.27085307,0.9301058983697408,0.9999995137519783,CD4 T,CD4_T,0.006431427081522685,0.005852059925093634,0.000579367156429051
RP11-384F7.1,0.08718019,0.68106747,0.9305282885850159,0.9999995137519783,CD4 T,CD4_T,0.0021727794194333393,0.001591760299625468,0.0005810191198078712
PGLYRP1,0.08706318,0.36598307,0.9306212945680917,0.9999995137519783,CD4 T,CD4_T,0.0027811576568746743,0.002200374531835206,0.0005807831250394684
CTB-12A17.3,0.08702905,0.693632,0.9306484214916853,0.9999995137519783,CD4 T,CD4_T,0.0015644011819920041,0.0009831460674157306,0.0005812551145762735
MYO18B,0.08702783,0.21343218,0.9306493903118753,0.9999995137519783,CD4 T,CD4_T,0.009647140622284034,0.009082397003745319,0.0005647436185387145
LINC00907,0.086656086,0.16099341,0.9309448852586677,0.9999995137519783,CD4 T,CD4_T,0.02016339301234139,0.01966292134831461,0.0005004716640267803
RP11-79M19.2,0.08515447,0.42548606,0.9321385875440358,0.9999995137519783,CD4 T,CD4_T,0.0029549800104293413,0.0023876404494382023,0.000567339560991139
RP11-66B24.5,0.08508621,0.6808649,0.9321928503859825,0.9999995137519783,CD4 T,CD4_T,0.0017382235355466711,0.0011704119850187266,0.0005678115505279445
RP5-1158E12.3,0.08453347,0.77006966,0.9326322940954623,0.9999995137519783,CD4 T,CD4_T,0.0030418911872066748,0.0024812734082397003,0.0005606177789669745
CCDC181,0.08233772,0.33296576,0.9343781578656889,0.9999995137519783,CD4 T,CD4_T,0.0038240917782026767,0.0032771535580524342,0.0005469382201502425
RP4-739H11.3,0.08200924,0.23345906,0.9346393621692067,0.9999995137519783,CD4 T,CD4_T,0.004432470015644012,0.003885767790262172,0.00054670222538184
HIST1H3A,0.08171124,0.40753493,0.934876342106256,0.9999995137519783,CD4 T,CD4_T,0.004519381192421346,0.003979400749063671,0.000539980443357675
CNTN4,0.081116445,0.22034052,0.9353493499695242,0.9999995137519783,CD4 T,CD4_T,0.007648183556405356,0.007116104868913857,0.0005320786874914987
DCT,0.081114,0.8436175,0.9353512885734128,0.9999995137519783,CD4 T,CD4_T,0.0014774900052146706,0.0009363295880149815,0.0005411604171996891
PTCHD2,0.08108109,0.7283383,0.9353774597634198,0.9999995137519783,CD4 T,CD4_T,0.0014774900052146706,0.0009363295880149815,0.0005411604171996891
OR9Q1,0.08104331,0.6897315,0.9354075082528763,0.9999995137519783,CD4 T,CD4_T,0.0014774900052146706,0.0009363295880149815,0.0005411604171996891
RP1-224A6.3,0.08017123,0.6415719,0.9361010722587935,0.9999995137519783,CD4 T,CD4_T,0.0021727794194333393,0.0016385767790262171,0.0005342026404071222
FBXO34,0.07955023,0.018313687,0.9365949814598274,0.9999995137519783,CD4 T,CD4_T,0.3972709890491919,0.4107677902621724,-0.013496801212980525
KCNQ3,0.07852884,0.14076667,0.9374073914781553,0.9999995137519783,CD4 T,CD4_T,0.010255518859725367,0.009737827715355807,0.0005176911443695604
LINC00582,0.07827593,0.3599818,0.937608565154866,0.9999995137519783,CD4 T,CD4_T,0.0035633582478706762,0.003043071161048689,0.000520287086821987
CABP1,0.07809554,1.1584061,0.9377520553198222,0.9999995137519783,CD4 T,CD4_T,0.0011298452981053364,0.0006086142322097379,0.0005212310658955985
PEX5L,0.078046784,0.31484947,0.9377908367926765,0.9999995137519783,CD4 T,CD4_T,0.0035633582478706762,0.003043071161048689,0.000520287086821987
FBLIM1,0.07733925,0.2643745,0.9383536694814926,0.9999995137519783,CD4 T,CD4_T,0.008691117677733362,0.008192883895131085,0.0004982337826022771
RP5-951N9.1,0.07732828,0.36115864,0.9383623958128708,0.9999995137519783,CD4 T,CD4_T,0.004258647662089345,0.003745318352059925,0.00051332931002942
F11,0.07710401,0.59870344,0.9385408024310893,0.9999995137519783,CD4 T,CD4_T,0.0018251347123240046,0.0013108614232209736,0.000514273289103031
LINC01115,0.07704307,0.7127423,0.9385892830238236,0.9999995137519783,CD4 T,CD4_T,0.00121675647488267,0.0007022471910112362,0.0005145092838714338
XKR4,0.076227054,0.56764,0.9392384600189656,0.9999995137519783,CD4 T,CD4_T,0.0025204241265426733,0.00201310861423221,0.0005073155123104635
ENOX1,0.07577669,0.29354915,0.9395967609840288,0.9999995137519783,CD4 T,CD4_T,0.005649226490526683,0.0051498127340823974,0.0004994137564442854
RP11-523H24.3,0.07514411,0.59762174,0.9401000514439631,0.9999995137519783,CD4 T,CD4_T,0.001998957065878672,0.00149812734082397,0.0005008297250547018
DNAI2,0.07510877,0.618148,0.9401281743545392,0.9999995137519783,CD4 T,CD4_T,0.001998957065878672,0.00149812734082397,0.0005008297250547018
RP11-328K4.1,0.07412455,0.8467872,0.9409112818085164,0.9999995137519783,CD4 T,CD4_T,0.0014774900052146706,0.0009831460674157306,0.00049434393779894
RP11-567N4.2,0.07409774,0.79173476,0.9409326180467091,0.9999995137519783,CD4 T,CD4_T,0.0014774900052146706,0.0009831460674157306,0.00049434393779894
NCAPG,0.07404837,0.24025606,0.9409718962324073,0.9999995137519783,CD4 T,CD4_T,0.007039805318964021,0.006554307116104869,0.00048549820285915136
PKNOX2,0.07404776,0.65187234,0.9409723811491775,0.9999995137519783,CD4 T,CD4_T,0.0014774900052146706,0.0009831460674157306,0.00049434393779894
HIPK4,0.07400267,0.21885209,0.9410082650508844,0.9999995137519783,CD4 T,CD4_T,0.005127759429862681,0.0046348314606741575,0.0004929279691885235
OTUD7A,0.07317812,0.12985022,0.9416643795891079,0.9999995137519783,CD4 T,CD4_T,0.0318094907005041,0.03146067415730337,0.00034881654320072925
RP11-326A19.4,0.07312449,1.7181771,0.9417070550814356,0.9999995137519783,CD4 T,CD4_T,0.0009560229445506694,0.00046816479400749064,0.00048785815054317876
MS4A3,0.07309402,1.3063447,0.9417313025948243,0.9999995137519783,CD4 T,CD4_T,0.0009560229445506694,0.00046816479400749064,0.00048785815054317876
TEKT3,0.0730733,0.9246853,0.9417477909347779,0.9999995137519783,CD4 T,CD4_T,0.0009560229445506694,0.00046816479400749064,0.00048785815054317876
RP11-250B2.5,0.0730672,0.92065126,0.9417526404512804,0.9999995137519783,CD4 T,CD4_T,0.0009560229445506694,0.00046816479400749064,0.00048785815054317876
USH2A,0.072959945,0.31707415,0.9418379922950175,0.9999995137519783,CD4 T,CD4_T,0.0027811576568746743,0.0022940074906367043,0.00048715016623797
SLC1A6,0.07210066,1.2208472,0.9425218009797918,0.9999995137519783,CD4 T,CD4_T,0.001042934121328003,0.0005617977528089888,0.0004811363685190141
GRIK2,0.07207567,0.57563984,0.9425416854147396,0.9999995137519783,CD4 T,CD4_T,0.0016513123587693376,0.0011704119850187266,0.000480900373750611
RP11-571M6.17,0.07207506,0.96285284,0.9425421704014052,0.9999995137519783,CD4 T,CD4_T,0.001042934121328003,0.0005617977528089888,0.0004811363685190141
LINC00393,0.07202448,0.23484512,0.9425824243688977,0.9999995137519783,CD4 T,CD4_T,0.004084825308534677,0.0036048689138576777,0.00047995639467699955
AC093627.10,0.07130232,0.61703146,0.9431571505714803,0.9999995137519783,CD4 T,CD4_T,0.0023466017729880063,0.0018726591760299626,0.00047394259695804374
HS3ST2,0.07108902,0.9793057,0.9433269066014448,0.9999995137519783,CD4 T,CD4_T,0.0011298452981053364,0.000655430711610487,0.00047441458649484936
KLB,0.07030896,0.25363874,0.9439477505163183,0.9999995137519783,CD4 T,CD4_T,0.006779071788632019,0.006320224719101123,0.00045884706953089587
FRMPD4,0.07010176,0.45871565,0.9441126679203734,0.9999995137519783,CD4 T,CD4_T,0.00243351294976534,0.001966292134831461,0.000467220814933879
TEX101,0.070095666,1.013843,0.9441175184685558,0.9999995137519783,CD4 T,CD4_T,0.00121675647488267,0.000749063670411985,0.00046769280447068486
SNTG1,0.06925101,0.38486728,0.9447898244126723,0.9999995137519783,CD4 T,CD4_T,0.0031288023639840083,0.0026685393258426967,0.00046026303814131154
SLC25A21,0.069173,0.6736169,0.9448519152642522,0.9999995137519783,CD4 T,CD4_T,0.0019120458891013381,0.0014513108614232207,0.0004607350276781175
SPC25,0.069124244,0.31686288,0.9448907222166495,0.9999995137519783,CD4 T,CD4_T,0.0031288023639840083,0.0026685393258426967,0.00046026303814131154
SYTL4,0.06849776,0.69524145,0.9453894031604995,0.9999995137519783,CD4 T,CD4_T,0.002607335303320007,0.002153558052434457,0.00045377725088555
RP11-453O5.1,0.068167455,1.0600282,0.945652335010156,0.9999995137519783,CD4 T,CD4_T,0.0013905788284373371,0.0009363295880149815,0.00045424924042235563
MYH13,0.06810651,0.80778974,0.945700847069297,0.9999995137519783,CD4 T,CD4_T,0.0013905788284373371,0.0009363295880149815,0.00045424924042235563
NEFM,0.068083964,1.436331,0.9457187965822216,0.9999995137519783,CD4 T,CD4_T,0.0007822005909960022,0.00032771535580524347,0.0004544852351907587
TNFRSF19,0.06808092,0.7967186,0.94572122219419,0.9999995137519783,CD4 T,CD4_T,0.0013905788284373371,0.0009363295880149815,0.00045424924042235563
ARMC12,0.06709853,0.68291485,0.9465032656000807,0.9999995137519783,CD4 T,CD4_T,0.0014774900052146706,0.0010299625468164796,0.000447527458398191
CTD-2342J14.6,0.067097306,0.3285686,0.946504235909434,0.9999995137519783,CD4 T,CD4_T,0.0033026247175386753,0.0028558052434456927,0.00044681947409298253
EBF2,0.06605946,0.9888157,0.9473304829774822,0.9999995137519783,CD4 T,CD4_T,0.0009560229445506694,0.0005149812734082397,0.0004410416711424297
RP11-596D21.1,0.06599182,0.23229551,0.9473843389902954,0.9999995137519783,CD4 T,CD4_T,0.003997914131757344,0.0035580524344569287,0.00043986169730041505
NLGN4X,0.06592905,0.30848712,0.9474343137037277,0.9999995137519783,CD4 T,CD4_T,0.0021727794194333393,0.0017322097378277151,0.0004405696816056242
ATP2C2,0.06536168,0.36424732,0.9478860362495063,0.9999995137519783,CD4 T,CD4_T,0.0034764470710933427,0.003043071161048689,0.0004333759100446535
C12orf39,0.065085,1.0433983,0.9481063237911471,0.9999995137519783,CD4 T,CD4_T,0.001042934121328003,0.0006086142322097379,0.000434319889118265
EIF2B5-AS1,0.06507403,0.9398707,0.9481150577403039,0.9999995137519783,CD4 T,CD4_T,0.001042934121328003,0.0006086142322097379,0.000434319889118265
RP3-510O8.4,0.06503868,0.71878296,0.9481432005077701,0.9999995137519783,CD4 T,CD4_T,0.001042934121328003,0.0006086142322097379,0.000434319889118265
CTD-2619J13.14,0.06425984,0.24941081,0.9487633281885848,0.9999995137519783,CD4 T,CD4_T,0.004171736485312012,0.003745318352059925,0.00042641813325208647
RP11-798M19.6,0.063382275,0.16136813,0.9494621007724217,0.9999995137519783,CD4 T,CD4_T,0.011124630627498697,0.010720973782771537,0.00040365684472716025
RP11-147N17.1,0.063207984,0.83854735,0.949600889415204,0.9999995137519783,CD4 T,CD4_T,0.0018251347123240046,0.0014044943820224717,0.000420640330301533
KCNK1,0.063067816,1.6566254,0.9497125037688436,0.9999995137519783,CD4 T,CD4_T,0.0006083782374413351,0.00018726591760299626,0.0004211123198383388
RERGL,0.0630605,0.86569995,0.9497183271535261,0.9999995137519783,CD4 T,CD4_T,0.00121675647488267,0.0007958801498127342,0.00042087632506993575
ALG9.1,0.063021496,0.5396817,0.9497493852505143,0.9999995137519783,CD4 T,CD4_T,0.00121675647488267,0.0007958801498127342,0.00042087632506993575
RP11-373N22.3,0.062193904,0.12118406,0.9504084171670217,0.9999995137519783,CD4 T,CD4_T,0.011733008864940032,0.011329588014981276,0.000403420849958756
AC011526.1,0.062079333,1.6238236,0.9504996554912034,0.9999995137519783,CD4 T,CD4_T,0.0006952894142186686,0.0002808988764044944,0.00041439053781417416
RP11-111M22.2,0.06137728,0.12332738,0.9510587470088123,0.9999995137519783,CD4 T,CD4_T,0.02016339301234139,0.019803370786516856,0.0003600222258245342
SLC12A1,0.06115423,0.33380362,0.9512363800991115,0.9999995137519783,CD4 T,CD4_T,0.002607335303320007,0.002200374531835206,0.000406960771484801
C2CD4D,0.060959216,0.3099165,0.9513916897046841,0.9999995137519783,CD4 T,CD4_T,0.001998957065878672,0.001591760299625468,0.00040719676625320376
RP1-122O8.7,0.060677662,0.61079973,0.9516159212032618,0.9999995137519783,CD4 T,CD4_T,0.0033026247175386753,0.0029026217228464418,0.0004000029946922335
SEZ6L,0.06014259,0.56302696,0.9520420686636432,0.9999995137519783,CD4 T,CD4_T,0.002085868242656006,0.0016853932584269661,0.0004004749842290397
RP11-382E9.1,0.060075555,1.1427423,0.9520954594057829,0.9999995137519783,CD4 T,CD4_T,0.0008691117677733358,0.00046816479400749064,0.00040094697376584515
HIST1H2AJ,0.05997378,0.40104854,0.9521765166706931,0.9999995137519783,CD4 T,CD4_T,0.0014774900052146706,0.0010767790262172286,0.000400710978997442
RP11-178C3.2,0.058252774,0.36518085,0.9535472838312288,0.9999995137519783,CD4 T,CD4_T,0.0028680688336520078,0.0024812734082397003,0.0003867954254123075
CPE,0.058128454,0.6176985,0.9536463106259148,0.9999995137519783,CD4 T,CD4_T,0.0016513123587693376,0.0012640449438202246,0.000387267414949113
AC068490.2,0.05808031,0.4362771,0.9536846594298931,0.9999995137519783,CD4 T,CD4_T,0.002259690596210673,0.0018726591760299626,0.00038703142018071024
RP11-192P3.4,0.058074214,0.35161495,0.9536895137165254,0.9999995137519783,CD4 T,CD4_T,0.002259690596210673,0.0018726591760299626,0.00038703142018071024
IL13,0.0580474,0.783162,0.9537108725981156,0.9999995137519783,CD4 T,CD4_T,0.001042934121328003,0.000655430711610487,0.00038750340971751586
TTC23,0.057768285,0.26498193,0.9539332011095382,0.9999995137519783,CD4 T,CD4_T,0.0053884929601946815,0.00500936329588015,0.0003791296643145311
RP11-238K6.1,0.05750014,0.33269474,0.9541467951957027,0.9999995137519783,CD4 T,CD4_T,0.004171736485312012,0.003792134831460674,0.00037960165385133747
ADH4,0.056954097,0.34180096,0.954581760590845,0.9999995137519783,CD4 T,CD4_T,0.0017382235355466711,0.0013576779026217226,0.0003805456329249485
CTD-2588J6.2,0.056266062,0.78920346,0.955129855652148,0.9999995137519783,CD4 T,CD4_T,0.0018251347123240046,0.0014513108614232207,0.000373823850900784
UMODL1,0.05622584,0.23328277,0.9551618972978866,0.9999995137519783,CD4 T,CD4_T,0.004258647662089345,0.003885767790262172,0.00037287987182717296
LYNX1,0.05505392,1.0793542,0.9560955059401856,0.9999995137519783,CD4 T,CD4_T,0.0006952894142186686,0.00032771535580524347,0.0003675740584134251
SEMA3G,0.054070923,1.287397,0.9568786573560772,0.9999995137519783,CD4 T,CD4_T,0.0007822005909960022,0.0004213483146067416,0.0003608522763892606
NXNL2,0.054059956,1.1554819,0.9568873970377707,0.9999995137519783,CD4 T,CD4_T,0.0007822005909960022,0.0004213483146067416,0.0003608522763892606
HIST1H2BO,0.054024,0.45828062,0.9569160438085401,0.9999995137519783,CD4 T,CD4_T,0.0013905788284373371,0.0010299625468164796,0.0003606162816208575
RP11-279F6.1,0.05390821,0.2015133,0.9570082964991407,0.9999995137519783,CD4 T,CD4_T,0.002607335303320007,0.0022471910112359553,0.00036014429208405157
RP11-573G6.8,0.05390821,0.16637793,0.9570082964991407,0.9999995137519783,CD4 T,CD4_T,0.0013905788284373371,0.0010299625468164796,0.0003606162816208575
SLC7A9,0.053068426,0.5337096,0.9576773884324605,0.9999995137519783,CD4 T,CD4_T,0.0014774900052146706,0.0011235955056179776,0.000353894499596693
Z98049.1,0.05303186,0.38695982,0.9577065222889399,0.9999995137519783,CD4 T,CD4_T,0.002085868242656006,0.0017322097378277151,0.0003536585048282907
POU5F1B,0.05198914,0.29812515,0.9585373463890146,0.9999995137519783,CD4 T,CD4_T,0.0021727794194333393,0.0018258426966292131,0.0003469367228041262
HIST1H2AM,0.051623486,0.09871453,0.958828703951528,0.9999995137519783,CD4 T,CD4_T,0.007039805318964021,0.0066947565543071155,0.0003450487646569052
RP11-573D15.9,0.050879993,0.13136117,0.9594211479148018,0.9999995137519783,CD4 T,CD4_T,0.00843038414740136,0.008099250936329587,0.000331133211071772
PLA2R1,0.050102983,0.58254755,0.9600403243624719,0.9999995137519783,CD4 T,CD4_T,0.0017382235355466711,0.0014044943820224717,0.0003337291535241995
HIST1H2AB,0.050085306,0.7432997,0.9600544078732658,0.9999995137519783,CD4 T,CD4_T,0.0011298452981053364,0.0007958801498127342,0.00033396514829260224
CRHR2,0.050047524,0.60176957,0.9600845174898772,0.9999995137519783,CD4 T,CD4_T,0.0011298452981053364,0.0007958801498127342,0.00033396514829260224
RP11-666A20.4,0.050038993,0.6967284,0.9600913164434451,0.9999995137519783,CD4 T,CD4_T,0.0011298452981053364,0.0007958801498127342,0.00033396514829260224
CCBE1,0.049439322,0.07195927,0.9605691929945035,0.9999995137519783,CD4 T,CD4_T,0.00843038414740136,0.008099250936329587,0.000331133211071772
AGMO,0.049032837,0.5571941,0.9608931275450172,0.9999995137519783,CD4 T,CD4_T,0.00121675647488267,0.0008895131086142324,0.0003272433662684375
RP11-40F8.2,0.048087016,0.25432405,0.9616468952054408,0.9999995137519783,CD4 T,CD4_T,0.006865982965409353,0.006554307116104869,0.0003116758493044835
AC004125.3,0.048065074,1.2065805,0.9616643799162824,0.9999995137519783,CD4 T,CD4_T,0.0006952894142186686,0.0003745318352059925,0.00032075757901267604
CTD-2072I24.1,0.0480602,1.28294,0.9616682654100847,0.9999995137519783,CD4 T,CD4_T,0.0006952894142186686,0.0003745318352059925,0.00032075757901267604
NPC1L1,0.04805045,1.042061,0.9616760364004205,0.9999995137519783,CD4 T,CD4_T,0.0006952894142186686,0.0003745318352059925,0.00032075757901267604
KISS1R,0.047189947,0.58178633,0.9623618405516553,0.9999995137519783,CD4 T,CD4_T,0.001998957065878672,0.0016853932584269661,0.00031356380745170575
RP11-211C9.1,0.047127783,0.4859404,0.9624113827293449,0.9999995137519783,CD4 T,CD4_T,0.001998957065878672,0.0016853932584269661,0.00031356380745170575
CTA-126B4.7,0.047052216,0.92694634,0.9624716106702187,0.9999995137519783,CD4 T,CD4_T,0.0007822005909960022,0.00046816479400749064,0.00031403579698851153
C8orf47,0.04704612,0.88898486,0.9624764677715607,0.9999995137519783,CD4 T,CD4_T,0.0007822005909960022,0.00046816479400749064,0.00031403579698851153
RP11-644C3.1,0.04699737,0.2752187,0.9625153246324143,0.9999995137519783,CD4 T,CD4_T,0.001998957065878672,0.0016853932584269661,0.00031356380745170575
RPH3A,0.04689255,0.18851341,0.9625988671846167,0.9999995137519783,CD4 T,CD4_T,0.001998957065878672,0.0016853932584269661,0.00031356380745170575
ZNF454,0.046052765,0.8696833,0.9632681937735588,0.9999995137519783,CD4 T,CD4_T,0.0008691117677733358,0.0005617977528089888,0.000307314014964347
OLAH,0.046045452,0.68877715,0.9632740225665046,0.9999995137519783,CD4 T,CD4_T,0.0008691117677733358,0.0005617977528089888,0.000307314014964347
RP11-1018N14.1,0.04603448,0.7127156,0.9632827657596034,0.9999995137519783,CD4 T,CD4_T,0.0008691117677733358,0.0005617977528089888,0.000307314014964347
CTD-2410N18.3,0.04600584,0.24182089,0.9633055952290628,0.9999995137519783,CD4 T,CD4_T,0.0026942464800973403,0.0023876404494382023,0.00030660603065913805
FAM186A,0.04587725,0.14447296,0.9634080853453477,0.9999995137519783,CD4 T,CD4_T,0.007648183556405356,0.007350187265917603,0.0002979962904877528
LRP1B,0.045400076,0.19373202,0.9637884212379535,0.9999995137519783,CD4 T,CD4_T,0.014166521814705374,0.013904494382022473,0.0002620274326829014
RP11-446H18.5,0.04510938,0.56501585,0.9640201241592945,0.9999995137519783,CD4 T,CD4_T,0.0015644011819920041,0.0012640449438202246,0.0003003562381717795
ALX4,0.04507647,0.79836947,0.9640463548705072,0.9999995137519783,CD4 T,CD4_T,0.0009560229445506694,0.000655430711610487,0.00030059223294018236
OPRL1,0.04503869,0.63887966,0.9640764716609935,0.9999995137519783,CD4 T,CD4_T,0.0009560229445506694,0.000655430711610487,0.00030059223294018236
RP11-138P22.1,0.044316523,0.24221492,0.9646521007641325,0.9999995137519783,CD4 T,CD4_T,0.004084825308534677,0.003792134831460674,0.0002926904770740031
CDH13,0.044247657,0.13844444,0.964706992945045,0.9999995137519783,CD4 T,CD4_T,0.010255518859725367,0.009971910112359553,0.0002836087473658145
MTUS2-AS1,0.0440563,0.6694653,0.9648595260773103,0.9999995137519783,CD4 T,CD4_T,0.001042934121328003,0.000749063670411985,0.00029387045091601785
C19orf67,0.043924056,0.19325602,0.9649649398535993,0.9999995137519783,CD4 T,CD4_T,0.0016513123587693376,0.0013576779026217226,0.000293634456147615
FREM1,0.04306538,0.7057741,0.9656494155465527,0.9999995137519783,CD4 T,CD4_T,0.0011298452981053364,0.0008426966292134833,0.00028714866889185313
MYBPC1,0.043060504,0.62783086,0.9656533019255714,0.9999995137519783,CD4 T,CD4_T,0.0011298452981053364,0.0008426966292134833,0.00028714866889185313
RP11-541G9.1,0.043042224,0.6086746,0.9656678758541573,0.9999995137519783,CD4 T,CD4_T,0.0011298452981053364,0.0008426966292134833,0.00028714866889185313
RP11-807H22.7,0.042030584,0.5114075,0.9664743176397779,0.9999995137519783,CD4 T,CD4_T,0.00121675647488267,0.0009363295880149815,0.0002804268868676884
HYAL3,0.041165207,0.5981435,0.967164192676179,0.9999995137519783,CD4 T,CD4_T,0.0019120458891013381,0.0016385767790262171,0.00027346911007512104
RP11-775H9.2,0.0410421,0.89069396,0.9672623318379129,0.9999995137519783,CD4 T,CD4_T,0.0006952894142186686,0.0004213483146067416,0.000273941099611927
COL4A5,0.04103235,0.8278211,0.9672701052580742,0.9999995137519783,CD4 T,CD4_T,0.0006952894142186686,0.0004213483146067416,0.000273941099611927
RP11-148L24.1,0.040987253,0.3882494,0.9673060573667648,0.9999995137519783,CD4 T,CD4_T,0.0013036676516600034,0.0010299625468164796,0.0002737051048435238
CTD-2013M15.1,0.040057886,0.9278992,0.9680469769992687,0.9999995137519783,CD4 T,CD4_T,0.0007822005909960022,0.0005149812734082397,0.0002672193175877625
RP11-6N17.2,0.04004448,0.80243975,0.968057665879306,0.9999995137519783,CD4 T,CD4_T,0.0007822005909960022,0.0005149812734082397,0.0002672193175877625
RP11-63A1.1,0.039123643,0.544426,0.9687918112234394,0.9999995137519783,CD4 T,CD4_T,0.0014774900052146706,0.0012172284644194756,0.000260261540795195
CNBD1,0.039088298,0.26557615,0.9688199920523121,0.9999995137519783,CD4 T,CD4_T,0.0026942464800973403,0.0024344569288389513,0.00025978955125838905
LINC00896,0.039079763,0.3066802,0.968826794327185,0.9999995137519783,CD4 T,CD4_T,0.002085868242656006,0.0018258426966292131,0.0002600255460267927
JAKMIP3,0.039038323,0.8016929,0.9688598339802491,0.9999995137519783,CD4 T,CD4_T,0.0008691117677733358,0.0006086142322097379,0.00026049753556359786
TRDN,0.039027356,0.60779405,0.9688685797797154,0.9999995137519783,CD4 T,CD4_T,0.0008691117677733358,0.0006086142322097379,0.00026049753556359786
CDKL2,0.038250953,0.23540269,0.9694875974795221,0.9999995137519783,CD4 T,CD4_T,0.003997914131757344,0.003745318352059925,0.0002525957796974186
LRRN4CL,0.03805289,0.7352982,0.9696455131159343,0.9999995137519783,CD4 T,CD4_T,0.0009560229445506694,0.0007022471910112362,0.00025377575353943325
RP11-307P5.1,0.03803217,0.61553556,0.9696620335898499,0.9999995137519783,CD4 T,CD4_T,0.0009560229445506694,0.0007022471910112362,0.00025377575353943325
AC004854.4,0.038015716,0.26536587,0.9696751527989986,0.9999995137519783,CD4 T,CD4_T,0.005301581783417348,0.005056179775280899,0.0002454020081364486
FGF12,0.037087567,0.4141655,0.9704151865552374,0.9999995137519783,CD4 T,CD4_T,0.004780114722753346,0.0045411985018726595,0.0002389162208806866
SHCBP1L,0.03595587,0.24076931,0.9713175470822957,0.9999995137519783,CD4 T,CD4_T,0.0017382235355466711,0.00149812734082397,0.00024009619472270104
TMC7,0.035582904,0.2695178,0.9716149405590949,0.9999995137519783,CD4 T,CD4_T,0.004258647662089345,0.00402621722846442,0.0002324304336249255
GRIN2B,0.035092928,0.78729296,0.9720056399419614,0.9999995137519783,CD4 T,CD4_T,0.00121675647488267,0.0009831460674157306,0.0002336104074669393
PREX2,0.035080742,0.623974,0.9720153589181063,0.9999995137519783,CD4 T,CD4_T,0.00121675647488267,0.0009831460674157306,0.0002336104074669393
UCP1,0.034805283,0.056556158,0.9722350088844374,0.9999995137519783,CD4 T,CD4_T,0.00243351294976534,0.002200374531835206,0.000233138417930134
RP11-159L20.2,0.034126997,0.32076597,0.9727758815714976,0.9999995137519783,CD4 T,CD4_T,0.0025204241265426733,0.0022940074906367043,0.00022641663590596906
CEMP1,0.034019127,0.52707756,0.9728618975256796,0.9999995137519783,CD4 T,CD4_T,0.0006952894142186686,0.00046816479400749064,0.00022712462021117792
LCT,0.033938684,0.15828387,0.9729260452224598,0.9999995137519783,CD4 T,CD4_T,0.0031288023639840083,0.0029026217228464418,0.00022618064113756652
HIBADH,0.033897243,0.057478987,0.9729590910740245,0.9999995137519783,CD4 T,CD4_T,0.17868937945419783,0.18089887640449442,-0.0022094969502965967
EPHA10,0.032992862,0.38218102,0.9736802796503407,0.9999995137519783,CD4 T,CD4_T,0.0007822005909960022,0.0005617977528089888,0.00022040283818701336
RGS22,0.032061055,0.46212086,0.9744233596542011,0.9999995137519783,CD4 T,CD4_T,0.0014774900052146706,0.0012640449438202246,0.000213445061394446
SIX5,0.03203607,0.6264745,0.9744432855873957,0.9999995137519783,CD4 T,CD4_T,0.0008691117677733358,0.000655430711610487,0.00021368105616284875
MAST4-AS1,0.032033022,0.43430784,0.9744457155803401,0.9999995137519783,CD4 T,CD4_T,0.0014774900052146706,0.0012640449438202246,0.000213445061394446
CTD-2001C12.1,0.03201535,0.1526974,0.9744598095440942,0.9999995137519783,CD4 T,CD4_T,0.0033026247175386753,0.003089887640449438,0.00021273707708923707
AC007563.5,0.03198366,0.23420122,0.9744850814990684,0.9999995137519783,CD4 T,CD4_T,0.002085868242656006,0.0018726591760299626,0.00021320906662604324
RP11-400N13.1,0.031948924,0.23438993,0.9745127834791397,0.9999995137519783,CD4 T,CD4_T,0.0014774900052146706,0.0012640449438202246,0.000213445061394446
FAM135B,0.031092687,0.37376428,0.9751956226233051,0.9999995137519783,CD4 T,CD4_T,0.0021727794194333393,0.001966292134831461,0.0002064872846018785
SMAD6,0.031092687,0.18710236,0.9751956226233051,0.9999995137519783,CD4 T,CD4_T,0.0027811576568746743,0.0025749063670411983,0.00020625128983347597
AC108142.1,0.031050026,0.47506702,0.9752296435584561,0.9999995137519783,CD4 T,CD4_T,0.0015644011819920041,0.0013576779026217226,0.00020672327937028149
SAMD13,0.031031745,0.60544074,0.9752442239730336,0.9999995137519783,CD4 T,CD4_T,0.0009560229445506694,0.000749063670411985,0.00020695927413868435
RP3-418C23.2,0.031001274,0.43923768,0.9752685246823761,0.9999995137519783,CD4 T,CD4_T,0.0009560229445506694,0.000749063670411985,0.00020695927413868435
HLA-DRA,81.83505,8.132214,0.0,0.0,B,B,0.9728593272171255,0.06733884297520662,0.9055204842419189
MS4A1,80.42206,9.139004,0.0,0.0,B,B,0.9510703363914375,0.019173553719008266,0.9318967826724291
HLA-DRB1,80.074776,7.499473,0.0,0.0,B,B,0.9602446483180429,0.07471074380165289,0.88553390451639
CD74,79.93363,3.950719,0.0,0.0,B,B,0.9854740061162082,0.5782148760330579,0.4072591300831503
CD79A,78.94729,9.157543,0.0,0.0,B,B,0.9342507645259941,0.01785123966942149,0.9163995248565726
BANK1,78.570366,9.294857,0.0,0.0,B,B,0.9296636085626913,0.015636363636363636,0.9140272449263276
HLA-DPA1,76.450035,6.353511,0.0,0.0,B,B,0.9327217125382264,0.11008264462809919,0.8226390679101272
RALGPS2,76.32369,6.593243,0.0,0.0,B,B,0.926987767584098,0.09361983471074381,0.8333679328733541
HLA-DPB1,74.45863,5.709891,0.0,0.0,B,B,0.9300458715596331,0.1581487603305785,0.7718971112290547
AFF3,74.03279,6.306767,0.0,0.0,B,B,0.9128440366972479,0.10317355371900827,0.8096704829782396
HLA-DQA1,72.12888,7.843887,0.0,0.0,B,B,0.8616207951070338,0.028561983471074383,0.8330588116359594
PLEKHG1,71.76698,7.061323,0.0,0.0,B,B,0.8677370030581042,0.04406611570247934,0.8236708873556249
SWAP70,70.920654,6.1282854,0.0,0.0,B,B,0.8692660550458717,0.08297520661157026,0.7862908484343014
MEF2C,70.354706,8.09166,0.0,0.0,B,B,0.8383027522935782,0.021983471074380166,0.8163192812191981
PRKCE,68.64246,4.9230804,0.0,0.0,B,B,0.8987003058103977,0.19034710743801653,0.7083531983723812
CD79B,68.35059,7.8356028,0.0,0.0,B,B,0.8153669724770642,0.018347107438016527,0.7970198650390478
ARHGAP24,68.08088,6.4722033,0.0,0.0,B,B,0.8340978593272173,0.059074380165289264,0.7750234791619279
HLA-DQB1,67.625374,6.8638897,0.0,0.0,B,B,0.8180428134556577,0.03530578512396694,0.7827370283316907
STRBP,66.37718,4.3685565,0.0,0.0,B,B,0.9055810397553519,0.24188429752066115,0.6636967422346907
SETBP1,65.51984,6.388378,0.0,0.0,B,B,0.8046636085626911,0.04667768595041323,0.7579859226122779
HLA-DMB,62.4969,7.350604,0.0,0.0,B,B,0.7480886850152904,0.018644628099173555,0.7294440569161168
PAX5,60.108627,8.736974,0.0,0.0,B,B,0.7117737003058103,0.006545454545454546,0.7052282457603558
CDK14,60.09196,5.371287,0.0,0.0,B,B,0.7649082568807339,0.07431404958677687,0.690594207293957
NCOA3,58.468746,2.6427565,0.0,0.0,B,B,0.9461009174311928,0.5746115702479339,0.371489347183259
TCF4,58.379677,5.9251094,0.0,0.0,B,B,0.7217125382262997,0.04882644628099174,0.6728860919453079
RAB30,58.225376,4.235483,0.0,0.0,B,B,0.8031345565749235,0.16247933884297522,0.6406552177319482
CD83,58.21789,4.006146,0.0,0.0,B,B,0.8100152905198776,0.22545454545454546,0.5845607450653322
LYN,57.914604,4.3073664,0.0,0.0,B,B,0.8478593272171255,0.1585785123966942,0.6892808148204314
SIPA1L1,57.068764,3.3377619,0.0,0.0,B,B,0.8990825688073396,0.39778512396694216,0.5012974448403975
BASP1,56.699646,4.9150453,0.0,0.0,B,B,0.7503822629969418,0.08400000000000002,0.6663822629969418
EBF1,56.332706,5.0327067,0.0,0.0,B,B,0.7442660550458715,0.07775206611570248,0.666513988930169
ADAM28,56.19526,6.44313,0.0,0.0,B,B,0.6831039755351682,0.029123966942148763,0.6539800085930194
TPD52,56.087654,4.2475247,0.0,0.0,B,B,0.7691131498470948,0.1422809917355372,0.6268321581115576
HLA-DMA,55.449524,4.6372294,0.0,0.0,B,B,0.7262996941896024,0.09451239669421488,0.6317872974953875
SYK,54.15606,5.045217,0.0,0.0,B,B,0.6903669724770642,0.06975206611570248,0.6206149063613617
USP6NL,53.591618,4.6432133,0.0,0.0,B,B,0.6980122324159022,0.0906115702479339,0.6074006621679683
BLNK,53.579147,8.319578,0.0,0.0,B,B,0.6353211009174312,0.006479338842975207,0.628841762074456
HVCN1,53.301357,5.5492225,0.0,0.0,B,B,0.6632262996941897,0.04128925619834711,0.6219370434958426
KIAA0226L,53.19158,7.2958565,0.0,0.0,B,B,0.6357033639143731,0.015603305785123967,0.6201000581292492
RB1,53.172153,2.846194,0.0,0.0,B,B,0.900993883792049,0.44905785123966946,0.4519360325523796
CD37,52.935642,2.6766837,0.0,0.0,B,B,0.9029051987767586,0.49735537190082646,0.4055498268759321
GNG7,52.90633,6.042389,0.0,0.0,B,B,0.64717125382263,0.030148760330578513,0.6170224934920514
DENND5B,52.369602,5.922753,0.0,0.0,B,B,0.6425840978593271,0.03619834710743802,0.606385750751889
IRF8,51.874836,6.456079,0.0,0.0,B,B,0.6269113149847095,0.02099173553719008,0.6059195794475194
WDFY4,51.38302,6.029387,0.0,0.0,B,B,0.625,0.0315702479338843,0.5934297520661157
HERPUD1,51.09498,3.04236,0.0,0.0,B,B,0.8195718654434252,0.32786776859504135,0.49170409684838384
BCL11A,50.50545,5.573081,0.0,0.0,B,B,0.6257645259938838,0.04208264462809917,0.5836818813657846
ST6GAL1,50.47215,2.9313357,0.0,0.0,B,B,0.8528287461773701,0.37824793388429756,0.4745808122930726
LRMP,50.346806,3.8705955,0.0,0.0,B,B,0.7113914373088684,0.16419834710743803,0.5471930902014304
STX7,50.324417,3.662022,0.0,0.0,B,B,0.7293577981651376,0.17431404958677688,0.5550437485783607
PPP3CA,49.98867,2.6557326,0.0,0.0,B,B,0.8944954128440368,0.4843636363636364,0.4101317764804004
ID3,49.93333,5.151983,0.0,0.0,B,B,0.6311162079510704,0.05008264462809918,0.5810335633229712
SIPA1L3,49.79226,3.3526177,0.0,0.0,B,B,0.761085626911315,0.22743801652892565,0.5336476103823893
BLK,49.70168,5.987783,0.0,0.0,B,B,0.6077981651376146,0.024429752066115702,0.5833684130714989
MICAL3,48.7552,4.4499006,0.0,0.0,B,B,0.6414373088685015,0.07626446280991736,0.5651728460585841
ADRBK2,48.74161,4.8451257,0.0,0.0,B,B,0.6238532110091743,0.06353719008264463,0.5603160209265297
PLCG2,48.459152,4.00459,0.0,0.0,B,B,0.680045871559633,0.1072727272727273,0.5727731442869057
LINC00926,47.781857,5.7848444,0.0,0.0,B,B,0.5848623853211009,0.030710743801652896,0.5541516415194481
UBE2E2,47.697746,3.2350013,0.0,0.0,B,B,0.7905198776758409,0.2587107438016529,0.5318091338741879
JAZF1,47.651264,3.2368088,0.0,0.0,B,B,0.7756116207951069,0.25676033057851244,0.5188512902165945
CD22,47.60445,7.826629,0.0,0.0,B,B,0.5657492354740062,0.007702479338842976,0.5580467561351633
BCL2,46.724712,3.33708,0.0,0.0,B,B,0.7251529051987767,0.23038016528925623,0.49477273990952053
PARP15,45.32064,3.1358697,0.0,0.0,B,B,0.7175076452599387,0.21282644628099176,0.5046811989789469
COBLL1,44.202366,7.486723,0.0,0.0,B,B,0.5263761467889909,0.007305785123966943,0.519070361665024
OSBPL10,44.104954,6.722262,0.0,0.0,B,B,0.529816513761468,0.013024793388429753,0.5167917203730382
LARGE,43.9573,5.9641147,0.0,0.0,B,B,0.537079510703364,0.02419834710743802,0.512881163595926
SP140,43.92976,2.9362135,0.0,0.0,B,B,0.7339449541284403,0.2530909090909091,0.4808540450375312
BACH2,43.73593,1.961776,0.0,0.0,B,B,0.971330275229358,0.7094214876033058,0.2619087876260522
TRIO,43.650627,3.6818943,0.0,0.0,B,B,0.6253822629969419,0.10829752066115703,0.5170847423357848
CCDC50,43.321346,4.6938415,0.0,0.0,B,B,0.5546636085626911,0.04667768595041323,0.5079859226122779
CD40,43.172363,5.839161,0.0,0.0,B,B,0.5263761467889909,0.022909090909090914,0.5034670558799
PHACTR1,42.478546,4.8747764,0.0,0.0,B,B,0.5363149847094802,0.04601652892561984,0.4902984557838604
SEL1L3,42.368977,3.4546993,0.0,0.0,B,B,0.6192660550458715,0.13715702479338843,0.4821090302524831
IGLL5,42.274673,7.266835,0.0,0.0,B,B,0.5053516819571866,0.011206611570247934,0.49414507038693867
MARCH1,42.25881,5.664623,0.0,0.0,B,B,0.5191131498470949,0.028628099173553724,0.49048505067354115
CD52,42.179623,2.0719388,0.0,0.0,B,B,0.9021406727828748,0.5754710743801653,0.3266695984027095
CIITA,42.046974,6.1141925,0.0,0.0,B,B,0.5095565749235474,0.01550413223140496,0.4940524426921425
GALNT2,41.924164,2.8219736,0.0,0.0,B,B,0.712920489296636,0.26664462809917355,0.44627586119746243
ATP2B1,41.203365,2.4416645,0.0,0.0,B,B,0.8337155963302754,0.3856528925619835,0.4480627037682919
PIK3AP1,41.027313,3.1879005,0.0,0.0,B,B,0.6391437308868502,0.14714049586776862,0.49200323501908155
SMC6,41.004112,2.955062,0.0,0.0,B,B,0.6620795107033639,0.196,0.4660795107033639
SLAMF1,40.94077,3.371372,0.0,0.0,B,B,0.60282874617737,0.13920661157024794,0.4636221346071221
RP11-624C23.1,40.539562,5.1479263,0.0,0.0,B,B,0.5061162079510704,0.03309090909090909,0.4730252988601613
LY86,40.385902,7.687351,0.0,0.0,B,B,0.47974006116207957,0.005355371900826447,0.4743846892612531
WARS,40.352573,3.4963887,0.0,0.0,B,B,0.5772171253822631,0.12376859504132232,0.4534485303409408
CAMK2D,40.35235,2.395034,0.0,0.0,B,B,0.7847859327217124,0.39259504132231404,0.39219089139939833
FCHSD2,40.043102,2.1443493,0.0,0.0,B,B,0.8547400611620797,0.5003305785123967,0.35440948264968297
INPP5F,39.899826,4.0836678,0.0,0.0,B,B,0.533639143730887,0.0730909090909091,0.46054823463997785
CXXC5,39.50851,3.8980796,0.0,0.0,B,B,0.5332568807339451,0.07500826446280992,0.4582486162711351
EVI5,39.250668,3.8252559,0.0,0.0,B,B,0.5347859327217126,0.0815206611570248,0.45326527156468777
INPP5D,38.82019,2.4093685,0.0,0.0,B,B,0.7847859327217124,0.35563636363636364,0.42914956908534874
SNX29,38.515293,2.501144,0.0,0.0,B,B,0.7033639143730885,0.27798347107438015,0.4253804432987084
CTSS,38.50374,2.387889,0.0,0.0,B,B,0.7515290519877675,0.31322314049586775,0.4383059114918998
HDAC9,38.272728,4.2459564,0.0,0.0,B,B,0.5053516819571866,0.05937190082644629,0.4459797811307403
ZCCHC7,38.21443,2.0411968,0.0,0.0,B,B,0.8612385321100918,0.5137851239669422,0.3474534081431496
CNR2,37.874302,5.0115933,0.0,0.0,B,B,0.47324159021406736,0.02585123966942149,0.4473903505446459
PRKCB,37.433918,1.9833853,1.0972633492749168e-306,3.688280165629973e-305,B,B,0.8723241590214069,0.5457851239669421,0.3265390350544648
SESN3,37.411793,2.4841764,2.512800898293995e-306,8.376002994313317e-305,B,B,0.7144495412844036,0.2826115702479339,0.43183797103646976
PKIG,36.71977,3.9204998,3.532894817575566e-295,1.1489088837644118e-293,B,B,0.49159021406727843,0.06426446280991735,0.42732575125736105
FCRL1,36.54958,8.462504,1.8108438027960802e-292,5.794700168947457e-291,B,B,0.43233944954128445,0.0027107438016528928,0.4296287057396316
CLIC4,35.664368,4.0590587,1.4111695475261767e-278,4.409904836019302e-277,B,B,0.470948012232416,0.05923966942148761,0.4117083428109284
TRAK1,35.643467,2.8393333,2.974532097642236e-278,9.223355341526313e-277,B,B,0.5672782874617738,0.155702479338843,0.4115758081229308
PAWR,35.45415,5.158179,2.5034832662421433e-275,7.70302543459121e-274,B,B,0.4388379204892967,0.0216198347107438,0.4172180857785529
STAP1,35.118526,5.5585074,3.5154379575593275e-270,1.0734161702471228e-268,B,B,0.4292813455657493,0.016264462809917356,0.413016882755832
PMAIP1,35.09443,2.7312677,8.197976166483248e-270,2.4842352019646206e-268,B,B,0.5753058103975537,0.17064462809917358,0.4046611822983801
MTSS1,34.60267,2.7945552,2.3034172462213882e-262,6.927570665327483e-261,B,B,0.577599388379205,0.16525619834710747,0.4123431900320975
ANGPTL1,34.55018,5.8983254,1.4165226710270457e-261,4.228425883662823e-260,B,B,0.41896024464831816,0.012429752066115704,0.4065304925822025
CTSH,34.524555,3.6732435,3.434863593156756e-261,1.017737360935335e-259,B,B,0.4728593272171255,0.07100826446280992,0.4018510627543156
TCL1A,34.521748,8.156005,3.784465075317964e-261,1.1130779633288128e-259,B,B,0.4090214067278288,0.0034710743801652896,0.40555033234766347
MYO1E,34.387066,4.55972,3.9354871833910054e-259,1.149047352814892e-257,B,B,0.4422782874617738,0.04667768595041323,0.39560060151136056
ADAM19,33.927467,3.864981,2.622191414489964e-252,7.545874574071838e-251,B,B,0.45451070336391447,0.054049586776859504,0.40046111658705497
SLC9A7,33.641594,4.542351,4.1382282859497645e-248,1.1823509388427898e-246,B,B,0.4281345565749236,0.03421487603305785,0.39391968054186577
CTSZ,33.2035,3.2897365,9.583419681438797e-242,2.718700618847886e-240,B,B,0.4755351681957187,0.08707438016528926,0.3884607880304295
ETV6,32.481625,1.9578918,1.9381402378330904e-231,5.421371294638015e-230,B,B,0.7637614678899083,0.40598347107438015,0.35777799681552813
RERE,31.561642,1.9432194,1.241369717431209e-218,3.3550532903546193e-217,B,B,0.7266819571865444,0.3642314049586777,0.3624505522278667
MARCH3,31.558706,2.0047312,1.361939653155425e-218,3.656213833974295e-217,B,B,0.7270642201834863,0.36446280991735536,0.3626014102661309
KCNQ5,31.332958,2.4125557,1.6606013370968626e-215,4.398943939329438e-214,B,B,0.5867737003058104,0.2231735537190083,0.3636001465868022
SGPP1,31.247936,2.6206605,2.3813998701582958e-214,6.225882013485741e-213,B,B,0.5152905198776758,0.16085950413223143,0.3544310157454444
VAV3,30.861372,2.3632612,3.942351201987629e-209,1.023987325191592e-207,B,B,0.5661314984709481,0.18476033057851243,0.3813711678924357
CLEC17A,30.641571,6.989729,3.422469689198013e-206,8.832179843091647e-205,B,B,0.36544342507645255,0.005785123966942149,0.3596583011095104
SAMD4A,30.592808,4.400777,1.5255607691914458e-205,3.9116942799780665e-204,B,B,0.3914373088685015,0.03262809917355372,0.3588092096949478
ARID5B,30.385279,1.8591895,8.596322347449533e-203,2.1901458210062506e-201,B,B,0.7698776758409785,0.43428099173553725,0.3355966841054413
CLIC1,30.171904,2.3761947,5.536439067371591e-200,1.3928148597161237e-198,B,B,0.533639143730887,0.17778512396694218,0.35585401976394476
CCSER1,29.920357,5.467262,1.0697033390436962e-196,2.657648047313531e-195,B,B,0.36659021406727826,0.01609917355371901,0.3504910405135593
ACSM3,29.904701,5.014153,1.7094424578688306e-196,4.220845574984767e-195,B,B,0.3738532110091743,0.02700826446280992,0.3468449465463644
RRAS2,29.870945,2.1432414,4.693610391520542e-196,1.1518062310479857e-194,B,B,0.5840978593272171,0.2204297520661157,0.36366810726110144
AP1S3,29.757168,3.7915978,1.4007794534821143e-194,3.4165352523954003e-193,B,B,0.39755351681957185,0.04856198347107439,0.3489915333484975
COL19A1,29.53847,6.933008,9.236294187880656e-192,2.2391016213044012e-190,B,B,0.3524464831804281,0.005355371900826447,0.3470911112796016
AC006129.4,29.349901,6.8121524,2.3965270170158764e-189,5.7060167071806576e-188,B,B,0.3505351681957186,0.005619834710743802,0.34491533348497483
MANBA,29.336592,2.0030148,3.5429735361246167e-189,8.385736180176607e-188,B,B,0.6070336391437309,0.2609586776859504,0.3460749614577805
KHDRBS2,29.25666,7.2309318,3.694429579387955e-188,8.692775480912835e-187,B,B,0.3482415902140673,0.00456198347107438,0.3436796067429929
TALDO1,29.243395,1.9857764,5.44848549830998e-188,1.2744995317684163e-186,B,B,0.610474006116208,0.2775537190082645,0.33292028710794347
STAT1,28.858725,1.7418392,3.938072387598818e-183,9.053039971491536e-182,B,B,0.7763761467889907,0.4389752066115703,0.3374009401774204
LAT2,28.624802,3.1359463,3.301621492855643e-180,7.503685211035553e-179,B,B,0.4097859327217126,0.0699504132231405,0.3398355194985721
ITPR1,28.39595,2.0726483,2.2688663076033523e-177,5.127381486109271e-176,B,B,0.5531345565749236,0.2271735537190083,0.32596100285591534
RHOQ,28.176502,2.3900113,1.1350123717957336e-174,2.5505895995409745e-173,B,B,0.4759174311926606,0.13841322314049587,0.33750420805216474
ARSB,28.077236,2.5148485,1.8582475671163257e-173,4.1525085298688846e-172,B,B,0.46368501529052,0.13517355371900827,0.3285114615715117
TBC1D5,27.568428,1.6608356,2.6613616768292078e-167,5.817183993069307e-166,B,B,0.7282110091743119,0.41996694214876035,0.30824406702555157
LHFPL2,27.463634,3.4482245,4.7757186934932625e-166,1.0381997159767962e-164,B,B,0.37920489296636084,0.0603305785123967,0.31887431445396414
ALOX5,27.458942,6.194951,5.43342724280177e-166,1.174795079524707e-164,B,B,0.3302752293577982,0.007702479338842976,0.3225727500189552
SKAP2,27.439346,2.6833246,9.310521856650011e-166,2.00226276487097e-164,B,B,0.4277522935779817,0.10224793388429754,0.3255043596936842
SLC43A2,27.410095,2.7186427,2.078937350911332e-165,4.446924814783597e-164,B,B,0.4220183486238533,0.10204958677685952,0.31996876184699374
CAMK1D,27.286385,1.5502962,6.153650396108726e-164,1.3092873183210055e-162,B,B,0.8130733944954129,0.5273388429752066,0.2857345515202063
GEN1,27.209902,3.1581616,4.9593620132796244e-163,1.0496004260909258e-161,B,B,0.3906727828746177,0.07441322314049587,0.31625955973412184
CARD11,27.129366,1.7286204,4.436144438894034e-162,9.29035484585138e-161,B,B,0.6594036697247707,0.35834710743801657,0.30105656228675415
ENTPD1,26.988754,4.1755757,2.0028888882995886e-160,4.172685183957476e-159,B,B,0.3474770642201835,0.02869421487603306,0.3187828493441504
KMO,26.932482,5.400434,9.150576230058003e-160,1.8964924829135756e-158,B,B,0.3298929663608563,0.015206611570247934,0.31468635479060836
PBX3,26.931446,2.0149207,9.409948207946136e-160,1.9401955067930178e-158,B,B,0.5431957186544343,0.23236363636363638,0.3108320822907979
LRRK1,26.797396,5.735443,3.4650973548308743e-158,7.107892009909486e-157,B,B,0.3256880733944954,0.012264462809917356,0.31342361058457807
RAB31,26.71886,2.8473716,2.8421730707672582e-157,5.800353205647466e-156,B,B,0.4017584097859327,0.07649586776859504,0.3252625420173376
IRF4,26.674042,2.685353,9.419098090871489e-157,1.912507226572891e-155,B,B,0.41399082568807344,0.09626446280991736,0.3177263628781561
BMP2K,26.515577,2.3445818,6.409925726067574e-155,1.2884272816216227e-153,B,B,0.4510703363914374,0.13758677685950416,0.31348355953193324
CLECL1,26.477112,4.735126,1.778709266064988e-154,3.557418532129976e-153,B,B,0.3302752293577982,0.018314049586776862,0.31196117977102134
RASGRP3,26.428497,3.7075229,6.44753425253996e-154,1.2830913935402904e-152,B,B,0.35282874617737003,0.04353719008264463,0.3092915560947254
ATP10D,26.268032,3.3313265,4.4485901736604305e-152,8.809089452792931e-151,B,B,0.363914373088685,0.05477685950413223,0.30913751358455277
P2RY8,26.170631,1.5764221,5.740201325747057e-151,1.1310741528565628e-149,B,B,0.7836391437308867,0.49226446280991737,0.29137468092096935
GSAP,26.131056,2.659878,1.6182525297996338e-150,3.1730441760777136e-149,B,B,0.40634556574923547,0.10009917355371901,0.30624639219551647
EAF2,26.018017,4.092775,3.097214826543278e-149,6.014009371928696e-148,B,B,0.33677370030581044,0.031239669421487603,0.30553403088432285
SMIM14,25.653063,2.647206,3.908096590616002e-145,7.479610699743544e-144,B,B,0.3983180428134556,0.09507438016528927,0.3032436626481664
EPSTI1,25.38119,1.7842903,4.068785311922366e-142,7.676953418721446e-141,B,B,0.5707186544342508,0.2543471074380166,0.31637154699623427
ZDHHC14,25.344551,2.6834002,1.0319719202880857e-141,1.9379754371607244e-140,B,B,0.3941131498470948,0.09355371900826448,0.3005594308388303
UST,25.046127,2.743818,1.923992571064142e-138,3.546530084910861e-137,B,B,0.3803516819571865,0.08138842975206612,0.2989632522051204
GBP4,24.993792,1.7397523,7.141457505678323e-138,1.3103591753538208e-136,B,B,0.5638379204892967,0.27457851239669423,0.2892594080926025
SESTD1,24.96474,2.8521924,1.4772355858867926e-137,2.6981471888343243e-136,B,B,0.3700305810397553,0.07646280991735538,0.2935677711223999
FAM111B,24.94642,7.6459284,2.335187666544602e-137,4.245795757353822e-136,B,B,0.2958715596330276,0.002578512396694215,0.29329304723633337
PTK2,24.613224,2.1177158,9.11822173243665e-134,1.6429228346732703e-132,B,B,0.4464831804281346,0.14753719008264465,0.29894599034548996
CHST11,24.509914,1.1805058,1.158068498779221e-132,2.077252912608468e-131,B,B,0.8707951070336393,0.6768264462809918,0.19396866075264751
ROR1,24.146801,5.959134,8.067259178183869e-129,1.4278334828644016e-127,B,B,0.2924311926605505,0.009752066115702479,0.28267912654484806
CCR6,24.07432,2.8923602,4.645104266080129e-128,8.185205755207276e-127,B,B,0.35129969418960244,0.06221487603305785,0.2890848181565446
MAN1A1,24.072865,2.040089,4.811010834627498e-128,8.4403698853114e-127,B,B,0.45948012232415913,0.1808925619834711,0.27858756034068805
TBC1D9,24.039824,3.4142199,1.0666699753472407e-127,1.8631789962397216e-126,B,B,0.32798165137614677,0.04687603305785125,0.2811056183182955
APOBEC3G,24.036497,1.693893,1.1556162476440223e-127,2.0097673872069954e-126,B,B,0.5680428134556577,0.24234710743801652,0.32569570601764114
OSBPL3,24.01181,2.2238538,2.0932838224302443e-127,3.624733891654103e-126,B,B,0.41513761467889915,0.1262479338842975,0.28888968079460164
TNFRSF13B,23.950727,7.1390567,9.080420351710032e-127,1.5655897158120743e-125,B,B,0.2847859327217126,0.003041322314049587,0.281744610407663
CHST15,23.870197,3.8538105,6.248827908831884e-126,1.0727601560226409e-124,B,B,0.31383792048929665,0.03603305785123967,0.277804862638057
BACH1,23.768501,1.4686683,7.073939088644062e-125,1.2040747384926063e-123,B,B,0.7270642201834863,0.4310413223140496,0.29602289786943664
DMD,23.742292,4.8154993,1.3198593847451123e-124,2.2370498046527327e-123,B,B,0.29510703363914376,0.016396694214876033,0.2787103394242677
MARCKS,22.893291,2.2508576,5.41919421886997e-116,8.9945132263402e-115,B,B,0.37652905198776754,0.08829752066115704,0.2882315313266105
TMEM117,22.818857,1.8317521,2.979839755708771e-115,4.884983206079952e-114,B,B,0.4743883792048931,0.19659504132231406,0.277793337882579
TMEM156,22.584633,1.8663058,6.13655587516049e-113,1.0018866734955902e-111,B,B,0.4476299694189603,0.17388429752066115,0.2737456718982992
SH3BP5,22.581219,1.8362252,6.629417790597477e-113,1.0779541122922727e-111,B,B,0.4518348623853212,0.16429752066115705,0.2875373417241642
FAM129C,22.472584,6.510016,7.6978604291189375e-112,1.2466170735415283e-110,B,B,0.26873088685015295,0.004462809917355372,0.2642680769327976
IFNLR1,22.195415,3.6991024,3.8032090352580555e-109,6.085134456412889e-108,B,B,0.2924311926605505,0.030677685950413223,0.2617535067101373
SERPINB9,22.170763,1.4542359,6.578561898986754e-109,1.048376398244901e-107,B,B,0.6200305810397553,0.331603305785124,0.2884272752546313
WDR74,21.937237,1.6490237,1.14657605819239e-106,1.812768471450419e-105,B,B,0.4927370030581041,0.2296528925619835,0.26308411049612057
RASGEF1B,21.867285,2.2949667,5.323288646259826e-106,8.383131726393426e-105,B,B,0.3616207951070336,0.10456198347107439,0.25705881163595923
MAP4K4,21.802254,1.2301486,2.2086584429735288e-105,3.4645622634878884e-104,B,B,0.8103975535168196,0.5647272727272727,0.2456702807895469
PLEKHA2,21.711508,1.3877685,1.5973382223292508e-104,2.4958409723894546e-103,B,B,0.6655198776758411,0.3859504132231405,0.2795694644527006
LPP,21.621162,1.5384592,1.1357855673667295e-103,1.7609078563825264e-102,B,B,0.5301987767584099,0.26155371900826446,0.2686450577501454
PLAGL1,21.532171,3.361383,7.780140890532279e-103,1.2015661606999659e-101,B,B,0.29472477064220187,0.04211570247933885,0.252609068162863
GM2A,21.526781,2.3745532,8.73969214654076e-103,1.3445680225447323e-101,B,B,0.3432721712538226,0.08631404958677687,0.25695812166704574
GNA12,21.48786,1.6669607,2.022196840430696e-102,3.0991522458707987e-101,B,B,0.4633027522935781,0.191801652892562,0.2715010994010161
GAB2,20.643862,1.5597396,1.108426153366795e-94,1.6421128198026592e-93,B,B,0.49350152905198785,0.2361322314049587,0.25736929764702915
RP11-638I2.8,20.496744,3.351687,2.3019019258332046e-93,3.385149890931183e-92,B,B,0.27981651376146793,0.0391404958677686,0.24067601789369933
MED13L,20.32564,0.96675575,7.628858953199454e-92,1.1056317323477468e-90,B,B,0.8910550458715598,0.7217851239669422,0.16926992190461765
SLC25A13,20.31613,1.8301393,9.259581089316515e-92,1.3371236230059947e-90,B,B,0.3910550458715596,0.14585123966942148,0.2452038062021381
NUMB,20.219215,1.5153722,6.633035652565282e-91,9.509728534143772e-90,B,B,0.47821100917431203,0.21262809917355374,0.2655829100007583
FABP5,20.034475,2.0997865,2.7572472224008716e-89,3.910988967944499e-88,B,B,0.3631498470948012,0.13236363636363635,0.23078621073116484
COTL1,19.907978,1.3567129,3.4704366023782976e-88,4.905210745411022e-87,B,B,0.5386085626911317,0.3098181818181818,0.22879038087294984
PPP1R16B,19.903603,1.2068174,3.7870803776461254e-88,5.333916024853698e-87,B,B,0.8279816513761469,0.587504132231405,0.2404775191447419
ZNF532,19.862158,4.021908,8.651377381823485e-88,1.2142284044664541e-86,B,B,0.2549694189602447,0.02115702479338843,0.23381239416685629
MOB3B,19.639175,3.4230978,7.154976918944624e-86,1.0006960725796677e-84,B,B,0.264908256880734,0.0343801652892562,0.2305280915914778
PRDX1,19.483252,1.2365695,1.5229094279556392e-84,2.1225218508092533e-83,B,B,0.6108562691131498,0.3896528925619835,0.22120337655116634
SNX10,19.37401,1.6184989,1.2789595328813202e-83,1.7763326845573894e-82,B,B,0.41207951070336396,0.1742809917355372,0.23779851896782675
FUT8,19.279854,1.484939,7.930125768062093e-83,1.0863185983646704e-81,B,B,0.46139143730886856,0.23193388429752068,0.22945755301134788
ATP8B1,19.270735,1.8896993,9.458316915954215e-83,1.2912378042258314e-81,B,B,0.35741590214067276,0.12386776859504132,0.23354813354563142
CD63,19.17529,1.3447504,5.953703378762811e-82,8.072818140695338e-81,B,B,0.5378440366972478,0.26178512396694215,0.27605891273030564
BCAR3,19.042194,3.1568577,7.626524167923642e-81,1.0271413020772582e-79,B,B,0.2637614678899083,0.03937190082644629,0.224389567063462
C1orf186,18.883781,5.8039813,1.550775880875664e-79,2.0815783635914954e-78,B,B,0.2278287461773701,0.00571900826446281,0.22210973791290728
ANKRD33B,18.811878,3.005525,6.036188223548244e-79,8.075168192037784e-78,B,B,0.26758409785932724,0.04776859504132232,0.21981550281800494
DGKD,18.702406,1.3036772,4.732073921000621e-78,6.2676475774842656e-77,B,B,0.5156727828746178,0.2796363636363636,0.2360364192382542
ST3GAL5,18.534426,1.5788436,1.0894673284609172e-76,1.4335096427117333e-75,B,B,0.39946483180428133,0.16988429752066117,0.22958053428362016
HS2ST1,18.513924,1.5599608,1.5945308954588566e-76,2.0843541117109237e-75,B,B,0.40787461773700306,0.18512396694214878,0.2227506507948543
ST6GALNAC3,18.473585,2.4658377,3.3694414638172295e-76,4.3901517443872696e-75,B,B,0.2924311926605505,0.07685950413223142,0.2155716885283191
BICD1,18.386755,1.418248,1.6772438614091275e-75,2.1711894646072847e-74,B,B,0.45642201834862395,0.21666115702479344,0.2397608613238305
ABCB4,18.349092,6.0171666,3.3566851505442536e-75,4.331206645863553e-74,B,B,0.22056574923547406,0.004793388429752066,0.21577236080572199
IL7,18.18048,2.9071934,7.368699823496825e-74,9.438101255326543e-73,B,B,0.26261467889908263,0.049950413223140505,0.21266426567594213
AUTS2,18.180355,1.3264256,7.38531423229302e-74,9.438101255326543e-73,B,B,0.5894495412844037,0.33229752066115703,0.2571520206232467
LCORL,18.13801,1.3390498,1.597084616755363e-73,2.028043957784588e-72,B,B,0.4740061162079512,0.24773553719008265,0.22627057901786854
SPIDR,17.99919,1.1825247,1.9768816315956702e-72,2.502381812146418e-71,B,B,0.6624617737003058,0.4210247933884298,0.241436980311876
PPP1R15A,17.95701,1.337114,4.22984192675216e-72,5.32055588270712e-71,B,B,0.4587155963302753,0.22039669421487607,0.23831890211539924
MGAT5,17.932072,1.1259766,6.626427103597104e-72,8.308999502943078e-71,B,B,0.6907492354740061,0.4650909090909091,0.22565832638309702
FOXO1,17.765667,1.0451385,1.3037910351268528e-70,1.629738793908566e-69,B,B,0.7866972477064219,0.5738181818181818,0.21287906588824013
CROCC,17.748373,1.3332318,1.7741852765713158e-70,2.2108227745436956e-69,B,B,0.459862385321101,0.2325619834710744,0.22730040185002662
FAM49A,17.700455,2.1589139,4.159383423645004e-70,5.135041263759263e-69,B,B,0.2924311926605505,0.08155371900826447,0.21087747365228604
PSD3,17.530764,3.7795575,8.344023395369721e-69,1.0206756446935437e-67,B,B,0.23126911314984716,0.026942148760330582,0.20432696438951659
RP11-142C4.6,17.429564,7.881256,4.922014317716452e-68,6.002456485020063e-67,B,B,0.2064220183486239,0.001487603305785124,0.20493441504283877
RUFY3,17.398638,1.8119531,8.448931552980669e-68,1.027225720727133e-66,B,B,0.3253058103975535,0.11689256198347109,0.20841324841408243
RP11-712B9.2,17.331345,1.6433704,2.7286993733980606e-67,3.307514391997649e-66,B,B,0.3482415902140673,0.1333884297520661,0.2148531604620012
CPED1,17.185751,6.138835,3.395194558892604e-66,4.090595854087474e-65,B,B,0.2064220183486239,0.0044958677685950415,0.20192615058002886
DIAPH2,17.05192,1.2207838,3.382393938943196e-65,4.050771184363109e-64,B,B,0.4977064220183487,0.27976859504132234,0.21793782697702635
TMEM154,17.010973,1.838981,6.809749560714303e-65,8.106844715136075e-64,B,B,0.30772171253822633,0.10036363636363638,0.20735807617458996
ACP5,16.896172,3.3578503,4.800768907016491e-64,5.664624079075505e-63,B,B,0.2262996941896025,0.026776859504132236,0.19952283468547027
MCTP2,16.812532,1.2566813,1.9754901921816448e-63,2.3241061084489937e-62,B,B,0.45948012232415913,0.23229752066115705,0.22718260166300208
PEAK1,16.778711,1.4376134,3.4933448491362745e-63,4.097765218928181e-62,B,B,0.38532110091743116,0.17966942148760331,0.20565167942982784
ABCA1,16.652622,1.5641675,2.896292463165701e-62,3.387476565106083e-61,B,B,0.3520642201834862,0.14750413223140496,0.20456008795208125
XYLT1,16.60515,1.1331562,6.396037702729207e-62,7.458936096477208e-61,B,B,0.5294342507645261,0.32555371900826446,0.20388053175626164
NEK6,16.560091,3.1852956,1.3538764902680656e-61,1.569711872774569e-60,B,B,0.2262996941896025,0.03137190082644628,0.19492779336315622
TTTY14,16.557953,6.9303584,1.4028786439444e-61,1.6218250219010407e-60,B,B,0.19686544342507645,0.002049586776859504,0.19481585664821693
ENTPD1-AS1,16.38647,1.5138452,2.389187952992376e-60,2.7541071504234885e-59,B,B,0.3524464831804281,0.1499504132231405,0.20249606995728758
TNS3,16.295628,3.6444814,1.0601150531400676e-59,1.2115600607315059e-58,B,B,0.2144495412844037,0.02360330578512397,0.1908462354992797
GBE1,16.243933,1.3809965,2.465925535561115e-59,2.810171550496997e-58,B,B,0.37805810397553513,0.17765289256198347,0.20040521141355166
MIR155HG,16.19313,2.6469398,5.638627369553839e-59,6.407531101765726e-58,B,B,0.24235474006116214,0.05282644628099174,0.1895282937801704
PSAP,16.146324,1.061127,1.205337333612041e-58,1.365821341203446e-57,B,B,0.6047400611620795,0.37414876033057853,0.23059130083150092
CAPG,16.130943,2.2952373,1.546422300072854e-58,1.7473698305907957e-57,B,B,0.2534403669724771,0.06198347107438017,0.19145689589809695
SLC12A6,16.109766,1.2153738,2.1784403766523202e-58,2.4545807060871214e-57,B,B,0.4449541284403671,0.2449917355371901,0.199962392903177
PKM,16.001078,1.1059449,1.2558343860802388e-57,1.4031669118214959e-56,B,B,0.5267584097859328,0.3274380165289256,0.19932039325700718
DLEU1,15.907267,1.1648364,5.642378146804516e-57,6.269309052005018e-56,B,B,0.4667431192660551,0.25791735537190086,0.20882576389415425
7SK.2,15.887516,1.0666867,7.733192105711482e-57,8.568633912145688e-56,B,B,0.5558103975535169,0.34714049586776863,0.20866990168574828
ZEB2,15.685558,1.2135603,1.8988715445194088e-55,2.0866720269444053e-54,B,B,0.6334097859327218,0.3436694214876033,0.28974036444511847
CDKN1A,15.655584,2.0742066,3.0430656909679056e-55,3.316692851191178e-54,B,B,0.2618501529051988,0.07656198347107437,0.18528816943412443
IGJ,15.646928,5.9335914,3.486493939799153e-55,3.789667325868645e-54,B,B,0.18807339449541283,0.003966942148760331,0.1841064523466525
LPGAT1,15.562639,1.0988855,1.3060086555587334e-54,1.4080955855080683e-53,B,B,0.489296636085627,0.2761652892561984,0.21313134682942864
FCRL3,15.546851,3.570923,1.671221253814691e-54,1.797012100876012e-53,B,B,0.20259938837920488,0.018347107438016527,0.18425228094118834
TEC,15.503312,2.7539997,3.294615866390084e-54,3.5331001248151036e-53,B,B,0.2232415902140673,0.039933884297520664,0.18330770591654666
CD69,15.444123,1.1258304,8.264337012649424e-54,8.815292813492718e-53,B,B,0.4602446483180429,0.2658512396694215,0.19439340864862142
PELI1,15.402601,1.1095189,1.5721604887994082e-53,1.672511158297243e-52,B,B,0.4755351681957187,0.28181818181818186,0.19371698637753687
ABR,15.367124,1.3345083,2.7197681602990213e-53,2.8780615452899694e-52,B,B,0.3620030581039755,0.17223140495867773,0.18977165314529776
MTHFD1L,15.357746,1.3198572,3.1431383791744587e-53,3.3172964424004843e-52,B,B,0.37652905198776754,0.18720661157024795,0.18932244041751958
RP13-188A5.1,15.215307,3.551226,2.7990164654829184e-52,2.938599963761594e-51,B,B,0.20030581039755352,0.02079338842975207,0.17951242196780146
MICU1,15.208897,1.1852639,3.0870164667982246e-52,3.232477975704947e-51,B,B,0.41246177370030584,0.21976859504132235,0.1926931786589835
OGFRL1,15.16256,1.3550775,6.258107702973598e-52,6.535882718510285e-51,B,B,0.3398318042813455,0.14571900826446282,0.1941127960168827
RBM47,15.122065,1.9055666,1.1585203848740365e-51,1.2036575427262716e-50,B,B,0.25649847094801226,0.0703801652892562,0.18611830565875606
GRN,15.006597,2.080047,6.647231197804733e-51,6.888322484771743e-50,B,B,0.24732415902140678,0.06892561983471074,0.17839853918669604
SSBP2,14.953122,1.2557223,1.4861429159781207e-50,1.53606502943475e-49,B,B,0.3834097859327217,0.19910743801652897,0.1843023479161927
GCNT2,14.833758,2.562782,8.862851182500329e-50,9.113471652956636e-49,B,B,0.22094801223241595,0.045652892561983474,0.1752951196704325
L3MBTL4,14.782548,3.033582,1.8984733496776197e-49,1.9471521535155074e-48,B,B,0.20680428134556578,0.03295867768595041,0.17384560365961538
ALCAM,14.727116,1.6781135,4.317421995384082e-49,4.416799995277833e-48,B,B,0.2744648318042814,0.0930909090909091,0.18137392271337227
SLC12A2,14.709234,1.3075933,5.624044946053292e-49,5.738821373523767e-48,B,B,0.34174311926605505,0.15371900826446283,0.18802411100159222
ZNF608,14.6699,6.1082287,1.0049265904465499e-48,1.0228260462560303e-47,B,B,0.17584097859327216,0.0032396694214876036,0.17260130917178457
FAM135A,14.655611,1.6724417,1.2403605594590336e-48,1.2592492989431812e-47,B,B,0.27828746177370034,0.10019834710743802,0.17808911466626232
RNF19A,14.560441,0.93442625,5.013365170475524e-48,5.064005222702549e-47,B,B,0.760703363914373,0.5495206611570248,0.21118270275734818
SLC15A4,14.540559,1.2729408,6.704299715060927e-48,6.754961929532419e-47,B,B,0.3405963302752294,0.15401652892561984,0.18657980134960955
AL928768.3,14.523127,6.810119,8.647367385170061e-48,8.690821492633227e-47,B,B,0.172782874617737,0.0018842975206611573,0.17089857709707584
RP11-498M5.2,14.518962,6.3569856,9.189100939485654e-48,9.21213126765479e-47,B,B,0.1735474006116208,0.002743801652892562,0.17080359895872824
RCOR1,14.50344,1.1252831,1.1522775670287498e-47,1.1494040568865333e-46,B,B,0.40061162079510704,0.21133884297520664,0.1892727778199004
BARD1,14.496364,1.9095559,1.2774073803221519e-47,1.2710521197235342e-46,B,B,0.24770642201834867,0.07256198347107438,0.1751444385472743
JARID2,14.441499,0.94317526,2.836076413614806e-47,2.80799644912357e-46,B,B,0.6376146788990826,0.4305785123966942,0.20703616650238843
TNF,14.428805,3.163062,3.409359928204516e-47,3.367269064893349e-46,B,B,0.19762996941896022,0.028033057851239673,0.16959691156772055
GFOD1,14.396731,2.324884,5.424890028873543e-47,5.318519636150533e-46,B,B,0.22171253822629972,0.04961983471074381,0.1720927035155559
KIAA0247,14.332658,1.0046635,1.3678432602619038e-46,1.3344812295238086e-45,B,B,0.49044342507645267,0.29110743801652894,0.19933598705992372
RAPGEF1,14.270184,0.84788984,3.3569282994676093e-46,3.2670835031314936e-45,B,B,0.7694954128440367,0.5934214876033058,0.17607392524073084
BCL2L11,14.217247,1.31727,7.161533300938071e-46,6.936109734564718e-45,B,B,0.3295107033639144,0.15223140495867768,0.17727929840523673
TEX14,14.130344,2.5913815,2.4693433763792757e-45,2.385839010994469e-44,B,B,0.2064220183486239,0.03824793388429752,0.16817408446432636
RP11-428G5.5,14.107242,4.664646,3.4272303625538824e-45,3.287511139140415e-44,B,B,0.1739296636085627,0.0075702479338842985,0.1663594156746784
CYBB,14.106927,3.415502,3.4425543521652064e-45,3.294310384847088e-44,B,B,0.18654434250764523,0.020330578512396696,0.16621376399524854
IQGAP1,13.903741,0.9694164,6.01157982997519e-44,5.725314123785895e-43,B,B,0.7182721712538226,0.49137190082644633,0.22690027042737626
PDE4B,13.850315,0.91956466,1.2665546798221192e-43,1.2033773680020136e-42,B,B,0.5963302752293578,0.39778512396694216,0.19854515126241562
ZC4H2,13.819141,1.7110813,1.9538626322600232e-43,1.8520024950331974e-42,B,B,0.2633792048929664,0.09818181818181819,0.1651973867111482
ALOX5AP,13.733007,1.3151627,6.440341465253459e-43,6.075793835144773e-42,B,B,0.30428134556574926,0.1291900826446281,0.17509126292112115
GAB1,13.701117,3.054022,9.99747763300851e-43,9.409390713419774e-42,B,B,0.19266055045871558,0.03302479338842976,0.15963575707028582
APOBEC3C,13.684858,1.529209,1.2505000657556078e-42,1.1741784654982234e-41,B,B,0.2603211009174312,0.08879338842975207,0.17152771248767915
RFTN1,13.597349,0.7827115,4.152116488342659e-42,3.8534723789723054e-41,B,B,0.6819571865443425,0.536495867768595,0.14546131877574742
MYO1D,13.491984,1.3657595,1.7434355608924195e-41,1.6142921860114995e-40,B,B,0.3058103975535168,0.14092561983471075,0.16488477771880605
CD82,13.463171,1.0934314,2.5762002066210153e-41,2.379861622744587e-40,B,B,0.3803516819571865,0.20132231404958678,0.1790293679075997
SMAD3,13.417918,0.9282671,4.748665250180867e-41,4.366588735798499e-40,B,B,0.5718654434250765,0.3669090909090909,0.2049563525159856
GCNT1,13.371181,2.5430317,8.911533777298782e-41,8.157010322470281e-40,B,B,0.19762996941896022,0.03884297520661158,0.15878699421234865
TESK2,13.359555,1.6959283,1.0418435380408021e-40,9.514552858820111e-40,B,B,0.24961773700305817,0.08849586776859505,0.16112186923446312
PDE8A,13.276297,1.0556837,3.1772244766777518e-40,2.8818362600251718e-39,B,B,0.38532110091743116,0.21378512396694216,0.171535976950489
CYBA,13.2637615,0.7060449,3.755756358627264e-40,3.3988745326943564e-39,B,B,0.875764525993884,0.7438347107438017,0.1319298152500823
RHBDD1,13.25617,1.1254561,4.1558269655344695e-40,3.743988257238261e-39,B,B,0.35435779816513757,0.18611570247933884,0.16824209568579873
EMP3,13.221668,0.86389947,6.5788213063538325e-40,5.887088417318865e-39,B,B,0.6437308868501529,0.4533553719008265,0.19037551494932642
RP11-693J15.5,13.19732,7.6832676,9.0912082444065e-40,8.081073995028e-39,B,B,0.15634556574923547,0.0011239669421487604,0.15522159880708672
PMEPA1,13.153584,1.0067933,1.622974347325663e-39,1.439445097406353e-38,B,B,0.38952599388379205,0.20654545454545456,0.1829805393383375
ARHGAP25,13.102917,0.8754407,3.168434472909522e-39,2.785436899261118e-38,B,B,0.6402905198776758,0.455801652892562,0.1844888669851138
SPI1,13.062066,2.0558484,5.423528754060455e-39,4.74707111952775e-38,B,B,0.21139143730886856,0.055537190082644634,0.15585424722622393
FCRL5,13.03659,7.090691,7.577141733572502e-39,6.588818898758697e-38,B,B,0.1548165137614679,0.0014545454545454547,0.15336196830692245
ESR2,12.982098,1.0571576,1.5458842586973882e-38,1.341331243989057e-37,B,B,0.3845565749235474,0.22505785123966945,0.15949872368387794
MAP3K8,12.945425,0.94319254,2.4937907658148966e-38,2.149819625702497e-37,B,B,0.4235474006116209,0.23064462809917358,0.1929027725124473
PACSIN2,12.793349,0.9979032,1.7860663370378864e-37,1.5298212736941212e-36,B,B,0.38646788990825687,0.21887603305785128,0.1675918568504056
SMAD5,12.780289,1.5253391,2.1128345788418873e-37,1.8058415203776814e-36,B,B,0.2457951070336392,0.08892561983471076,0.15686948719892843
RP11-37B2.1,12.733911,1.6319709,3.831556420691458e-37,3.247081712450388e-36,B,B,0.2435015290519878,0.09239669421487604,0.15110483483711176
MIR29A,12.600564,0.8178146,2.0964127272558358e-36,1.772864885628614e-35,B,B,0.6594036697247707,0.47867768595041327,0.18072598377435745
CMSS1,12.575689,0.9321686,2.8728491845279045e-36,2.4243453033990756e-35,B,B,0.44151376146789,0.27659504132231405,0.16491872014557596
ATP6V0B,12.57216,0.9022813,3.0040350946491483e-36,2.529713763915072e-35,B,B,0.45948012232415913,0.27120661157024795,0.1882735107539112
ZSWIM6,12.538323,0.86643183,4.60635515400682e-36,3.870886684039345e-35,B,B,0.5095565749235474,0.3414214876033058,0.16813508732024163
MDFIC,12.498112,0.8711475,7.644564023232203e-36,6.397124705633643e-35,B,B,0.5248470948012234,0.35302479338842974,0.17182230141279364
EPB41L2,12.464284,1.3879973,1.1691679580730106e-35,9.763406748000089e-35,B,B,0.2656727828746178,0.11355371900826447,0.15211906386635335
KYNU,12.385004,1.2860323,3.1507074087236983e-35,2.6201309012255286e-34,B,B,0.24159021406727832,0.08122314049586778,0.16036707357141056
CPEB4,12.358916,1.0016805,4.3599386860107594e-35,3.610715267917813e-34,B,B,0.37308868501529047,0.2136528925619835,0.15943579245330697
LINC00936,12.245561,1.685759,1.774472465782691e-34,1.4665061700683397e-33,B,B,0.2259174311926606,0.07960330578512398,0.14631412540753663
TAF4B,12.2090435,0.9598992,2.7813902273373984e-34,2.2939300844019782e-33,B,B,0.3845565749235474,0.223900826446281,0.16065574847726638
ATP1B3,12.1753435,0.94401777,4.206217183282585e-34,3.4619071467346374e-33,B,B,0.39525993883792043,0.23120661157024797,0.16405332726767247
ZNF821,12.153733,1.6962701,5.48045903215501e-34,4.5014037225092485e-33,B,B,0.22094801223241595,0.07461157024793388,0.14633644198448206
SAT1,12.130563,0.81340677,7.2747395771411245e-34,5.9507072205653374e-33,B,B,0.5366972477064221,0.3455537190082645,0.19114352869815765
TTC28,12.098788,2.106688,1.0718163925912598e-33,8.749521572173549e-33,B,B,0.2018348623853211,0.061024793388429754,0.14081006899689136
RP11-265P11.1,12.041223,4.958239,2.1573467905875497e-33,1.7539404801524795e-32,B,B,0.14831804281345567,0.007074380165289257,0.14124366264816643
C12orf42,11.989199,1.9173212,4.0480264215551606e-33,3.277075074186368e-32,B,B,0.2018348623853211,0.05854545454545455,0.14328940783986654
SPAG1,11.989048,1.1528054,4.0553804043056305e-33,3.277075074186368e-32,B,B,0.28593272171253825,0.1326611570247934,0.15327156468774486
MAST4,11.937484,1.7950344,7.547176435167416e-33,6.074186265728303e-32,B,B,0.2155963302752294,0.07464462809917356,0.14095170217605585
EMILIN2,11.89129,1.8199968,1.313624263405665e-32,1.0530054215676675e-31,B,B,0.20565749235474007,0.06363636363636363,0.14202112871837644
MLTK,11.777627,1.8228272,5.090583074232911e-32,4.048177395016232e-31,B,B,0.20565749235474007,0.06591735537190083,0.13974013698283924
MFHAS1,11.660204,1.0812742,2.0355380836573862e-31,1.6123073929959493e-30,B,B,0.3012232415902141,0.15180165289256198,0.1494215886976521
TMEM163,11.534132,3.3721774,8.877808975726463e-31,6.990400768288553e-30,B,B,0.1532874617737003,0.01755371900826446,0.13573374276543584
PLP2,11.500136,0.93802714,1.3170769859316518e-30,1.0330015575934524e-29,B,B,0.3490061162079511,0.19431404958677687,0.1546920666211742
XKR6,11.496222,0.8174932,1.3781776641548453e-30,1.0788083476750257e-29,B,B,0.4793577981651377,0.3134545454545455,0.1659032527105922
CABLES1,11.469479,3.2567368,1.877863112364535e-30,1.467080556534793e-29,B,B,0.1529051987767584,0.017454545454545455,0.13545065332221295
SPSB1,11.433722,1.6482124,2.8368368624811474e-30,2.203368436878561e-29,B,B,0.21330275229357804,0.07712396694214876,0.13617878535142927
FBXW7,11.432818,0.7778505,2.866507182020065e-30,2.2220985907132285e-29,B,B,0.6020642201834863,0.4248925619834711,0.17717165820001518
NLK,11.395959,0.92469,4.379792478272613e-30,3.3886208729381916e-29,B,B,0.3520642201834862,0.20287603305785126,0.14918818712563495
CCDC18,11.352068,1.0352012,7.242943068063714e-30,5.582229724904596e-29,B,B,0.3084862385321101,0.16459504132231406,0.14389119720979604
RP11-452H21.1,11.316194,1.1682963,1.0910769492074611e-29,8.376790396986265e-29,B,B,0.28096330275229364,0.1433388429752066,0.13762445977708704
ACTG1,11.310015,0.59589976,1.1707011529179067e-29,8.970890060673613e-29,B,B,0.6571100917431193,0.5878347107438017,0.06927538099931763
ITGA4,11.275597,0.80596507,1.7320074165866541e-29,1.3221430660966826e-28,B,B,0.4418960244648319,0.27857851239669423,0.16331751206813766
CYSTM1,11.257162,0.8813693,2.1352333198569433e-29,1.6268444341767186e-28,B,B,0.37117737003058104,0.22062809917355375,0.1505492708570273
MBNL3,11.236975,1.1622761,2.6842366125879296e-29,2.03737124295099e-28,B,B,0.26873088685015295,0.12763636363636366,0.1410945232137893
CD70,11.163505,2.8528779,6.151779023387588e-29,4.651628751143733e-28,B,B,0.154434250764526,0.022148760330578512,0.1322854904339475
PHTF1,11.148429,1.2916142,7.288182234688315e-29,5.5005148941043885e-28,B,B,0.2435015290519878,0.107801652892562,0.1356998761594258
EPB41L5,11.073496,1.2872568,1.6868914973037755e-28,1.268339471656974e-27,B,B,0.23776758409785936,0.09996694214876034,0.13780064194909902
ACSM1,11.049417,5.8238263,2.206431645194981e-28,1.6558586455497044e-27,B,B,0.13302752293577985,0.003107438016528926,0.12992008491925092
DENND5A,11.006307,0.81423515,3.5631084197546667e-28,2.664006295143676e-27,B,B,0.40634556574923547,0.25755371900826446,0.148791846740971
COMMD10,10.981687,0.7858711,4.680992641459137e-28,3.493278090641147e-27,B,B,0.46368501529052,0.3125619834710744,0.15112303181944559
SNORD3A,10.916726,2.207801,9.589046357092299e-28,7.10299730154985e-27,B,B,0.16628440366972477,0.03570247933884298,0.13058192433088178
CTNNA1,10.760831,1.3914549,5.2692681197942374e-27,3.8887587599957466e-26,B,B,0.21597859327217128,0.08532231404958679,0.1306562792225845
DUSP10,10.67046,0.81481963,1.399325588724876e-26,1.0289158740624088e-25,B,B,0.35588685015290517,0.20690909090909093,0.14897775924381423
CHL1,10.5372925,6.9144654,5.814878286492645e-26,4.252196187563177e-25,B,B,0.1253822629969419,0.0014545454545454547,0.12392771754239645
GPM6A,10.403728,3.2820303,2.384204542864331e-25,1.7308199948198408e-24,B,B,0.13914373088685017,0.01659504132231405,0.12254868956453613
LMO4,10.39978,0.9203681,2.485050511788175e-25,1.7975048909860215e-24,B,B,0.29396024464831805,0.15851239669421488,0.13544784795410317
ARHGAP42,10.372137,3.678042,3.320150473287463e-25,2.3972205583302982e-24,B,B,0.13226299694189603,0.009685950413223142,0.12257704652867288
MSRA,10.368171,1.1161352,3.4608569318733257e-25,2.4943113022510452e-24,B,B,0.25191131498470953,0.12393388429752067,0.12797743068718886
SPATS2,10.36558,1.3078421,3.555969833077717e-25,2.5582516784731776e-24,B,B,0.2144495412844037,0.0866115702479339,0.1278379710364698
MACROD2,10.285902,3.6894598,8.157431542772045e-25,5.847621177614368e-24,B,B,0.13302752293577985,0.011966942148760332,0.12106058078701952
NETO1,10.229063,6.9835963,1.4693454671779912e-24,1.0457974855359367e-23,B,B,0.12155963302752297,0.0012231404958677687,0.1203364925316552
KLHL14,10.165061,7.54431,2.8394538749052826e-24,2.0102328317913508e-23,B,B,0.12041284403669728,0.0008264462809917355,0.11958639775570554
SLC22A15,10.15318,2.2948074,3.2073799930584466e-24,2.2666996417374182e-23,B,B,0.15634556574923547,0.03685950413223141,0.11948606161700406
KLK1,10.085941,7.9215274,6.375134879913536e-24,4.489531605572913e-23,B,B,0.11926605504587158,0.0005950413223140496,0.11867101372355753
NIPAL2,10.064102,3.6638117,7.961002789344396e-24,5.59648702238622e-23,B,B,0.12958715596330278,0.01090909090909091,0.11867806505421187
ANXA2,9.942337,0.8737073,2.7236067620569594e-23,1.907955700215033e-22,B,B,0.290519877675841,0.1541487603305785,0.13637111734526247
KLHL2,9.907067,0.7963219,3.878636279433431e-23,2.7123330625408612e-22,B,B,0.3360091743119266,0.2031404958677686,0.132868678444158
ARHGEF12,9.855955,1.3198107,6.459941060549027e-23,4.509557459371049e-22,B,B,0.19762996941896022,0.07576859504132231,0.1218613743776379
SYNGR1,9.83933,1.8169806,7.6216699779187e-23,5.302031288986922e-22,B,B,0.16169724770642202,0.04247933884297521,0.11921790886344681
JAK2,9.79004,0.9345474,1.2424617918359736e-22,8.613253322953024e-22,B,B,0.27561162079510704,0.151603305785124,0.12400831500998305
APLP2,9.75515,0.7878522,1.753415715062555e-22,1.2113407357945113e-21,B,B,0.3325688073394496,0.20244628099173556,0.13012252634771404
HDAC8,9.73257,0.9804322,2.1899061395176043e-22,1.5076806468279548e-21,B,B,0.25649847094801226,0.1324297520661157,0.12406871888189655
TMEM65,9.710608,0.9134245,2.71713348544554e-22,1.8670931119888966e-21,B,B,0.2920489296636086,0.17064462809917358,0.12140430156443505
AP000476.1,9.694747,1.9718125,3.1742449121887737e-22,2.1741403508142286e-21,B,B,0.15863914373088686,0.04327272727272728,0.11536641645815958
RDX,9.656376,0.8399603,4.619144385983901e-22,3.158389323749676e-21,B,B,0.2851681957186545,0.1547107438016529,0.1304574519170016
LITAF,9.591031,0.6797099,8.720945148408753e-22,5.942722417995743e-21,B,B,0.5840978593272171,0.41520661157024796,0.16889124775696918
RAPGEF2,9.568596,0.75028473,1.0836710420305597e-21,7.346922318851253e-21,B,B,0.3459480122324159,0.2145123966942149,0.131435615538201
CD86,9.475206,3.5119612,2.6623354877269333e-21,1.7988753295452254e-20,B,B,0.12423547400611623,0.012859504132231407,0.11137596987388482
ZNF670,9.452192,2.789485,3.318079371385485e-21,2.2343968830878688e-20,B,B,0.13149847094801226,0.019834710743801654,0.11166376020421061
IL15,9.4369545,1.532175,3.8377222840233845e-21,2.5799813674106788e-20,B,B,0.1831039755351682,0.0714710743801653,0.11163290115500289
TFEC,9.434149,3.2880127,3.941806538487976e-21,2.6455077439516616e-20,B,B,0.13340978593272174,0.024462809917355374,0.10894697601536636
TGFBR1,9.427752,0.69631666,4.189744780618559e-21,2.807199182994009e-20,B,B,0.3803516819571865,0.2445289256198347,0.1358227563373518
PEBP4,9.364523,3.9806292,7.639494536485959e-21,5.1100297902916116e-20,B,B,0.1185015290519878,0.008198347107438017,0.11030318194454979
SLC1A4,9.329956,1.1180053,1.0591465220910392e-20,7.060976813940261e-20,B,B,0.21024464831804285,0.09431404958677686,0.11593059873126599
CDK19,9.321173,0.7341475,1.1506094770105012e-20,7.657966569121473e-20,B,B,0.33906727828746175,0.21285950413223143,0.12620777415523032
PLEK,9.293328,0.7410422,1.4953809595985984e-20,9.93608611028969e-20,B,B,0.3119266055045872,0.17940495867768597,0.1325216468269012
SCIMP,9.273508,3.1271574,1.8012131334938416e-20,1.1889195600619416e-19,B,B,0.12500000000000003,0.015603305785123967,0.10939669421487606
CDK8,9.193615,0.7038642,3.7985757831133094e-20,2.4990630152061246e-19,B,B,0.3662079510703364,0.23765289256198352,0.12855505850835286
GPR183,9.1702385,0.6452779,4.719748063386442e-20,3.0999987280042314e-19,B,B,0.44571865443425085,0.30277685950413225,0.1429417949301186
RALGPS1,9.117999,1.185778,7.652376707986454e-20,5.017951939663248e-19,B,B,0.20527522935779818,0.09375206611570248,0.1115231632420957
COMMD1,9.07701,0.65713423,1.115986499678018e-19,7.294029409660248e-19,B,B,0.40634556574923547,0.2705123966942149,0.13583316905502058
ACSL1,9.045367,0.7896894,1.4916347870304578e-19,9.717490469253797e-19,B,B,0.261085626911315,0.13841322314049587,0.12267240377081912
GSTO1,9.025405,0.73021364,1.7903248724362463e-19,1.1644389414219488e-18,B,B,0.31001529051987764,0.1829421487603306,0.12707314175954704
MCOLN2,9.016893,1.2834957,1.934987442877461e-19,1.2564853525178319e-18,B,B,0.18539755351681958,0.07471074380165289,0.11068680971516669
SLAMF7,8.982756,0.92517114,2.6406878056769765e-19,1.7119531965490934e-18,B,B,0.2457951070336392,0.1304793388429752,0.115315768190664
MAP4K3,8.977825,0.88427055,2.7617223267241675e-19,1.7875225415690405e-18,B,B,0.2633792048929664,0.15057851239669423,0.11280069249627217
NSMCE2,8.839355,0.6071731,9.62721455027387e-19,6.211106161467013e-18,B,B,0.5714831804281346,0.4360330578512397,0.13545012257689493
MNDA,8.813627,5.720747,1.211604020002311e-18,7.79166572348753e-18,B,B,0.10588685015290522,0.002181818181818182,0.10370503197108703
SLC2A13,8.80634,0.75066376,1.2929812003854898e-18,8.301644946295279e-18,B,B,0.3023700305810398,0.18370247933884298,0.1186675512421968
FAM126A,8.757202,1.2848363,2.001564921566464e-18,1.281001549802537e-17,B,B,0.18807339449541283,0.08333884297520662,0.1047345515202062
NCOA2,8.677307,0.62469244,4.0524944755371084e-18,2.5730123654203863e-17,B,B,0.6819571865443425,0.5277355371900827,0.15422164935425975
GAPDH,8.651094,0.24470332,5.1007893192016736e-18,3.23346391074591e-17,B,B,0.8803516819571867,0.8591404958677685,0.021211186089418188
CASC5,8.5643635,2.3765996,1.0867450117711995e-17,6.867267057006e-17,B,B,0.1261467889908257,0.02472727272727273,0.10141951626355297
MTRNR2L8,8.542235,0.5789587,1.3165028585697545e-17,8.294627703694871e-17,B,B,0.4850917431192661,0.3436694214876033,0.1414223216316628
TMEM241,8.535243,1.566496,1.3986067345627405e-17,8.78245987166556e-17,B,B,0.15214067278287463,0.0490909090909091,0.10304976369196553
KAT2B,8.512099,0.6687878,1.708126620389886e-17,1.0692498406196469e-16,B,B,0.31422018348623854,0.19500826446280994,0.11921191902342859
ZNF804A,8.466875,2.2471125,2.520631826951182e-17,1.570487119595752e-16,B,B,0.1368501529051988,0.038677685950413224,0.09817246695478558
RP11-386I14.4,8.376312,1.9621493,5.461171500123083e-17,3.3815303406334874e-16,B,B,0.13302752293577985,0.03309090909090909,0.09993661384487076
ANKRD6,8.372208,1.755516,5.654857446343853e-17,3.4960478802744066e-16,B,B,0.14258409785932724,0.04257851239669422,0.10000558546263302
TENM4,8.3577175,5.036776,6.39432647542068e-17,3.94711510828437e-16,B,B,0.10168195718654434,0.0033057851239669425,0.0983761720625774
FER,8.335762,0.89994246,7.700058504283255e-17,4.745798769974271e-16,B,B,0.23126911314984716,0.1262809917355372,0.10498812141430997
POU2F1,8.246507,0.57562613,1.630925594503722e-16,9.990355862197377e-16,B,B,0.5577217125382263,0.41682644628099175,0.14089526625723459
ZHX3,8.200826,1.2238661,2.387422230798105e-16,1.4579677745331938e-15,B,B,0.172782874617737,0.07239669421487605,0.10038618040286096
LILRB1,8.181635,1.8309568,2.800173973505239e-16,1.704824336989491e-15,B,B,0.136085626911315,0.03874380165289257,0.09734182525842244
SNED1,8.168618,0.72177714,3.119406361750774e-16,1.8962956606387683e-15,B,B,0.2866972477064221,0.1803305785123967,0.10636666919402538
GADD45B,8.159988,0.6769149,3.3505776405111e-16,2.030653115461273e-15,B,B,0.3440366972477064,0.23930578512396694,0.10473091212373947
ZNF600,8.152275,0.66985357,3.571419978531997e-16,2.161222377326473e-15,B,B,0.27293577981651385,0.15930578512396695,0.11362999469254689
SCMH1,8.138831,0.6325942,3.991107313989911e-16,2.4115452048277404e-15,B,B,0.35015290519877673,0.23639669421487608,0.11375621098390065
BHLHE40,8.13557,0.6989887,4.100050809393712e-16,2.47363548078052e-15,B,B,0.2629969418960245,0.15219834710743801,0.1107985947885865
RIPK2,8.068994,0.8314806,7.088008747985975e-16,4.269884787943358e-15,B,B,0.21941896024464835,0.11474380165289258,0.10467515859175577
MYO9B,8.005959,0.57391554,1.1853924839253532e-15,7.130180354438214e-15,B,B,0.5630733944954129,0.41804958677685955,0.1450238077185534
UBE2E1,7.9691844,0.55628604,1.5972474586407464e-15,9.593077829674153e-15,B,B,0.5172018348623854,0.3752727272727273,0.14192910758965804
RP11-164H13.1,7.886874,7.190538,3.0984943753421124e-15,1.8498473882639475e-14,B,B,0.09365443425076453,0.0008925619834710744,0.09276187226729346
EML6,7.8677874,2.7292964,3.60968558722934e-15,2.1486223733507978e-14,B,B,0.10894495412844038,0.015834710743801654,0.09311024338463872
AC016831.7,7.8612394,0.5677089,3.803516084891971e-15,2.2572795756035435e-14,B,B,0.790137614678899,0.6544462809917355,0.13569133368716346
LGALS1,7.8590784,0.79757816,3.8697012245752745e-15,2.293156281229792e-14,B,B,0.25114678899082576,0.15173553719008265,0.09941125180074312
MZB1,7.790327,5.61335,6.683595387971378e-15,3.9489485305591596e-14,B,B,0.09365443425076453,0.0019504132231404961,0.09170402102762404
RGS16,7.7670603,2.532817,8.032865800625032e-15,4.7252151768382535e-14,B,B,0.11200305810397554,0.02026446280991736,0.09173859529405817
EPS15L1,7.7528114,0.5669803,8.987989420304602e-15,5.2715480470994725e-14,B,B,0.37117737003058104,0.252297520661157,0.11887984936942403
GRAMD1C,7.709109,2.0729446,1.266992130258369e-14,7.42015888877522e-14,B,B,0.11926605504587158,0.027371900826446284,0.09189415421942529
USP28,7.625702,0.9698942,2.427098343895997e-14,1.4193557566643256e-13,B,B,0.183868501529052,0.08803305785123969,0.0958354436778123
SLC41A2,7.6008906,1.3273089,2.940992048194466e-14,1.7148641680434204e-13,B,B,0.15634556574923547,0.06575206611570247,0.090593499633533
STX8,7.5978074,0.56223327,3.011901762509987e-14,1.7536545924366735e-13,B,B,0.3463302752293578,0.23319008264462815,0.11314019258472963
AFF1,7.573375,0.5221382,3.6364990423768e-14,2.1142436292888375e-13,B,B,0.5863914373088686,0.4550413223140496,0.13135011499481897
ZFYVE16,7.5649767,0.573958,3.8793421231482284e-14,2.2521579815084057e-13,B,B,0.3264525993883792,0.21600000000000003,0.1104525993883792
STK3,7.558972,0.9186824,4.062672973966257e-14,2.3551727385311633e-13,B,B,0.2048929663608563,0.11229752066115703,0.09259544569969927
RAPGEF5,7.5320663,4.588231,4.9943513530152095e-14,2.8910861667237103e-13,B,B,0.09403669724770643,0.0056528925619834716,0.08838380468572296
ZFAND3,7.5149426,0.58717924,5.693580461464767e-14,3.2910869719449523e-13,B,B,0.8623853211009176,0.7250578512396695,0.1373274698612481
MPP6,7.3479915,0.6464783,2.0120720509773416e-13,1.1571251821320528e-12,B,B,0.26911314984709483,0.16945454545454547,0.09965860439254937
GSN,7.336281,1.7004921,2.1961101746167096e-13,1.2603214775418708e-12,B,B,0.12385321100917435,0.03636363636363636,0.08748957464553798
MTMR8,7.3243337,1.0194418,2.4008845660125147e-13,1.3758650808094642e-12,B,B,0.17545871559633028,0.08548760330578513,0.08997111229054515
AMZ1,7.2663813,1.202327,3.6924502262564583e-13,2.0979830831002603e-12,B,B,0.16169724770642202,0.07484297520661157,0.08685427249981045
AC007246.3,7.255459,1.240063,4.003020729957842e-13,2.267345849817044e-12,B,B,0.1559633027522936,0.06928925619834711,0.08667404655394648
SIK3,7.1615863,0.56537443,7.974891628183722e-13,4.486577568598438e-12,B,B,0.8130733944954129,0.6737520661157025,0.13932132837971045
ACER3,7.135106,0.6550098,9.67127072057884e-13,5.4332981576285626e-12,B,B,0.24847094801223246,0.15381818181818183,0.09465276619405064
DISP1,7.106507,1.2883128,1.1901692823738282e-12,6.676966521031295e-12,B,B,0.14181957186544344,0.05563636363636364,0.08618320822907981
CORO1C,7.0572968,0.9557728,1.6977304891902858e-12,9.511095177536615e-12,B,B,0.16781345565749237,0.08013223140495868,0.08768122425253369
UBTD2,7.0376167,0.67575616,1.9555556384904217e-12,1.094017140414222e-11,B,B,0.24273700305810403,0.15064462809917356,0.09209237495893047
TP53INP1,7.0133724,0.6669582,2.326407381190702e-12,1.2996689280394985e-11,B,B,0.24159021406727832,0.14852892561983472,0.0930612884474436
BCL2A1,7.0028133,0.8581571,2.5087323030194593e-12,1.3995717171656677e-11,B,B,0.18425076452599387,0.09596694214876034,0.08828382237723353
CD9,6.999371,1.6353072,2.5711405809374804e-12,1.4323902957868972e-11,B,B,0.12844036697247707,0.04601652892561984,0.08242383804685724
FILIP1L,6.9566092,0.6027379,3.485600903624075e-12,1.9337591698330514e-11,B,B,0.27484709480122327,0.1808925619834711,0.09395453281775218
NFAT5,6.8898697,0.52881783,5.584359169829713e-12,3.085281309298184e-11,B,B,0.6349388379204893,0.49719008264462816,0.13774875527586117
BMPR2,6.875507,0.56998354,6.176974152290765e-12,3.403291543961854e-11,B,B,0.2863149847094802,0.19110743801652896,0.09520754669295123
NEAT1,6.8562193,0.49330705,7.070678807917024e-12,3.890332218936464e-11,B,B,0.9139908256880735,0.8115702479338843,0.10242057775418922
FAM65B,6.8523436,0.4611975,7.2649938760237515e-12,3.991754876936127e-11,B,B,0.8069571865443426,0.7012231404958678,0.1057340460484748
TEX9,6.846879,3.2503762,7.547857116624937e-12,4.1414853863511315e-11,B,B,0.09059633027522937,0.009884297520661157,0.08071203275456822
CPEB3,6.8332586,0.8837101,8.300714007807566e-12,4.5483364426342825e-11,B,B,0.18004587155963303,0.09530578512396695,0.08474008643566608
BAZ2B,6.800591,0.5085722,1.0419075368925541e-11,5.6779702282972974e-11,B,B,0.33333333333333337,0.23401652892561986,0.09931680440771351
HES1,6.762572,4.76073,1.3556329986566873e-11,7.367570644873301e-11,B,B,0.08333333333333334,0.0038347107438016534,0.07949862258953169
TPST1,6.7349963,1.2531582,1.6393413204273807e-11,8.885318809904503e-11,B,B,0.14143730886850156,0.060925619834710745,0.08051168903379081
EGR3,6.7163434,5.8910947,1.8634152980457203e-11,1.0086145050315131e-10,B,B,0.08065749235474007,0.0016528925619834713,0.07900459979275659
RP11-83A24.2,6.6853437,0.5080223,2.3038327902206378e-11,1.2419583774774327e-10,B,B,0.3474770642201835,0.2514710743801653,0.09600598984001818
TMEM107,6.681604,1.2445421,2.3634082180727307e-11,1.2723597405505953e-10,B,B,0.13417431192660553,0.05322314049586778,0.08095117143073775
SNX9,6.6496596,0.55409515,2.9377200784973624e-11,1.5772993710052953e-10,B,B,0.7133027522935779,0.5582148760330579,0.15508787626052
RPS6KC1,6.639378,0.5127036,3.150093122986008e-11,1.6890579747914252e-10,B,B,0.30925076452599387,0.2146446280991736,0.09460613642682028
TNFRSF18,6.6315746,1.5816226,3.321247261869516e-11,1.776068054475677e-10,B,B,0.11506116207951073,0.03573553719008264,0.07932562488942808
EIF4A3,6.5992227,0.5528547,4.1331867089954295e-11,2.2043662447975623e-10,B,B,0.25840978593272174,0.16747107438016529,0.09093871155255645
PKP4,6.5659227,1.1112788,5.171160514898392e-11,2.7542799014105946e-10,B,B,0.1651376146788991,0.08902479338842975,0.07611282129046934
PLXNC1,6.5491548,0.7999223,5.786369174085046e-11,3.0737684855697454e-10,B,B,0.18769113149847094,0.10608264462809919,0.08160848687037175
NTNG1,6.5329566,5.8312554,6.448376411731167e-11,3.4073323179557025e-10,B,B,0.0783639143730887,0.001487603305785124,0.07687631106730358
FAM46C,6.413971,0.5520216,1.417773613729563e-10,7.432627070666123e-10,B,B,0.23088685015290525,0.1407933884297521,0.09009346172315316
CCL22,6.4114556,1.8776168,1.4413679854538913e-10,7.54642924321409e-10,B,B,0.1085626911314985,0.03309090909090909,0.07547178204058941
RP1-167A14.2,6.410026,1.0326122,1.4549476395845053e-10,7.607569357304603e-10,B,B,0.15252293577981654,0.07461157024793388,0.07791136553188266
PTPN12,6.34685,0.44040382,2.197684355077819e-10,1.146119611513856e-09,B,B,0.32339449541284404,0.2176528925619835,0.10574160285086054
SRPK2,6.331215,0.49216208,2.4323852726740905e-10,1.2668673295177554e-09,B,B,0.7262996941896024,0.6019173553719008,0.12438233881770155
SCFD2,6.328239,0.47616515,2.479752941517668e-10,1.2881833462429444e-09,B,B,0.33524464831804285,0.23943801652892563,0.09580663178911722
RPLP0,6.325314,0.4959493,2.527177263517478e-10,1.3111166088287823e-09,B,B,0.9682721712538227,0.911702479338843,0.056569691914979736
XRCC4,6.3147774,0.8498106,2.705506642708905e-10,1.4018169133206762e-09,B,B,0.1735474006116208,0.09563636363636366,0.07791103697525714
TESC,6.305351,2.2589705,2.8754152832449383e-10,1.4879251142276525e-09,B,B,0.09288990825688073,0.018148760330578516,0.07474114792630221
TXN,6.303235,0.44009936,2.9149596181460454e-10,1.5064390791452431e-09,B,B,0.6422018348623852,0.5298512396694215,0.11235059519296375
KIAA2022,6.257787,3.2530508,3.9047780933472334e-10,2.010181772636928e-09,B,B,0.08295107033639143,0.009256198347107438,0.073694871989284
RASSF6,6.224831,4.9525433,4.820754894662827e-10,2.4721819972629882e-09,B,B,0.07607033639143733,0.0028429752066115705,0.07322736118482576
RP5-887A10.1,6.1662555,7.555573,6.992597480409306e-10,3.5676517757190337e-09,B,B,0.07301223241590216,0.00046280991735537196,0.07254942249854679
HHAT,6.06021,1.7102548,1.359437512181033e-09,6.883227909777382e-09,B,B,0.10168195718654434,0.029454545454545455,0.07222741173199888
GALNT7,6.0549326,0.6041918,1.404764209950036e-09,7.103738103413582e-09,B,B,0.2232415902140673,0.14502479338842977,0.07821679682563754
TLE1,6.049902,1.1725864,1.4493388175109616e-09,7.310662383409642e-09,B,B,0.13111620795107037,0.058975206611570255,0.07214100133950012
AP001347.6,6.042204,1.3192427,1.5202330335573925e-09,7.65860470305991e-09,B,B,0.11467889908256884,0.04178512396694215,0.0728937751156267
MOXD1,6.0378585,5.0746355,1.5617300403084512e-09,7.857761209099126e-09,B,B,0.07339449541284404,0.002347107438016529,0.07104738797482751
GPD2,6.0153584,0.70053804,1.7948915932032855e-09,8.996950341871105e-09,B,B,0.18730886850152906,0.11170247933884299,0.07560638916268607
DRAM1,6.01358,0.7277837,1.8147046804904438e-09,9.084879501829505e-09,B,B,0.18348623853211007,0.10806611570247934,0.07542012282963073
RP5-956O18.2,6.005682,2.4416006,1.9052958575517205e-09,9.526479287758601e-09,B,B,0.0856269113149847,0.014479338842975208,0.0711475724720095
CLIP2,6.003593,0.9924624,1.9299830889664476e-09,9.625850817787768e-09,B,B,0.14334862385321104,0.07074380165289257,0.07260482220031847
CTD-2509G16.5,6.0014157,2.6325715,1.9560427051414394e-09,9.743674745411901e-09,B,B,0.08409785932721714,0.0131900826446281,0.07090777668258905
GSTCD,5.9731507,0.7631484,2.3271475569789094e-09,1.1534808213030529e-08,B,B,0.1659021406727829,0.09041322314049588,0.07548891753228701
SOCS1,5.967186,0.48843467,2.4138054241322087e-09,1.1943637891155837e-08,B,B,0.2828746177370031,0.1993719008264463,0.08350271691055683
ZMIZ1,5.9670644,0.75774217,2.4156007634862684e-09,1.1943637891155837e-08,B,B,0.16628440366972477,0.09153719008264463,0.07474721358708014
ROCK2,5.919784,0.54163283,3.223641770358175e-09,1.5840991500531574e-08,B,B,0.23126911314984716,0.15239669421487606,0.0788724189349711
METTL25,5.8837757,0.4336071,4.010113629512414e-09,1.9657419752511832e-08,B,B,0.30772171253822633,0.21880991735537192,0.08891179518285441
LIMS1,5.8710036,0.40443355,4.331643794843629e-09,2.1207558359087536e-08,B,B,0.4143730886850154,0.3049256198347108,0.1094474688503046
MRPL1,5.8295283,0.40496188,5.558418557133601e-09,2.7114236864066346e-08,B,B,0.35015290519877673,0.2502809917355372,0.09987191346323954
MYO9A,5.823609,0.42176515,5.759031411444752e-09,2.805861832616201e-08,B,B,0.33142201834862384,0.24383471074380164,0.0875873076048222
DIRC2,5.8030353,0.55906683,6.51250186617779e-09,3.169100664806711e-08,B,B,0.23967889908256884,0.16489256198347108,0.07478633709909777
STARD9,5.7798758,1.0261302,7.47557092962338e-09,3.628917927001641e-08,B,B,0.13226299694189603,0.0619504132231405,0.07031258371875553
EHD1,5.7357693,0.4087541,9.707061130417724e-09,4.683744815641845e-08,B,B,0.31498470948012236,0.22211570247933887,0.09286900700078349
KIF13A,5.717804,1.0081471,1.0790961438060452e-08,5.200463343643592e-08,B,B,0.139908256880734,0.07163636363636364,0.06827189324437036
C5orf42,5.615137,0.5706907,1.9640643585889125e-08,9.397437122434989e-08,B,B,0.2037461773700306,0.12952066115702482,0.07422551621300577
PKD2L2,5.5664964,0.8189441,2.5991238199795647e-08,1.2406318949783127e-07,B,B,0.14564220183486243,0.07629752066115703,0.0693446811737054
EBI3,5.553671,1.3621919,2.7973224778704487e-08,1.3325824711957094e-07,B,B,0.10512232415902142,0.039008264462809916,0.06611405969621151
GRASP,5.5536017,1.3961931,2.7984231895109897e-08,1.3325824711957094e-07,B,B,0.10091743119266056,0.03424793388429752,0.06666949730836304
MOB1B,5.519709,0.5200529,3.39561370361303e-08,1.6131181489848125e-07,B,B,0.21980122324159024,0.14604958677685953,0.07375163646473071
RPSA,5.500571,0.51054275,3.785640801078297e-08,1.796270842741778e-07,B,B,0.9552752293577984,0.8905785123966942,0.06469671696110424
GALNT3,5.454733,0.85489774,4.904652451444756e-08,2.3189846106121778e-07,B,B,0.12996941896024466,0.06198347107438017,0.0679859478858645
ANXA5,5.4356675,0.2613863,5.459169215816278e-08,2.575079818781263e-07,B,B,0.2824923547400612,0.18710743801652896,0.09538491672353222
ARHGAP20,5.4248,3.911237,5.8019543605225485e-08,2.7335474018951937e-07,B,B,0.0684250764525994,0.004528925619834711,0.06389615083276469
PGD,5.4030356,0.48505133,6.552251574266378e-08,3.076174448012384e-07,B,B,0.2010703363914373,0.1271404958677686,0.07392984052366869
GLYATL1,5.3902483,6.039402,7.036031004629361e-08,3.299428372628071e-07,B,B,0.06460244648318045,0.0011900826446280992,0.06341236383855235
TBL1X,5.3826094,0.43325242,7.341378790844803e-08,3.4385849137446383e-07,B,B,0.6991590214067278,0.5816528925619835,0.11750612884474432
KIAA1958,5.375986,0.700645,7.616471847473598e-08,3.5632616830285836e-07,B,B,0.172782874617737,0.10671074380165291,0.0660721308160841
HMOX1,5.3547544,1.6040471,8.567273771358451e-08,4.0033989585787157e-07,B,B,0.09594801223241589,0.03282644628099174,0.06312156595142415
SBF2,5.3543096,0.38821226,8.58836530431417e-08,4.008571903997279e-07,B,B,0.35474006116207946,0.27348760330578514,0.08125245785629431
LINC00662,5.330133,0.5842179,9.81407711755166e-08,4.5593854204653477e-07,B,B,0.18042813455657492,0.1109421487603306,0.06948598579624432
RP11-426C22.5,5.3281937,0.33910936,9.919438371301062e-08,4.6029876432951564e-07,B,B,0.30160550458715596,0.21219834710743804,0.08940715747971792
HRK,5.3263655,6.5503335,1.0019733909562527e-07,4.644140861906154e-07,B,B,0.06345565749235477,0.0007933884297520661,0.06266226906260271
CR2,5.292681,4.5950503,1.2053600447254928e-07,5.580370577432838e-07,B,B,0.06498470948012233,0.0026776859504132233,0.062307023529709106
MPZL1,5.2868857,0.6741735,1.2441621012391752e-07,5.753350757175377e-07,B,B,0.1559633027522936,0.08925619834710743,0.06670710440518615
PIGN,5.2797074,0.44169423,1.2939038755107294e-07,5.976461318756256e-07,B,B,0.2347094801223242,0.16036363636363637,0.07434584375868783
SGCE,5.2635264,3.2681985,1.4131801125157673e-07,6.519862110799388e-07,B,B,0.0688073394495413,0.006710743801652893,0.06209659564788841
ARHGAP6,5.2622895,3.0159209,1.4227257380643977e-07,6.556339806748376e-07,B,B,0.07186544342507648,0.010016528925619834,0.06184891449945664
PEG10,5.231307,4.143468,1.683156706934751e-07,7.738651526136786e-07,B,B,0.06536697247706424,0.0037685950413223145,0.06159837743574193
TMEM164,5.1581426,0.629561,2.4941144423547225e-07,1.1349781307643788e-06,B,B,0.1735474006116208,0.10919008264462812,0.06435731796699268
CECR2,5.1372495,3.887762,2.7878885745680403e-07,1.265783688793662e-06,B,B,0.06574923547400613,0.005388429752066116,0.06036080572194001
PCDH9,5.1254377,4.2113523,2.9684732148271554e-07,1.3462463559306828e-06,B,B,0.06422018348623854,0.003933884297520661,0.060286299188717876
PRICKLE1,5.089687,4.257976,3.586553694286256e-07,1.622874974790161e-06,B,B,0.06345565749235477,0.003570247933884298,0.05988540955847047
DCAF10,5.06131,0.35465446,4.163857092169976e-07,1.8777258589267085e-06,B,B,0.46368501529052,0.368099173553719,0.09558584173680096
NUBPL,5.0594993,0.4012543,4.2035906966464044e-07,1.8935093228136957e-06,B,B,0.2668195718654435,0.19309090909090912,0.07372866277453435
ZNF208,5.0552096,1.8055941,4.2991815702517383e-07,1.932216436068197e-06,B,B,0.08180428134556576,0.02171900826446281,0.06008527308110295
RP11-713N11.4,5.022015,3.9330003,5.113221770114575e-07,2.2929245605894954e-06,B,B,0.06307339449541285,0.0039008264462809922,0.05917256804913186
SIK2,5.020228,0.4402888,5.161024371028206e-07,2.311769035175008e-06,B,B,0.2285932721712539,0.1594710743801653,0.06912219779108858
NBEA,5.006324,0.61943555,5.547935889141255e-07,2.4822979369759527e-06,B,B,0.15749235474006118,0.09319008264462811,0.06430227209543307
ARHGAP32,5.000529,0.96634287,5.717331402050281e-07,2.555231911530852e-06,B,B,0.12920489296636087,0.06981818181818182,0.05938671114817905
CDKL1,4.9962068,0.77217895,5.846890450869958e-07,2.6102189512812313e-06,B,B,0.1383792048929664,0.07672727272727273,0.061651932165693674
ATRN,4.9606485,0.3738965,7.025828124334954e-07,3.122590277482202e-06,B,B,0.25955657492354745,0.18733884297520664,0.0722177319483408
SLC39A11,4.9581084,0.4019465,7.118285684789799e-07,3.160171225211897e-06,B,B,0.24273700305810403,0.17246280991735538,0.07027419314074865
HIST1H1C,4.9340405,0.47394747,8.054580165685752e-07,3.567920339174198e-06,B,B,0.18883792048929662,0.12211570247933884,0.06672221800995778
FAM46A,4.9326935,0.69926304,8.11033520483368e-07,3.5886438959441062e-06,B,B,0.15749235474006118,0.09712396694214877,0.06036838779791241
HIST1H1E,4.9248877,0.47029537,8.440877216000947e-07,3.7307744601109156e-06,B,B,0.18807339449541283,0.12142148760330579,0.06665190689210704
TTN,4.9107294,0.51436746,9.073821998791702e-07,4.006102427722606e-06,B,B,0.1739296636085627,0.1086611570247934,0.06526850658376931
RNF144B,4.9094653,0.7342224,9.132503491932009e-07,4.02756493580243e-06,B,B,0.13532110091743121,0.0742809917355372,0.06104010918189401
GALNT14,4.903133,3.7529113,9.43200181874334e-07,4.155066880503674e-06,B,B,0.062308868501529065,0.00456198347107438,0.057746885030454685
HIST1H2AC,4.8903055,0.46884447,1.0067963943636049e-06,4.430347169916853e-06,B,B,0.2048929663608563,0.13983471074380166,0.06505825561705464
WARS2,4.877379,0.3829761,1.0750480184553859e-06,4.720298654030234e-06,B,B,0.24388379204892974,0.17282644628099175,0.07105734576793798
FOXP4,4.8243113,1.2760049,1.4048801706479941e-06,6.128157778180999e-06,B,B,0.09327217125382263,0.03543801652892562,0.05783415472489701
RFX7,4.7852006,0.38312224,1.7081651214291446e-06,7.426804875778889e-06,B,B,0.5493119266055047,0.4346115702479339,0.11470035635757075
KIF13B,4.764854,0.32349744,1.8899037957862223e-06,8.1991487886604e-06,B,B,0.31689602446483184,0.23804958677685953,0.07884643768797231
ANKAR,4.744328,0.38515645,2.091996145985198e-06,9.04646982047653e-06,B,B,0.2457951070336392,0.17768595041322316,0.06810915662041603
MIR181A1HG,4.7322426,0.52173316,2.2205295623232177e-06,9.591920355607852e-06,B,B,0.1999235474006116,0.1402314049586777,0.05969214244193391
SERTAD2,4.6913385,0.36529467,2.7142336758628632e-06,1.1636585962970474e-05,B,B,0.23356269113149852,0.16697520661157025,0.06658748451992827
AFF2,4.683797,2.4078145,2.8160885398180204e-06,1.2060336358963685e-05,B,B,0.0691896024464832,0.014082644628099175,0.055106957818384025
FNBP1L,4.656752,2.3767219,3.212371658333917e-06,1.371343290644148e-05,B,B,0.06651376146788993,0.01147107438016529,0.05504268708772464
RNLS,4.650871,0.7532427,3.3053644392330455e-06,1.4095370742998062e-05,B,B,0.12958715596330278,0.07226446280991736,0.05732269315338542
EFCAB2,4.6366715,0.43229815,3.540643206398966e-06,1.5066566835740281e-05,B,B,0.2144495412844037,0.15203305785123966,0.06241648343316403
CRIM1,4.590302,0.9979722,4.426047663104446e-06,1.8814230236363215e-05,B,B,0.11162079510703365,0.05695867768595042,0.054662117421083234
ANK2,4.5643344,3.9106145,5.010819126932653e-06,2.1277363596317e-05,B,B,0.057721712538226305,0.004,0.0537217125382263
WDPCP,4.553198,0.30755016,5.283648194481071e-06,2.2364648442247923e-05,B,B,0.4116972477064221,0.323603305785124,0.0880939419212981
ZC2HC1A,4.5525503,1.8806893,5.2999443192681785e-06,2.238624844463856e-05,B,B,0.07301223241590216,0.019206611570247938,0.05380562084565422
NSUN7,4.5147557,4.441375,6.338977203290805e-06,2.6606410087264662e-05,B,B,0.056192660550458726,0.003107438016528926,0.0530852225339298
FANCC,4.509824,0.8924423,6.4881420862530665e-06,2.720395004718267e-05,B,B,0.11238532110091745,0.05785123966942149,0.05453408143149596
PTPN9,4.503465,0.44633022,6.685439578813803e-06,2.8001841167806506e-05,B,B,0.18004587155963303,0.12003305785123967,0.060012813708393356
TMLHE,4.495783,0.49338654,6.931448779238826e-06,2.888103658016178e-05,B,B,0.17048929663608564,0.11097520661157026,0.05951409002451538
RP11-204L24.2,4.491957,1.1952128,7.05716126181366e-06,2.9374240423782144e-05,B,B,0.08906727828746178,0.035173553719008266,0.05389372456845351
ENOX2,4.482418,0.43053883,7.38019930701641e-06,3.068689940547364e-05,B,B,0.198394495412844,0.13890909090909093,0.059485404503753087
AK9,4.478101,0.4639637,7.531011009040391e-06,3.128145798147618e-05,B,B,0.18425076452599387,0.12509090909090909,0.059159855435084785
DIAPH2-AS1,4.451642,0.89036125,8.521620684565433e-06,3.5213308613906745e-05,B,B,0.11238532110091745,0.05854545454545455,0.0538398665554629
TBC1D12,4.427181,1.1380683,9.5472734186139e-06,3.94108293854031e-05,B,B,0.095565749235474,0.04300826446280992,0.05255748477266409
LGMN,4.4180775,1.3630252,9.958266109475032e-06,4.1065014884433124e-05,B,B,0.0863914373088685,0.03421487603305785,0.05217656127581065
SPRYD7,4.405135,1.1414717,1.0571801841178568e-05,4.350535737110522e-05,B,B,0.0875382262996942,0.034545454545454546,0.05299277175423965
B3GALNT2,4.401025,0.7226923,1.0774078194787397e-05,4.4292202239619313e-05,B,B,0.1188837920489297,0.06459504132231406,0.05428875072661564
AC004158.2,4.384755,1.398124,1.1611637808998463e-05,4.768639757288897e-05,B,B,0.08142201834862386,0.029256198347107444,0.05216582000151642
NPW,4.3793926,2.7999825,1.190105534432625e-05,4.882484243826154e-05,B,B,0.060397553516819594,0.008826446280991735,0.05157110723582786
ICAM1,4.35687,0.7423189,1.3193556078137092e-05,5.390625568186759e-05,B,B,0.12155963302752297,0.06839669421487604,0.05316293881264693
C2orf43,4.35273,0.31833297,1.3445281730613732e-05,5.4878700941280535e-05,B,B,0.23012232415902145,0.16426446280991736,0.0658578613491041
LPAR6,4.291462,0.28213924,1.7750052841102023e-05,7.193537118987649e-05,B,B,0.29396024464831805,0.22072727272727277,0.07323297192104528
PHLPP1,4.2406225,0.33650285,2.2290050394607346e-05,8.996993095704277e-05,B,B,0.2629969418960245,0.20244628099173556,0.060550660904288955
NR4A1,4.2352057,3.3689733,2.2834273411025674e-05,9.20736831089745e-05,B,B,0.05466360856269113,0.004760330578512397,0.049903277984178734
GKAP1,4.2322917,0.63650894,2.3132199122536596e-05,9.308732041262212e-05,B,B,0.13455657492354742,0.08188429752066118,0.05267227740288624
CMIP,4.21765,0.3529303,2.468614237363978e-05,9.924077336136596e-05,B,B,0.5458715596330276,0.41973553719008266,0.12613602244294492
WWC3-AS1,4.2166634,1.7002273,2.479439022178784e-05,9.957586434452947e-05,B,B,0.069954128440367,0.019867768595041323,0.050086359845325674
P4HA1,4.1966796,0.3866828,2.7085681789839343e-05,0.00010845117833769507,B,B,0.19571865443425074,0.13930578512396694,0.0564128693102838
ARHGAP18,4.1957064,0.8493871,2.720223688390328e-05,0.00010880894753561311,B,B,0.09441896024464833,0.04317355371900827,0.05124540652564005
IL2RA,4.177249,0.69938326,2.95056081415573e-05,0.00011766942429334917,B,B,0.1185015290519878,0.06743801652892562,0.05106351252306218
AVEN,4.1635146,0.32982162,3.133857437253869e-05,0.0001248548779782418,B,B,0.2152140672782875,0.15497520661157027,0.06023886066671724
EGR1,4.1493573,4.371149,3.334098027812161e-05,0.0001325685100521734,B,B,0.05122324159021407,0.0023801652892561985,0.04884307630095787
GNG11,4.1304584,1.1774234,3.6204041257867905e-05,0.00014338234161531842,B,B,0.0791284403669725,0.029586776859504137,0.049541663507468366
ACSL4,4.129073,0.27030545,3.6422863088093234e-05,0.0001441062832367685,B,B,0.35741590214067276,0.2766611570247934,0.08075474511587938
SYN3,4.100317,2.886242,4.125844495766446e-05,0.00016291587347547668,B,B,0.05657492354740062,0.008363636363636365,0.04821128718376425
SLC36A3,4.0922804,4.0694547,4.271516352031278e-05,0.0001683356197844839,B,B,0.05160550458715596,0.0034710743801652896,0.04813443020699067
RGS7,4.0525804,3.3142345,5.065578517128294e-05,0.00019865013792659975,B,B,0.05389908256880734,0.006280991735537191,0.04761809083327015
RPL8,4.024673,0.29592106,5.705455115083404e-05,0.00022243489727420676,B,B,0.9694189602446485,0.9516694214876033,0.017749538757045213
RP11-284M14.1,3.9809134,0.5514448,6.865097400041857e-05,0.0002666960922813178,B,B,0.1460244648318043,0.09596694214876034,0.050057522683043976
PPP1R9A,3.9808328,2.1341991,6.867424376243934e-05,0.0002666960922813178,B,B,0.060015290519877695,0.012991735537190085,0.04702355498268761
RPS5,3.9697654,0.41821426,7.194344347220781e-05,0.00027858061363875245,B,B,0.9621559633027524,0.9264793388429752,0.03567662445977726
RP6-99M1.2,3.9634686,1.2232987,7.386859082888756e-05,0.0002854824766333819,B,B,0.08142201834862386,0.03441322314049587,0.04700879520812799
JAZF1-AS1,3.959427,3.1471717,7.512975311293896e-05,0.00029007626684532416,B,B,0.05160550458715596,0.004892561983471075,0.04671294260368489
PGM2L1,3.9536533,0.37283605,7.696687707640183e-05,0.0002968828431105182,B,B,0.16284403669724773,0.10958677685950415,0.053257259837743584
RMRP,3.9443977,0.7909912,8.000076636084053e-05,0.00030799140081170563,B,B,0.09977064220183486,0.0515702479338843,0.04820039426795056
H2AFX,3.8836036,0.8228409,0.00010291961619485017,0.00039508489902053806,B,B,0.09403669724770643,0.04674380165289256,0.047292895594813866
SHF,3.8751235,1.481583,0.00010657064633677932,0.0004087081355197673,B,B,0.069954128440367,0.024,0.045954128440367
OVOL2,3.8736467,1.3062613,0.00010721879632478225,0.00041079998591870594,B,B,0.07301223241590216,0.026743801652892564,0.04626843076300959
KLHDC10,3.865843,0.2528617,0.00011070606999217051,0.0004229458261400975,B,B,0.3176605504587156,0.25008264462809915,0.06757790583061646
RNU11,3.8434248,1.8076323,0.00012132921312440285,0.00046308859971146127,B,B,0.06077981651376149,0.015239669421487606,0.045540147092273886
STK33,3.8348243,2.8144,0.00012565410328010875,0.0004791386207058485,B,B,0.05237003058103976,0.007173553719008265,0.0451964768620315
DHRS7B,3.8339467,0.31591612,0.00012610341870677658,0.00048039397602581553,B,B,0.2140672782874618,0.1590413223140496,0.0550259559734122
SH3RF1,3.8246653,2.3415203,0.00013094979978378902,0.0004979079839687795,B,B,0.058868501529052,0.014082644628099175,0.044785856900952825
WHSC1,3.766232,0.29321286,0.00016572984619758432,0.0006277645689302436,B,B,0.2033639143730887,0.14892561983471075,0.05443829453837795
INVS,3.7418492,0.24366984,0.00018267112067149856,0.0006912814405733153,B,B,0.29663608562691135,0.23325619834710748,0.06337988727980387
FAM212B,3.7324014,0.27296087,0.000189662991531913,0.0007170623498371001,B,B,0.20795107033639149,0.15239669421487606,0.055554376121515425
ITGB2,3.6588945,0.40581256,0.0002533056359620248,0.000948710247048782,B,B,0.1479357798165138,0.1,0.047935779816513785
MFSD12,3.6408978,0.48072237,0.00027168913784585933,0.0010147119994243113,B,B,0.12385321100917435,0.07775206611570248,0.04610114489347186
RP11-69I8.3,3.6376865,6.933905,0.000275098063661438,0.0010264853121695447,B,B,0.04319571865443425,0.0003966942148760331,0.04279902443955822
RNF13,3.636082,0.30304796,0.00027681636645737496,0.0010319342645195712,B,B,0.5137614678899083,0.4038347107438017,0.10992675714610661
STEAP1B,3.6223176,0.9332298,0.00029197525084887545,0.001087431101858009,B,B,0.0863914373088685,0.043074380165289264,0.04331705714357924
PATL2,3.6179025,0.29353508,0.00029700022068214395,0.0011040900397105723,B,B,0.2236238532110092,0.1711404958677686,0.05248335734324058
GRIK4,3.609011,3.2898443,0.00030736661170228507,0.0011405069079862154,B,B,0.047018348623853214,0.0044958677685950415,0.04252248085525817
SNX24,3.5940118,0.47950372,0.0003256252439252473,0.0012071371415208426,B,B,0.13188073394495414,0.0862809917355372,0.04559974220941694
PPP1R13B,3.5867183,0.27554628,0.00033486583805212824,0.0012402438446375119,B,B,0.202217125382263,0.1487933884297521,0.0534237369525109
BACE2,3.5794013,3.4320128,0.0003443824837873312,0.0012731330269402262,B,B,0.04587155963302752,0.0037024793388429757,0.04216908029418454
HIBCH,3.5716288,0.22903046,0.00035476813087352663,0.001310316272847744,B,B,0.21674311926605508,0.16069421487603305,0.056048904390022025
C11orf49,3.5159242,0.24397446,0.0004382260457440037,0.0016066949431494178,B,B,0.39755351681957185,0.3237685950413223,0.07378492177824952
RP11-131L23.1,3.512873,1.7948979,0.00044328927015222506,0.0016237702203378205,B,B,0.0592507645259939,0.01788429752066116,0.04136646700533274
SUMF1,3.4972067,0.24839178,0.0004701572603699657,0.0017159024101093636,B,B,0.43539755351681964,0.35791735537190084,0.0774801981449188
CD38,3.4689524,1.0242321,0.0005224921672988253,0.001899971517450274,B,B,0.0764525993883792,0.03487603305785124,0.04157656633052796
BCAT1,3.4615269,0.36776522,0.00053712068521493,0.0019496213619416697,B,B,0.11276758409785934,0.06776859504132232,0.044998989056537014
PDLIM5,3.4246848,0.27077898,0.0006155132427463501,0.0022180657396264868,B,B,0.2029816513761468,0.15388429752066118,0.04909735385548561
MAML3,3.4116755,0.45436677,0.0006456491911766613,0.0023203924211200764,B,B,0.15711009174311927,0.11507438016528927,0.042035711577829996
DNAH11,3.410027,2.9068277,0.0006495646023612811,0.002332368410632966,B,B,0.04625382262996942,0.006082644628099174,0.04017117800187024
NEDD4L,3.4072733,0.25580823,0.0006561540266752262,0.002353915790763143,B,B,0.12155963302752297,0.07616528925619835,0.04539434377132462
CCNT2-AS1,3.3920205,0.5159074,0.000693792530849282,0.0024844853387619766,B,B,0.12996941896024466,0.08809917355371902,0.04187024540652565
VAV3-AS1,3.3881886,3.2741933,0.0007035589437718335,0.0025172055233339302,B,B,0.044342507645259946,0.004429752066115703,0.03991275557914424
C9orf3,3.36057,0.28577524,0.0007778186047029916,0.0027804060936657427,B,B,0.19762996941896022,0.15028099173553722,0.047348977683423
SLCO5A1,3.3577302,2.877609,0.0007858526946664195,0.002806616766665784,B,B,0.046636085626911315,0.007173553719008265,0.03946253190790305
SAMD12,3.3529682,0.46474147,0.0007994990097732037,0.002852806457709915,B,B,0.13379204892966362,0.09157024793388431,0.04222180099577931
RP11-711K1.8,3.338029,0.27160567,0.0008437494015076664,0.0030026669092799514,B,B,0.18960244648318042,0.1413884297520661,0.048214016731114306
MAST2,3.3172345,0.6049985,0.0009091328539582867,0.0032267359501625082,B,B,0.10550458715596332,0.06495867768595043,0.040545909470012895
HCK,3.303145,0.6229446,0.0009560699345192427,0.0033903189167349035,B,B,0.09785932721712537,0.05722314049586777,0.0406361867212576
MIR181A2HG,3.284942,0.95480335,0.0010200342869237523,0.00361074083866815,B,B,0.07377675840978594,0.03424793388429752,0.03952882452548842
FAM43A,3.2710402,1.0262275,0.001071526995816405,0.0037796366695464025,B,B,0.0695718654434251,0.030314049586776862,0.03925781585664824
TMEM38B,3.2514355,0.21416369,0.0011482379241656783,0.004028904997072555,B,B,0.2522935779816514,0.1997355371900827,0.05255804079156873
KMT2E-AS1,3.2494197,0.39965403,0.001156407183768919,0.004050462990434042,B,B,0.13035168195718658,0.08849586776859505,0.04185581418859152
LAMA5,3.2450883,4.2731247,0.0011741420138081586,0.0041053916566718834,B,B,0.04051987767584098,0.002347107438016529,0.038172770237824456
CR1,3.218535,3.0505772,0.001288472163163832,0.00449336412611624,B,B,0.04281345565749235,0.004892561983471075,0.03792089367402128
ZNF16,3.2123113,0.5768798,0.0013167161126994562,0.004587861019858733,B,B,0.08944954128440366,0.04965289256198348,0.03979664872242018
AMPD3,3.1458025,0.24656677,0.001656318040378959,0.00574113705503972,B,B,0.16093272171253825,0.11609917355371902,0.044833548158819236
JAM2,3.118605,2.9615242,0.0018170946620395553,0.006282090447846345,B,B,0.04204892966360858,0.005322314049586777,0.036726615614021796
ABCB1,3.1121094,0.18643975,0.0018575565204219107,0.006416430122355478,B,B,0.31383792048929665,0.2530909090909091,0.06074701139838756
SCN3A,3.1038795,6.234857,0.0019100114964180452,0.006580573631069923,B,B,0.03707951070336392,0.0005619834710743802,0.036517527232289536
PDE4D,3.102523,0.16904505,0.0019187864675532615,0.006605116927894188,B,B,0.4969418960244649,0.49629752066115707,0.0006443753633078586
NINJ2,3.0816994,0.9212459,0.002058225368125681,0.007072939409366602,B,B,0.0691896024464832,0.03209917355371901,0.03709042889276419
CTD-2215E18.1,3.0786505,0.9421335,0.002079405386782586,0.007139589310841497,B,B,0.07033639143730888,0.03345454545454546,0.03688184598276342
CBR4,3.057424,0.16391537,0.002232481543158087,0.007652036137645542,B,B,0.19495412844036697,0.14700826446280993,0.04794586397755704
ZFHX3,3.0476542,0.802519,0.002306352678503486,0.00788496642223414,B,B,0.0867737003058104,0.050743801652892565,0.036029898652917836
MS4A7,3.0368078,1.1836118,0.002390978047840634,0.008167303323110619,B,B,0.0695718654434251,0.03418181818181819,0.03539004726160691
SUSD1,3.0106456,0.96569794,0.002606929776854358,0.008882213890474815,B,B,0.07377675840978594,0.03821487603305786,0.03556188237672808
PRKD1,2.9975955,4.5052743,0.002721185618956272,0.009247869563147909,B,B,0.03707951070336392,0.0018181818181818184,0.0352613288851821
PPAP2A,2.9795148,0.1716391,0.0028870513669071378,0.009786614803075043,B,B,0.2645259938837921,0.21166942148760332,0.052856572396188795
NPTN,2.978396,0.14517808,0.00289761478107293,0.009813228154309708,B,B,0.26834862385321107,0.21160330578512399,0.05674531806808708
ADAMTS6,2.9743567,0.41289774,0.002936036555477632,0.00992742706839436,B,B,0.10359327217125382,0.06561983471074381,0.037973437460510004
DYNLL1,2.973055,0.17453778,0.002948516854389797,0.00996120558915472,B,B,0.290519877675841,0.2338512396694215,0.05666863800641947
DPF3,2.960761,3.025468,0.003068799848424548,0.010341364274387694,B,B,0.03937308868501531,0.0044958677685950415,0.034877220916420267
CCDC88A,2.954938,0.47671923,0.0031273205733036383,0.010529698900012251,B,B,0.11238532110091745,0.075801652892562,0.03658366820835546
RP11-446N19.1,2.9288218,1.304916,0.003402495442227774,0.011436959469673191,B,B,0.05313455657492355,0.01828099173553719,0.03485356483938636
IRAK2,2.8965023,0.1909025,0.0037734799443921423,0.01265207022428212,B,B,0.202217125382263,0.15742148760330582,0.044795637778957176
GS1-57L11.1,2.8842673,2.630834,0.003923255369117505,0.013143234067395327,B,B,0.040137614678899085,0.006148760330578513,0.03398885434832057
HOMER1,2.8757784,0.9907339,0.004030323634420461,0.013479343258931308,B,B,0.060397553516819594,0.02598347107438017,0.034414082442439424
AMN1,2.8162324,0.22243783,0.004859050182815473,0.016129627162872938,B,B,0.19686544342507645,0.15523966942148762,0.04162577400358883
EPN2,2.8070562,0.699491,0.004999650805589309,0.016541441871263222,B,B,0.07186544342507648,0.037685950413223146,0.03417949301185333
ELP4,2.8063388,0.16701394,0.0050107970130801455,0.016564618225058333,B,B,0.32301223241590216,0.26611570247933886,0.0568965299365633
NQO1,2.7892432,0.7605941,0.005283138935906002,0.01742172773588129,B,B,0.069954128440367,0.036429752066115706,0.03352437637425129
SRBD1,2.7655113,0.1897214,0.005683364885589291,0.018664580905055142,B,B,0.18730886850152906,0.14548760330578514,0.04182126519574392
UBE3D,2.7628832,0.21217458,0.005729326815870284,0.018800087993011597,B,B,0.15672782874617736,0.11738842975206613,0.03933939899411122
ARHGAP31,2.7570653,0.25416735,0.005832268669776859,0.01912219235992413,B,B,0.15022935779816515,0.11262809917355374,0.03760125862461142
IFIT3,2.7513335,0.34533107,0.005935317940487264,0.019412323599304216,B,B,0.13149847094801226,0.09603305785123968,0.03546541309677258
FMO5,2.7284253,1.2751797,0.0063637486174130805,0.020779587322165158,B,B,0.05237003058103976,0.019966942148760332,0.03240308843227943
FAM168A,2.7264814,0.16674598,0.006401354805711533,0.02086831232505797,B,B,0.2018348623853211,0.15963636363636366,0.04219849874895745
RP11-509J21.1,2.7242851,0.15954824,0.006444084061267935,0.020990501828234316,B,B,0.2033639143730887,0.16059504132231406,0.04276887305077465
MGAT3,2.7164204,4.039903,0.006599207140227794,0.02145293562132626,B,B,0.033639143730886854,0.0016528925619834713,0.031986251168903385
HIST1H2BD,2.7130952,0.78593946,0.006665793564738999,0.021642186898503245,B,B,0.06269113149847097,0.0299504132231405,0.03274071827533047
CCDC138,2.6695387,0.21681574,0.007595552603359154,0.024581076386275578,B,B,0.13035168195718658,0.09355371900826448,0.0367979629489221
CEP290,2.6657798,0.14436415,0.007681000400170882,0.02481744878892046,B,B,0.2251529051987768,0.179801652892562,0.045351252306214784
CASC1,2.6518867,1.5575951,0.008004341521376891,0.025799650350932766,B,B,0.04587155963302752,0.014479338842975208,0.031392220790052314
SOX5,2.6455898,1.1541833,0.00815486304702079,0.026263649104736844,B,B,0.06307339449541285,0.032231404958677684,0.03084198953673517
TAOK3,2.6409729,0.2671236,0.008266836474139795,0.026602852692324357,B,B,0.6406727828746177,0.5605950413223141,0.08007774155230363
SPRED1,2.63106,1.7522831,0.008511904111627869,0.02734748308956745,B,B,0.04510703363914374,0.014181818181818184,0.03092521545732556
MCU,2.6208313,0.2001801,0.008771567852517493,0.02811399952729966,B,B,0.15672782874617736,0.11976859504132231,0.03695923370485504
AC009499.1,2.6179883,2.5564778,0.008844982018762501,0.02832660374303443,B,B,0.03707951070336392,0.006247933884297521,0.030831576819066397
PPP1R10,2.6003654,0.13792942,0.009312456642980214,0.029799861257536687,B,B,0.30504587155963303,0.2507107438016529,0.054335127757980106
RP11-793A3.2,2.5914898,2.7975473,0.009556135051600788,0.03053078291246258,B,B,0.03516819571865445,0.004628099173553719,0.030540096545100728
CHAC1,2.5881777,1.8751724,0.009648518918046646,0.03080133732816168,B,B,0.04051987767584098,0.009950413223140497,0.030569464452700486
CYSLTR1,2.5749612,0.3029406,0.010025132454719064,0.03185109596415906,B,B,0.09480122324159021,0.06168595041322314,0.03311527282836707
TRPS1,2.528492,0.17686675,0.01145537118103346,0.036279877057904864,B,B,0.4296636085626912,0.36601652892561987,0.06364707963707134
GARNL3,2.4891658,1.2728794,0.012804324740099125,0.04029685205381314,B,B,0.044724770642201844,0.015107438016528928,0.029617332625672916
ITGB3BP,2.4839225,0.11116633,0.012994406025586203,0.04086291203014529,B,B,0.19342507645259938,0.15239669421487606,0.041028382237723315
SLC30A4,2.4736917,0.5413489,0.013372501482998867,0.041952945829016056,B,B,0.09288990825688073,0.06323966942148761,0.029650238835393125
HMGN5,2.4703097,0.79707575,0.013499609252799132,0.04228538528676314,B,B,0.0584862385321101,0.0287603305785124,0.029725907953597704
FASN,2.468703,0.9937845,0.013560367707510958,0.04244246543821896,B,B,0.048929663608562685,0.01943801652892562,0.029491647079637064
AC091878.1,2.4676957,2.6704507,0.013598586700745138,0.04249558343982856,B,B,0.035932721712538244,0.006975206611570249,0.028957515100967994
TDRD3,2.4604506,0.10610892,0.013876268112532902,0.043329486690188615,B,B,0.24961773700305817,0.20168595041322318,0.04793178658983499
MLK7-AS1,2.4444203,1.9054897,0.014508515313089297,0.04526837851197908,B,B,0.04128440366972478,0.01262809917355372,0.02865630449617106
CSF2RB,2.4435987,1.5499157,0.014541593413416732,0.04532357172015614,B,B,0.04319571865443425,0.01444628099173554,0.02874943766269871
RP11-731F5.2,2.4281247,8.025946,0.0151771262038693,0.04720723547082208,B,B,0.028669724770642203,9.917355371900826e-05,0.028570551216923194
FMNL2,2.4252517,0.9461318,0.01529777515826865,0.047508618503939906,B,B,0.06269113149847097,0.03421487603305785,0.028476255465413117
THEMIS2,2.3795578,0.2188716,0.017333420756163846,0.053580898782577574,B,B,0.1181192660550459,0.08654545454545455,0.03157381150959135
RNU12,2.3738701,1.4517273,0.017602744807018973,0.054371412531332736,B,B,0.04128440366972478,0.013157024793388431,0.02812737887633635
GNPTAB,2.363301,0.1711592,0.01811295461181592,0.05581804194704444,B,B,0.4438073394495413,0.3635371900826446,0.08027014936689669
ATG7,2.3576593,0.15653527,0.018390563730326884,0.05662991140978256,B,B,0.4029051987767584,0.33543801652892563,0.06746718224783277
GRK5,2.342572,0.12979895,0.019151342889867643,0.05874645058241608,B,B,0.36850152905198774,0.3040661157024793,0.06443541334950842
AC097721.2,2.3353913,1.8692917,0.01952299188054674,0.0597947683937113,B,B,0.03669724770642202,0.00912396694214876,0.02757328076427326
ANGPT2,2.3294628,0.19794163,0.019834560087963398,0.060702555739750266,B,B,0.14908256880733947,0.11646280991735539,0.032619758889984085
TBC1D8,2.316429,0.23017803,0.020534861223985547,0.06265403882222897,B,B,0.14181957186544344,0.11054545454545456,0.03127411731998889
USP46,2.3076265,0.2060486,0.021019918030347907,0.06398757391277901,B,B,0.09097859327217125,0.06079338842975207,0.030185204842419183
P2RY14,2.291841,1.1721251,0.02191481629783457,0.0664588818736454,B,B,0.04778287461773701,0.02069421487603306,0.02708865974170395
RP11-703M24.5,2.2758622,0.2248056,0.02285425359526678,0.06891848520219442,B,B,0.5848623853211009,0.4946776859504133,0.09018469937068763
ABL1,2.261445,0.10285993,0.02373170988660707,0.07137356356874307,B,B,0.2633792048929664,0.2202644628099174,0.043114742083048996
KIAA1328,2.2466779,0.094859794,0.024660628664241423,0.07400038608924658,B,B,0.257262996941896,0.2128925619834711,0.04437043495842494
DNAJC3,2.238917,0.22855385,0.025161308778770698,0.07544620323469474,B,B,0.5137614678899083,0.41216528925619833,0.10159617863370995
NR4A3,2.2384918,1.1869934,0.02518899962600364,0.07547265805544162,B,B,0.04740061162079511,0.021057851239669426,0.026342760381125686
ABL2,2.2326922,0.091406524,0.02556924260246264,0.07655461857024742,B,B,0.2270642201834863,0.18621487603305786,0.04084934415042843
CHEK2,2.2268724,1.4907403,0.02595580531875704,0.07753787996641387,B,B,0.037844036697247715,0.01147107438016529,0.026372962317082426
SLC2A8,2.2260346,1.5559376,0.02601186029826395,0.07764734417392223,B,B,0.03631498470948014,0.009950413223140497,0.026364571486339645
SOBP,2.2255073,1.9351134,0.02604719983957879,0.07769485410761756,B,B,0.033639143730886854,0.0073388429752066124,0.026300300755680243
KANK1,2.2116551,0.44491404,0.02699050914135229,0.08032889625402467,B,B,0.08906727828746178,0.062082644628099176,0.0269846336593626
RHOBTB3,2.209144,0.38094875,0.027164622337461197,0.08078698092925263,B,B,0.08409785932721714,0.05662809917355373,0.02746976015366341
OSTN,2.1850696,5.1309757,0.028883746236840632,0.08558147033137964,B,B,0.026376146788990824,0.0006611570247933885,0.025714989764197435
SPRED2,2.1802795,1.0286947,0.02923674341253325,0.08649924086548298,B,B,0.05695718654434251,0.031603305785123964,0.025353880759218544
ATP13A3,2.168281,0.057735827,0.030137313014578494,0.08890062836158848,B,B,0.3692660550458715,0.29252892561983473,0.07673712942603678
ESR1,2.163055,0.39496672,0.030536951104754354,0.08988065078662062,B,B,0.06727828746177371,0.04039669421487603,0.026881593246897678
PELI2,2.1616051,0.12253633,0.030648628147388255,0.09014302396290663,B,B,0.22018348623853215,0.18406611570247935,0.036117370536052795
FOS,2.1591554,1.3971349,0.030838117979138827,0.09050242416938666,B,B,0.04396024464831805,0.018677685950413227,0.02528255869790482
IFNG-AS1,2.1591477,0.3768944,0.0308387010357185,0.09050242416938666,B,B,0.0856269113149847,0.05864462809917356,0.026982283215811143
RP11-24J23.2,2.158164,1.9442706,0.03091507985054584,0.0906600582127444,B,B,0.035932721712538244,0.010611570247933886,0.02532115146460436
VCL,2.1515784,0.14128427,0.03143057837712962,0.09196950512693378,B,B,0.15061162079510704,0.11943801652892563,0.031173604266181404
NEB,2.138495,0.6091234,0.03247658581652524,0.09489141217392327,B,B,0.06574923547400613,0.039834710743801655,0.025914524730204475
CNTNAP2,2.1212523,1.3085879,0.03390058593042896,0.09890761759424933,B,B,0.04166666666666668,0.01662809917355372,0.025038567493112958
CTD-2363C16.1,2.1181517,2.8422053,0.03416223210337812,0.09959834432471754,B,B,0.030963302752293583,0.006148760330578513,0.02481454242171507
ACYP2,2.1171463,0.19707564,0.03424743058690288,0.09977401481981903,B,B,0.504204892966361,0.42409917355371907,0.08010571941264188
ZNF521,2.1104727,2.4006927,0.034817670907809704,0.1012141596157259,B,B,0.031727828746177376,0.006942148760330579,0.024785679985846798
RNF130,2.1096885,0.0717917,0.03488519005230128,0.10133679027538497,B,B,0.2924311926605505,0.24079338842975206,0.051637804230798445
COPG2,2.1057813,0.50848895,0.03522334517533456,0.10217068941358828,B,B,0.06689602446483184,0.041190082644628104,0.025705941820203734
SLAMF6,2.103876,0.08654195,0.03538925213745958,0.10257754242741908,B,B,0.18501529051987767,0.1499504132231405,0.03506487729673716
AKAP6,2.0977266,1.4868985,0.03592931272369632,0.10399222206569125,B,B,0.038226299694189614,0.013487603305785125,0.024738696388404487
KIAA1377,2.066624,0.37481353,0.03876961321615896,0.11205090524901434,B,B,0.08524464831804282,0.05937190082644629,0.02587274749159653
PTCH2,2.064972,1.3047851,0.03892564574858426,0.11233952596994015,B,B,0.03899082568807341,0.014578512396694217,0.024412313291379193
PIK3CG,2.0489728,0.04081532,0.040464769170565476,0.11636166547969942,B,B,0.16743119266055048,0.13302479338842976,0.03440639927212072
EHBP1,2.0475929,0.06980074,0.040599917046993235,0.11666642829595758,B,B,0.19533639143730885,0.15986776859504132,0.03546862284226754
PPM1L,2.033195,0.17885232,0.04203283476205435,0.12052425738223468,B,B,0.1357033639143731,0.10783471074380166,0.02786865317057144
SOGA2,2.0132992,2.6878648,0.04408315157680574,0.12622233808677377,B,B,0.027905198776758414,0.004198347107438017,0.0237068516693204
EPB41L4A,2.011436,0.93230855,0.04427943074616175,0.12669365020361018,B,B,0.04357798165137615,0.0195702479338843,0.02400773371749185
ABCG1,2.0108452,0.119061835,0.044341805565094865,0.12678143120827695,B,B,0.3830275229357798,0.32905785123966946,0.05396967169611033
GMDS-AS1,1.9855593,0.09218793,0.047082280255871516,0.13356979994090218,B,B,0.2457951070336392,0.20753719008264465,0.038257916950994536
C1orf95,1.9623353,4.5908732,0.04972344867494634,0.14046171942075236,B,B,0.024082568807339444,0.0009917355371900827,0.023090833270149363
PTPRS,1.9513249,0.74876124,0.05101841095336382,0.1438134869967206,B,B,0.04740061162079511,0.023966942148760335,0.023433669472034777
NAMPT,1.9510274,-0.0343708,0.05105378788383581,0.1438134869967206,B,B,0.30925076452599387,0.24763636363636365,0.061614400889630216
RP1-78O14.1,1.9455748,4.3271003,0.05170584183774887,0.14534319560857026,B,B,0.024082568807339444,0.0011900826446280992,0.022892486162711344
RAD51B,1.9415946,0.106065385,0.05218620199199506,0.14648758453893349,B,B,0.3738532110091743,0.3180495867768595,0.055803624232314775
CTC-329D1.2,1.9340938,0.14275251,0.053101591855465126,0.14874395477721325,B,B,0.1185015290519878,0.09157024793388431,0.026931281118103487
RP11-369K17.1,1.9238416,3.6136456,0.054374446992551714,0.1518839301467925,B,B,0.02446483180428135,0.0018181818181818184,0.02264664998609953
RP11-161I2.1,1.8870188,3.6195726,0.05915779234122989,0.16455575060147398,B,B,0.02522935779816514,0.0030743801652892565,0.022154977632875883
TTLL5,1.882594,0.13002403,0.05975540897371122,0.16587205821987847,B,B,0.13073394495412846,0.103702479338843,0.027031465615285466
ATF3,1.8586334,0.437246,0.06307912545404934,0.1744927398452264,B,B,0.0779816513761468,0.055570247933884306,0.022411403442262487
RP11-218M22.1,1.830584,1.1050441,0.06716265271265871,0.18463959508634697,B,B,0.037844036697247715,0.016165289256198347,0.02167874744104937
IRAK3,1.8135871,0.23157929,0.06974131486400234,0.19133419715775676,B,B,0.08524464831804282,0.061719008264462805,0.023525640053580016
PAPSS1,1.7997252,0.08962396,0.07190404478961555,0.19659342389505277,B,B,0.12920489296636087,0.10330578512396696,0.02589910784239391
KCNH8,1.7978865,3.7884436,0.07219499530936763,0.1971194411177273,B,B,0.02293577981651376,0.001785123966942149,0.021150655849571612
PDE7B,1.7932533,0.28242728,0.07293242719355243,0.19872595965545622,B,B,0.08256880733944955,0.06003305785123967,0.022535749488209876
CSF1,1.7859523,0.82178843,0.07410697208078716,0.20178889606749395,B,B,0.044342507645259946,0.023107438016528925,0.02123506962873102
SLC35D1,1.7764186,0.02792798,0.07566395141273227,0.20550692879406102,B,B,0.1915137614678899,0.15844628099173555,0.03306748047615435
LINC00341,1.7753929,1.412128,0.07583303232757543,0.2057884187993906,B,B,0.030198776758409783,0.0091900826446281,0.021008694113781683
NSUN6,1.7711893,0.10166524,0.07652922230662311,0.20739626641361278,B,B,0.12385321100917435,0.09857851239669421,0.025274698612480134
MARK1,1.7628939,4.919338,0.07791839309422392,0.21065587341613642,B,B,0.02140672782874618,0.0006611570247933885,0.02074557080395279
MTRNR2L2,1.7628702,0.07455391,0.07792237895170681,0.21065587341613642,B,B,0.28822629969418967,0.24710743801652893,0.04111886167766074
FRMD4A,1.7627499,0.31267065,0.07794267316397048,0.21065587341613642,B,B,0.0783639143730887,0.056198347107438026,0.02216556726565068
HGSNAT,1.7515472,0.060078193,0.07985170091851292,0.21537882918007528,B,B,0.23050458715596334,0.1961322314049587,0.03437235575100464
AC018462.2,1.7462707,0.29462832,0.08076392690483002,0.2173995340641454,B,B,0.06422018348623854,0.042347107438016535,0.021873076048222
ZNF215,1.732006,3.506903,0.08327249568485522,0.22370045852210937,B,B,0.021788990825688075,0.0013884297520661158,0.02040056107362196
GMDS,1.7309256,0.06285085,0.08346504208143711,0.2240672270642607,B,B,0.3188073394495413,0.267603305785124,0.05120403366441734
TVP23A,1.726243,1.6196321,0.08430370925218061,0.22606942179809128,B,B,0.02828746177370031,0.007900826446280993,0.020386635327419314
FAM167A,1.7258166,1.6113039,0.08438041168613758,0.22606942179809128,B,B,0.027905198776758414,0.00750413223140496,0.020401066545353452
PLD5,1.71273,2.946053,0.0867622100146831,0.23198451875583714,B,B,0.02370030581039755,0.003570247933884298,0.02013005787651325
HDX,1.7076554,1.9703833,0.08770028679504004,0.23402344708482997,B,B,0.027140672782874613,0.007041322314049588,0.020099350468825026
PPME1,1.7022383,0.051363952,0.08871070708046232,0.23640428269277103,B,B,0.17240061162079512,0.143900826446281,0.028499785174514125
RGS2,1.6988907,-0.029840086,0.0893397842563959,0.23792219509026868,B,B,0.1460244648318043,0.11715702479338844,0.028867440038415876
SLC14A2,1.694584,2.1094363,0.09015436678822342,0.23977225209633887,B,B,0.02522935779816514,0.005256198347107438,0.019973159451057702
ZNF704,1.6870403,0.46260664,0.09159560263686403,0.24344346215777818,B,B,0.06574923547400613,0.04542148760330579,0.02032774787070034
SYT1,1.6826177,3.3571737,0.09244913770859975,0.24522317694588794,B,B,0.02217125382262997,0.0023801652892561985,0.01979108853337377
RAB13,1.6813202,0.3640369,0.09270072709032738,0.24572757346673926,B,B,0.069954128440367,0.049388429752066115,0.020565698688300882
PTPRG,1.6660836,2.353812,0.09569676578530253,0.25299871985539335,B,B,0.024082568807339444,0.004462809917355372,0.019619758889984074
RPPH1,1.6654425,0.9890958,0.09582452156983341,0.25316914549493635,B,B,0.03402140672782875,0.014214876033057853,0.0198065306947709
ENAM,1.6643126,4.285942,0.09604997790325179,0.2535973013947242,B,B,0.02064220183486238,0.0010578512396694215,0.019584350595192958
GNLY,73.30875,6.7125974,0.0,0.0,NK,NK,0.9745547073791347,0.1460928281106595,0.8284618792684753
AOAH,60.378544,4.2236776,0.0,0.0,NK,NK,0.9385072094995757,0.3364035662776977,0.602103643221878
TGFBR3,55.573055,4.0444174,0.0,0.0,NK,NK,0.8456318914334183,0.26652025698177534,0.5791116344516429
ZEB2,55.106777,3.8570285,0.0,0.0,NK,NK,0.8833757421543682,0.3267995279926577,0.5565762141617105
NKG7,54.5889,4.5272403,0.0,0.0,NK,NK,0.7917726887192538,0.1593352563262095,0.6324374323930443
FYN,50.812935,1.803468,0.0,0.0,NK,NK,0.9762510602205257,0.809689261832962,0.1665617983875637
TYROBP,50.682693,5.005009,0.0,0.0,NK,NK,0.6827820186598813,0.08545299593549234,0.5973290227243889
PITPNC1,50.02582,2.0832672,0.0,0.0,NK,NK,0.9410517387616621,0.7065687688475155,0.23448296991414663
SAMD3,48.453064,3.754092,0.0,0.0,NK,NK,0.7599660729431723,0.2200734233643635,0.5398926495788088
AUTS2,46.999565,3.2624495,0.0,0.0,NK,NK,0.8121289228159458,0.3172610462829422,0.4948678765330036
C1orf21,46.88185,3.7491078,0.0,0.0,NK,NK,0.74342663273961,0.1982430837813033,0.5451835489583067
GZMB,46.415924,4.345327,0.0,0.0,NK,NK,0.6670907548770144,0.11161006948996986,0.5554806853870445
KLRD1,45.428608,4.338217,0.0,0.0,NK,NK,0.6395250212044106,0.10200603120492988,0.5375189899994807
MCTP2,45.388767,3.535821,0.0,0.0,NK,NK,0.6925360474978797,0.21620558542021767,0.476330462077662
PYHIN1,45.204464,3.0495086,0.0,0.0,NK,NK,0.7688719253604751,0.3401402910711945,0.4287316342892806
LYST,44.73536,2.8378944,0.0,0.0,NK,NK,0.755301102629347,0.3644945588042481,0.39080654382509894
CST7,44.527767,3.3865457,0.0,0.0,NK,NK,0.7217981340118746,0.22417070932214506,0.4976274246897296
PTPN22,44.163628,3.0035875,0.0,0.0,NK,NK,0.7731128074639526,0.33623967483938644,0.4368731326245662
TNFAIP3,43.979492,2.2899446,0.0,0.0,NK,NK,0.8867684478371503,0.5722105677199424,0.31455788011720787
PTPRJ,43.13643,2.5115974,0.0,0.0,NK,NK,0.8299406276505514,0.45968270617542945,0.370257921475122
SRGN,41.858963,1.937103,0.0,0.0,NK,NK,0.8901611535199322,0.6376032516061362,0.252557901913796
CCL5,40.912228,3.2665324,0.0,0.0,NK,NK,0.794741306191688,0.3383702635374328,0.4563710426542552
STAT4,40.841465,2.2759469,0.0,0.0,NK,NK,0.8184902459711622,0.5000655565753246,0.31842468939583757
MYO1F,40.16326,2.8953521,0.0,0.0,NK,NK,0.7022900763358779,0.28628556444211356,0.41600451189376436
METRNL,39.475536,3.2480342,0.0,0.0,NK,NK,0.6306191687871077,0.19398190638521048,0.43663726240189715
PLCB1,39.040302,3.1103675,0.0,0.0,NK,NK,0.6641221374045803,0.24269044185131772,0.42143169555326254
CMIP,38.535564,2.3158028,0.0,0.0,NK,NK,0.7417302798982189,0.4056640881080373,0.33606619179018166
PPP1R16B,38.34578,1.8794795,0.0,0.0,NK,NK,0.8464800678541138,0.5881080372361349,0.25837203061797887
FGFBP2,38.292015,3.7532494,0.0,0.0,NK,NK,0.5733672603901612,0.11698570866657927,0.4563815517235819
PIK3R1,36.6776,1.8896962,1.662153400575811e-294,9.635671887396004e-293,NK,NK,0.7917726887192538,0.5453323718368953,0.24644031688235846
MXD4,36.531727,2.489079,3.4786279709620046e-292,1.9877874119782883e-290,NK,NK,0.6751484308736218,0.32142388881604833,0.3537245420575734
PTK2B,36.293846,2.4005957,2.0231768962398663e-288,1.1398179697126009e-286,NK,NK,0.6806615776081426,0.3386652681263931,0.3419963094817495
NCALD,35.926605,3.4661605,1.1740215775080335e-282,6.522342097266853e-281,NK,NK,0.5466497031382527,0.1276714304444736,0.4189782726937791
INPP5D,35.56376,2.2689223,5.091832475666912e-277,2.7900451921462532e-275,NK,NK,0.6959287531806617,0.3661334731873608,0.32979527999330094
CXCR4,35.50832,1.5912181,3.657500828104567e-276,1.9770274746511176e-274,NK,NK,0.9168787107718404,0.7253179493903239,0.19156076138151645
SYTL2,34.978985,2.5071623,4.696523023411725e-268,2.50481227915292e-266,NK,NK,0.6560644614079729,0.29874131375376956,0.35732314765420337
GNG2,34.31879,2.2523723,4.1160362358325504e-258,2.1382006419909352e-256,NK,NK,0.6815097540288381,0.3705913203094271,0.31091843371941097
PRF1,34.159416,3.62043,9.691784290551826e-256,4.970145790026577e-254,NK,NK,0.5021204410517387,0.097089288055592,0.40503115299614667
CBLB,33.99808,1.481007,2.378235315602797e-253,1.1891176578013985e-251,NK,NK,0.8295165394402038,0.6573685590664745,0.17214798037372925
APOBEC3G,33.911327,2.6043286,4.535551545076847e-252,2.23977854077869e-250,NK,NK,0.6153519932145886,0.24144486692015213,0.37390712629443645
PTPN12,33.88418,2.8153212,1.1393884915610096e-251,5.557992641761022e-250,NK,NK,0.5674300254452926,0.1996853284384424,0.36774469700685025
IL2RB,33.81152,3.0129106,1.3356701040434479e-250,6.436964356835894e-249,NK,NK,0.5419847328244274,0.16235085879113675,0.37963387403329063
SLA2,33.39945,3.2084663,1.396483577061662e-244,6.649921795531724e-243,NK,NK,0.5199321458863443,0.13507932345614265,0.38485282243020164
PLCG2,32.98099,3.2963433,1.5215451258833484e-238,7.160212357098109e-237,NK,NK,0.5063613231552162,0.12554084174642718,0.380820481408789
CEBPD,32.93049,3.853615,8.049335676189974e-238,3.7438770586930115e-236,NK,NK,0.4732824427480915,0.08846859840041957,0.38481384434767196
SLA,32.66544,2.2917588,4.8375512736588954e-234,2.2241615051305268e-232,NK,NK,0.6352841391009331,0.3059525370394651,0.32933160206146794
ID2,32.56049,2.6090612,1.4876815486277912e-232,6.762188857399051e-231,NK,NK,0.5703986429177269,0.23023469253966178,0.3401639503780651
NCR1,32.5213,4.5890603,5.331162900268717e-232,2.396028269783693e-230,NK,NK,0.4359626802374895,0.040120624098597096,0.39584205613889245
PLEKHA2,32.386642,2.0035515,4.232270234627902e-230,1.8810089931679564e-228,NK,NK,0.6726039016115353,0.3877671430444474,0.28483675856708784
CD63,31.841047,2.4014628,1.7510736224793274e-222,7.531499451523989e-221,NK,NK,0.600932994062765,0.2592434771207552,0.34168951694200983
UTRN,31.601416,1.5660962,3.5304874991049325e-219,1.4865210522547083e-217,NK,NK,0.7497879558948262,0.5481185262881868,0.20166942960663936
EFHD2,31.259262,2.5155792,1.670920296596918e-214,6.962167902487158e-213,NK,NK,0.55470737913486,0.22367903500721126,0.33102834412764875
CLIC3,30.752638,3.6463826,1.127385105877782e-207,4.6015718607256406e-206,NK,NK,0.4444444444444445,0.08269961977186312,0.36174482467258134
KLRB1,30.42319,3.1002424,2.7114586054743306e-203,1.095538830494679e-201,NK,NK,0.49363867684478363,0.12888422708797692,0.3647544497568067
SLFN12L,30.275055,2.0897107,2.4423243911170282e-201,9.769297564468112e-200,NK,NK,0.6340118744698897,0.33712468860626726,0.29688718586362245
RUNX3,30.212473,1.688437,1.6244034643588313e-200,6.433281046965668e-199,NK,NK,0.7065309584393555,0.46728726891307204,0.2392436895262835
SH2D1B,29.965042,6.776171,2.8023534365098665e-197,1.0989621319646536e-195,NK,NK,0.3761662425784563,0.007768454175953848,0.3683977884025025
ARHGAP26,29.88242,1.8092072,3.3301703399459945e-196,1.2808347461330749e-194,NK,NK,0.6865988125530111,0.43765569686639577,0.24894311568661537
NPC1,29.84763,1.9055617,9.423230607918061e-196,3.5898021363497376e-194,NK,NK,0.6327396098388465,0.3751802805821425,0.257559329256704
VAV3,29.701147,2.6046426,7.420949554162862e-194,2.8003583223256085e-192,NK,NK,0.522052586938083,0.1913924216598925,0.3306601652781905
GABARAPL1,29.642645,2.2344983,4.218950028667068e-193,1.577177580810119e-191,NK,NK,0.5712468193384224,0.2646846728726892,0.30656214646573315
YPEL1,29.145609,3.340346,9.496043221909225e-187,3.5170530451515645e-185,NK,NK,0.4346904156064462,0.09410646387832701,0.3405839517281192
IQGAP2,29.136457,1.7006506,1.2402028591295772e-186,4.551203152769091e-185,NK,NK,0.7048346055979644,0.4642388881604826,0.24059571743748182
SAMSN1,29.097149,1.698404,3.9007498348575605e-186,1.4184544854027494e-184,NK,NK,0.7078032230703988,0.4741051527468206,0.2336980703235782
CHN2,28.584768,3.1496408,1.039098589263363e-179,3.7110663902262966e-178,NK,NK,0.446988973706531,0.11708404352956603,0.329904930176965
PLEK,28.433662,2.6391506,7.759733175512345e-178,2.722713394916612e-176,NK,NK,0.4821882951653943,0.16736593680346137,0.31482235836193295
SYTL3,28.417833,2.5450397,1.2176461423853948e-177,4.235290930036156e-176,NK,NK,0.5012722646310432,0.19008129015340242,0.3111909744776408
CDK17,28.365482,1.2209114,5.392697474082709e-177,1.8595508531319685e-175,NK,NK,0.7773536895674302,0.6357348892093878,0.14161880035804242
CHST12,28.273678,2.9013073,7.283386353920198e-176,2.4900466167248536e-174,NK,NK,0.4525021204410517,0.12495083256850664,0.32755128787254506
ZFYVE28,28.162724,2.2034578,1.6740846056122384e-174,5.6748630698719945e-173,NK,NK,0.5733672603901612,0.2689786285564443,0.3043886318337169
PREX1,27.774506,1.6986088,8.816951573326899e-170,2.9636812011182858e-168,NK,NK,0.6352841391009331,0.3991084305755868,0.23617570852534625
CLASP1,27.766666,1.4009048,1.0964652112014078e-169,3.654884037338026e-168,NK,NK,0.7239185750636132,0.5421528779336569,0.18176569712995638
CD7,27.755156,1.5700897,1.509923362254097e-169,4.991482189269743e-168,NK,NK,0.709075487701442,0.48528254883964866,0.22379293886179336
JAZF1,27.646996,2.1178772,3.0328257821021033e-168,9.862848071876759e-167,NK,NK,0.5665818490245971,0.2773043136226564,0.2892775354019407
KLRF1,27.615051,5.286982,7.339717046697984e-168,2.3676506602251562e-166,NK,NK,0.35665818490245976,0.018519732529172675,0.3381384523732871
TGFB1,27.559921,1.5690783,3.36554826984191e-167,1.0769754463494112e-165,NK,NK,0.6709075487701441,0.4606004982299725,0.21030705054017163
PTPRC,27.312155,0.7153751,3.0423184883842363e-164,9.507245276200738e-163,NK,NK,0.955046649703138,0.9049429657794679,0.05010368392367015
GALNT2,27.121006,2.032645,5.566862727526228e-162,1.7261589852794504e-160,NK,NK,0.5538592027141646,0.28271273108692807,0.2711464716272365
ARL4C,27.028692,1.3481476,6.800726618313674e-161,2.0765577460499768e-159,NK,NK,0.7268871925360476,0.5555264192998559,0.1713607732361917
RIN3,26.999826,2.157159,1.484824396350645e-160,4.4994678677292277e-159,NK,NK,0.5097540288379983,0.24429657794676807,0.2654574508912302
NFATC2,26.986923,1.6979066,2.1044912186230926e-160,6.329296898114564e-159,NK,NK,0.6323155216284988,0.39396223941261316,0.23835328221588564
PARP8,26.967644,1.2158169,3.542756107761257e-160,1.0575391366451512e-158,NK,NK,0.7786259541984735,0.631342598662646,0.1472833555358275
PDGFD,26.656374,4.0618935,1.5096754397058873e-156,4.473112413943369e-155,NK,NK,0.3685326547921968,0.04293955683755081,0.325593097954646
PRR5L,26.504713,2.872383,8.552724364788885e-155,2.5155071661143775e-153,NK,NK,0.4279050042408822,0.11131506490100959,0.31658993933987256
CTSW,26.40647,3.0532131,1.1547310279393114e-153,3.371477453837405e-152,NK,NK,0.4075487701441901,0.10072767798610202,0.30682109215808806
RP11-426C22.5,26.291693,2.3338337,2.3866560125843804e-152,6.868074856357929e-151,NK,NK,0.4770992366412213,0.19939032384948213,0.27770891279173915
TMEM2,26.254585,1.618659,6.335947739108189e-152,1.8102707826023394e-150,NK,NK,0.6433418150975403,0.4320178313884883,0.21132398370905198
AHI1,26.038832,2.3992555,1.8002791672535107e-149,5.1071749425631515e-148,NK,NK,0.470737913486005,0.2030942703553167,0.26764364313068834
RORA,26.012957,1.2514204,3.5338379742365155e-149,9.954473166863424e-148,NK,NK,0.8286683630195082,0.6622197456404879,0.16644861737902028
DUSP10,25.490263,2.2871273,2.5276890374329106e-143,7.070458845966184e-142,NK,NK,0.4681933842239185,0.19948865871246887,0.26870472551144964
APMAP,25.335142,2.5029519,1.3103091575776753e-141,3.614645951938415e-140,NK,NK,0.4338422391857507,0.1530746033827193,0.28076763580303143
CYBA,24.996103,0.99360865,6.740024902057045e-138,1.846582164947136e-136,NK,NK,0.8638676844783717,0.7458699357545563,0.11799774872381541
LITAF,24.889929,1.5057521,9.564255294125047e-137,2.6025184473809652e-135,NK,NK,0.6191687871077184,0.4139242165989249,0.20524457050879347
PPP2R2B,24.757402,2.4548547,2.5803823237295348e-135,6.927200869072576e-134,NK,NK,0.4457167090754877,0.15356627769765308,0.29215043137783464
DNAJC1,24.20412,1.5732832,2.0132654756520367e-129,5.263439152031468e-128,NK,NK,0.6039016115351994,0.3908483020846991,0.21305330945050027
COLGALT2,24.131887,3.5293043,1.157026109499578e-128,3.005262622076826e-127,NK,NK,0.3477523324851569,0.05539530614920678,0.2923570263359501
SLC15A4,23.914055,2.4690757,2.1873693547028516e-126,5.608639371032953e-125,NK,NK,0.41263782866836307,0.15002622263012977,0.2626116060382333
PTPRE,23.901594,1.7019098,2.9479866853805045e-126,7.510794102880266e-125,NK,NK,0.5415606446140797,0.3090664743673791,0.2324941702467006
MXRA7,23.584387,2.438231,5.574151910831167e-123,1.4023023675046962e-121,NK,NK,0.41221374045801534,0.13655434640094402,0.2756593940570713
CD96,23.511835,1.0882232,3.086641766230577e-122,7.716604415576443e-121,NK,NK,0.8575063613231555,0.7141077750098336,0.14339858631332192
GNPTAB,23.408928,1.5703782,3.4663415557152413e-121,8.612028709851531e-120,NK,NK,0.5542832909245123,0.35567719942310216,0.19860609150141018
AGPAT4,23.305153,2.7497888,3.930822901351055e-120,9.646191168959644e-119,NK,NK,0.3791348600508906,0.10911891962763867,0.27001594042325194
LUZP1,23.194984,1.9396329,5.116219653809309e-119,1.247858452148612e-117,NK,NK,0.4749787955894825,0.24210043267339718,0.23287836291608535
IQGAP1,23.163895,1.2325017,1.0531370264747486e-118,2.5530594581206024e-117,NK,NK,0.6709075487701441,0.4969516192474106,0.17395592952273353
RNF19A,23.059366,1.1571019,1.1847410209377635e-117,2.837703044162308e-116,NK,NK,0.6997455470737914,0.5560180936147896,0.14372745345900184
ARAP2,22.925814,1.2514822,2.5688606837224386e-116,6.044378079346914e-115,NK,NK,0.6590330788804072,0.49229710239937075,0.16673597648103644
ZBTB16,22.824678,3.7745814,2.608475798005975e-115,6.066222786060407e-114,NK,NK,0.3193384223918575,0.04297233512521306,0.27636608726664447
PDE4D,22.761072,1.3175935,1.1148781480101404e-114,2.5777529433760473e-113,NK,NK,0.6700593723494488,0.4829225121279665,0.1871368602214823
RAB27A,22.67783,1.5502346,7.415881465361678e-114,1.7048003368647536e-112,NK,NK,0.559796437659033,0.34964599449324774,0.21015044316578524
DOCK5,22.670765,3.3560772,8.706993463260772e-114,1.9901699344596051e-112,NK,NK,0.33630195080576764,0.07057165333682967,0.26573029746893795
ATP8A1,22.583248,1.1347804,6.33207347461805e-113,1.4309770564108588e-111,NK,NK,0.7684478371501273,0.608758358463354,0.1596894786867733
AC092580.4,22.575968,2.0911655,7.465591891802047e-113,1.677661099281359e-111,NK,NK,0.448685326547922,0.18729513570211095,0.26139019084581105
GAS7,22.541246,2.671416,1.6364979506684028e-112,3.656978660711515e-111,NK,NK,0.3723494486853266,0.11105283859971157,0.261296610085615
ITGAL,22.42439,1.5562665,2.2758638324786334e-111,5.029533331444494e-110,NK,NK,0.5479219677692959,0.3428936672348237,0.20502830053447224
F2R,22.400423,2.3707001,3.8986556023017755e-111,8.568473851212693e-110,NK,NK,0.39779474130619175,0.13455487085354662,0.26323987045264513
CTSD,22.086658,1.7571186,4.246641464702524e-108,9.181927491248701e-107,NK,NK,0.47625106022052577,0.2575062278746558,0.21874483234586994
DUSP4,21.844463,2.1823223,8.774986126506113e-106,1.8670183247885348e-104,NK,NK,0.41263782866836307,0.16739871509112364,0.24523911357723943
LINC-PINT,21.748484,0.5821153,7.140178192741454e-105,1.503195408998201e-103,NK,NK,0.9206955046649701,0.8818342729775798,0.03886123168739031
NR3C1,21.489185,0.7683498,1.9653137093767586e-102,4.115840229061275e-101,NK,NK,0.8044953350296864,0.7283663301429134,0.07612900488677299
MAP3K8,21.408787,1.8543105,1.1065434350117026e-101,2.2960162206835457e-100,NK,NK,0.4575911789652247,0.22964468336174124,0.22794649560348348
TOX,21.390072,1.9287534,1.653036075498255e-101,3.4083218051510406e-100,NK,NK,0.46140797285835444,0.2090599187098466,0.2523480541485078
ADAM10,21.232224,1.2985469,4.813024639661357e-100,9.872871055715603e-99,NK,NK,0.5750636132315521,0.41549757440671303,0.15956603882483905
LPGAT1,21.016169,1.6467812,4.6660979107222815e-98,9.474310478623922e-97,NK,NK,0.48515691263782856,0.278287662252524,0.20686925038530457
CARD11,20.542215,1.3704497,9.03447801587211e-94,1.8251470739135577e-92,NK,NK,0.5466497031382527,0.3696079716795595,0.17704173145869317
NEAT1,20.48344,0.7176517,3.025178520706763e-93,6.080760845641734e-92,NK,NK,0.8846480067854114,0.8147043398452866,0.06994366694012488
MTSS1,20.322027,1.9811502,8.211441318674699e-92,1.6422882637349396e-90,NK,NK,0.41306191687871086,0.18146060049822998,0.23160131638048087
CD97,20.284203,1.7342142,1.7731703693570388e-91,3.528697252451818e-90,NK,NK,0.440203562340967,0.23239805952537043,0.2078055028155966
ZFAND3,20.283298,0.72201025,1.806041823942086e-91,3.5763204434496753e-90,NK,NK,0.8057675996607296,0.7305952537039466,0.07517234595678302
SRPK2,20.236387,0.91451436,4.682701673803712e-91,9.226998372027018e-90,NK,NK,0.7086513994910942,0.6043332896289498,0.1043181098621444
ARHGEF3,20.208195,1.2092656,8.292482057250096e-91,1.625976873970607e-89,NK,NK,0.590754877014419,0.43801625803068056,0.15273861898373842
PIK3AP1,20.079845,2.006971,1.1073968323367892e-89,2.1607743069986132e-88,NK,NK,0.39525021204410526,0.1701520912547529,0.22509812078935237
ITGB1,20.045773,1.3814609,2.1974685146876963e-89,4.266929154733391e-88,NK,NK,0.5500424088210347,0.35295660154713526,0.19708580727389946
LINC00996,19.911434,5.5440574,3.2391337263948987e-88,6.22910331999019e-87,NK,NK,0.25445292620865134,0.009964599449324768,0.24448832675932658
BHLHE40,19.789173,2.198009,3.6904299884436447e-87,7.029390454178371e-86,NK,NK,0.36259541984732824,0.14543726235741444,0.2171581574899138
TBC1D2B,19.710653,1.5208702,1.7469851783942388e-86,3.2807233397074907e-85,NK,NK,0.4889737065309584,0.29002228923561035,0.19895141729534804
NCOA2,19.691973,0.9887648,2.5265822564547134e-86,4.722583656924698e-85,NK,NK,0.6484308736217134,0.5316310475940738,0.11679982602763961
CD244,19.57912,3.709181,2.3300948242160768e-85,4.335060138076422e-84,NK,NK,0.2731128074639525,0.03530221581224596,0.23781059165170654
HIF1A,19.450403,0.7137016,2.891508738138548e-84,5.354645811367681e-83,NK,NK,0.7743850720949959,0.7063065425462175,0.06807852954877835
PRKX,19.398228,1.1721886,7.987937477385944e-84,1.4724308714075472e-82,NK,NK,0.559796437659033,0.4201848695424152,0.1396115681166178
RFTN1,19.256159,0.9539133,1.2533863491179775e-82,2.2997914662715183e-81,NK,NK,0.6607294317217982,0.5393667234823654,0.12136270823943285
HIPK2,19.008009,1.2632437,1.4640503330376552e-80,2.674064535228594e-79,NK,NK,0.5195080576759965,0.3663629212009965,0.153145136475
BNC2,18.976671,4.172677,2.65922376492365e-80,4.834952299861182e-79,NK,NK,0.25614927905004237,0.023993706568768848,0.23215557248127353
CTBP2,18.854855,2.9508932,2.6807476265727362e-79,4.83017590373466e-78,NK,NK,0.2909245122985581,0.0694571915563131,0.221467320742245
GFOD1,18.814121,3.366035,5.78602490182124e-79,1.0378520003266797e-77,NK,NK,0.2731128074639525,0.04710239937065688,0.22601040809329562
IL12RB2,18.695398,2.7326798,5.396621522038725e-78,9.593993816957735e-77,NK,NK,0.3023748939779474,0.08207683230628032,0.2202980616716671
KIFC3,18.606762,3.7534,2.832249436731703e-77,4.9688586609328124e-76,NK,NK,0.2603901611535199,0.03592500327782877,0.2244651578756911
C12orf75,18.562496,1.6834763,6.4629735795196446e-77,1.125150912523117e-75,NK,NK,0.41984732824427484,0.21187885144880036,0.20796847679547448
FCGR3A,18.56244,3.3581157,6.4696177470079225e-77,1.125150912523117e-75,NK,NK,0.2680237489397794,0.04185787334469647,0.22616587559508294
GLIPR2,18.54955,2.447238,8.223782245281951e-77,1.42403155762458e-75,NK,NK,0.3155216284987278,0.10026878195883047,0.2152528465398973
GAB3,18.51717,2.1250086,1.5012464773114325e-76,2.588355995364539e-75,NK,NK,0.34520780322307043,0.129933132293169,0.21527467092990143
RUNX1,18.316809,0.8887047,6.077307340270881e-75,1.0388559556018599e-73,NK,NK,0.6670907548770144,0.5637537695030812,0.10333698537393321
ERN1,18.267048,1.343372,1.5142250702861705e-74,2.577404374955184e-73,NK,NK,0.5076335877862594,0.3296840173069359,0.17794957047932353
LYN,18.103395,1.6577373,2.99612904725681e-73,5.078184825859e-72,NK,NK,0.42832909245122996,0.19683361741182642,0.23149547503940354
PRKCQ,17.85457,0.97091204,2.663185612440202e-71,4.4759422057818524e-70,NK,NK,0.6522476675148432,0.5228136882129278,0.12943397930191536
IL18RAP,17.836142,3.7124174,3.704057788742091e-71,6.199259897476302e-70,NK,NK,0.24809160305343508,0.031204929854464408,0.21688667319897068
SYNE1,17.835123,1.0048386,3.772158759912575e-71,6.286931266520958e-70,NK,NK,0.5962680237489397,0.4759407368559067,0.12032728689303301
TFDP2,17.808895,1.2230223,6.028869813023314e-71,9.965074071112915e-70,NK,NK,0.5250212044105174,0.36675626065294353,0.15826494375757383
DGKD,17.701809,1.3988136,4.060527396604132e-70,6.683995714574703e-69,NK,NK,0.44783715012722647,0.28687557362003413,0.16096157650719234
AKAP5,17.699085,3.4349022,4.2617350072717654e-70,6.986450831593058e-69,NK,NK,0.2527565733672603,0.03782614396223941,0.2149304294050209
SLAMF7,17.63257,2.0896797,1.3852505160436268e-69,2.2616334955814317e-68,NK,NK,0.3286683630195081,0.1250491674314934,0.20361919558801467
MIR181A2HG,17.555065,4.2964487,5.440451608106838e-69,8.846262777409493e-68,NK,NK,0.23579304495335024,0.02205978759669595,0.2137332573566543
ATP2B4,17.532406,1.4677796,8.106702555792558e-69,1.3128263248247059e-67,NK,NK,0.44317217981340123,0.2597679297233513,0.18340425009004996
TSEN54,17.484644,1.9095597,1.8757902620266274e-68,3.0254681645590764e-67,NK,NK,0.34563189143341816,0.15045234036973906,0.1951795510636791
ABCB1,17.333775,1.4820288,2.6158243220873323e-67,4.1686443379877807e-66,NK,NK,0.42196776929601365,0.2452471482889734,0.17672062100704025
ZDHHC14,17.304855,2.4167316,4.3236905621249596e-67,6.863000892261841e-66,NK,NK,0.30025445292620867,0.10334994099908222,0.19690451192712644
KLRC1,17.289034,4.484692,5.689861684626086e-67,8.995828750396973e-66,NK,NK,0.22858354537743847,0.01671692670774879,0.21186661866968967
SH2D2A,17.057112,2.4801745,3.0947863813195258e-65,4.835603720811759e-64,NK,NK,0.28286683630195075,0.07961846073161138,0.20324837557033937
S1PR5,16.82148,3.1786766,1.698602569126652e-63,2.6437394072010146e-62,NK,NK,0.24639525021204406,0.041661203618722956,0.20473404659332112
HIP1,16.800991,2.4152863,2.3999635685468185e-63,3.7208737496849897e-62,NK,NK,0.2879558948261238,0.09204143175560509,0.19591446307051874
ST8SIA6,16.484207,2.450256,4.764990996381789e-61,7.359059453871488e-60,NK,NK,0.2765055131467345,0.07532450504785629,0.2011810080988782
CCL4,16.32984,1.6914492,6.054245827898539e-60,9.314224350613136e-59,NK,NK,0.36471586089906705,0.1706109872820244,0.19410487361704265
STOM,16.176268,1.7753702,7.415613151136206e-59,1.1364924369557403e-57,NK,NK,0.3375742154368109,0.159007473449587,0.1785667419872239
FBXO34,16.174637,1.0477275,7.614486968887433e-59,1.1625170944866309e-57,NK,NK,0.5212044105173875,0.3971417333158516,0.12406267720153591
APBB1IP,16.084202,0.74235743,3.292717822772844e-58,5.0079358521259977e-57,NK,NK,0.6743002544529262,0.5916808705913204,0.08261938386160583
KLRC4-KLRK1,16.062532,2.2950938,4.6708694235309886e-58,7.077074884137861e-57,NK,NK,0.2769296013570822,0.08558410908614135,0.1913454922709409
IKZF2,16.007801,1.6164469,1.1272499032142546e-57,1.701509287870573e-56,NK,NK,0.37446988973706535,0.18591844762029636,0.188551442116769
TGFBR1,15.92949,1.4007224,3.9556842830671514e-57,5.948397418146092e-56,NK,NK,0.399067005937235,0.2442310213714436,0.1548359845657914
MYO9B,15.802465,0.936345,2.9918178032303576e-56,4.4653997063139665e-55,NK,NK,0.5330788804071247,0.421594335911892,0.1114845444952327
CD99,15.583921,1.00987,9.363026709562776e-55,1.3922716296747622e-53,NK,NK,0.5262934690415606,0.3979611905074079,0.1283322785341527
HOPX,15.535597,2.9876173,1.9920912022355092e-54,2.9512462255340874e-53,NK,NK,0.23324851569126373,0.04500458896027272,0.188243926730991
SSH1,15.508156,1.5483799,3.055280219659871e-54,4.5096387006049745e-53,NK,NK,0.35581000848176425,0.19506358987806482,0.16074641860369943
FAM102B,15.483181,1.6176463,4.506294929992701e-54,6.626904308812795e-53,NK,NK,0.3481764206955047,0.17513439097941524,0.17304202971608945
CD300A,15.387206,3.3992405,1.9946027209399325e-53,2.9118287896933317e-52,NK,NK,0.21882951653944024,0.03087714697784188,0.18795236956159836
CHST11,15.302772,0.62806314,7.326864486387064e-53,1.0618644183169657e-51,NK,NK,0.7574215436810858,0.6872295791267865,0.07019196455429932
RGS3,15.223074,2.9802601,2.485720854072558e-52,3.5894885979387116e-51,NK,NK,0.22773536895674298,0.04297233512521306,0.18476303383152992
MYBL1,15.216631,2.1188629,2.7429834076239665e-52,3.946738716005707e-51,NK,NK,0.2769296013570822,0.09672872689130721,0.180200874465775
CD58,15.188865,1.3054045,4.191178082414147e-52,6.008857465826734e-51,NK,NK,0.4096692111959288,0.25055723089025833,0.15911198030567048
SPIDR,15.115698,0.9518983,1.2761263171671197e-51,1.8230375959530278e-50,NK,NK,0.5441051738761662,0.4322145011144618,0.11189067276170439
CD226,15.099986,1.949586,1.619674068008771e-51,2.3055858619341934e-50,NK,NK,0.29219677692960133,0.11659236921463224,0.1756044077149691
ABI3,15.073398,2.4626753,2.4232236298615235e-51,3.425051066942083e-50,NK,NK,0.2485156912637828,0.06729382457060444,0.18122186669317836
GZMA,14.978164,2.4512298,1.0199681923149372e-50,1.4315343050034208e-49,NK,NK,0.24936386768447832,0.06922774354267733,0.180136124141801
ZBP1,14.804448,2.6169157,1.3710676597079667e-49,1.9175771464447088e-48,NK,NK,0.236217133163698,0.05795201258686247,0.17826512057683552
NBEAL2,14.666965,2.054167,1.0493620707142883e-48,1.4574473204365116e-47,NK,NK,0.26972010178117045,0.09626983086403568,0.17345027091713477
NFAT5,14.646322,0.7648564,1.422073811815686e-48,1.9682682516480085e-47,NK,NK,0.59245122985581,0.5016389143831127,0.0908123154726973
PMEPA1,14.516649,1.4047399,9.504348123149328e-48,1.293108588183582e-46,NK,NK,0.36259541984732824,0.21017438049036324,0.152421039356965
JARID2,14.419737,0.8657607,3.8882381575149254e-47,5.254375888533683e-46,NK,NK,0.5534351145038168,0.43883571522223686,0.11459939928157992
RRAS2,14.4152775,1.2986281,4.1477150313518954e-47,5.586148190372923e-46,NK,NK,0.38083121289228167,0.23921594335911897,0.1416152695331627
PIK3CG,14.238949,1.8051944,5.251091278095632e-46,7.024871275044324e-45,NK,NK,0.2871077184054283,0.12406581880162582,0.1630418996038025
RNF166,14.1546755,1.3911477,1.7474245754246192e-45,2.322158904218763e-44,NK,NK,0.35284139100933,0.20433984528648227,0.1485015457228477
DYNLL1,13.854445,1.3096795,1.195770840140189e-43,1.5733826843949855e-42,NK,NK,0.36471586089906705,0.22859577815654916,0.13612008274251788
FASLG,13.844113,3.1589534,1.3807324237214145e-43,1.8107966212739864e-42,NK,NK,0.20101781170483463,0.03166382588173594,0.16935398582309868
MATK,13.833794,2.8807683,1.5938848442894206e-43,2.0835096003783276e-42,NK,NK,0.2103477523324852,0.04303789170053757,0.16730986063194764
SMAD3,13.68261,0.93318963,1.2897986602921819e-42,1.6750631951846518e-41,NK,NK,0.48982188295165385,0.37498361085616894,0.11483827209548492
FAM53B,13.545451,1.8394328,8.429407358978294e-42,1.0841681490647323e-40,NK,NK,0.26929601357082267,0.1128884227087977,0.15640759086202496
SLC9A3R1,13.430192,1.8990558,4.0236486407967383e-41,5.158523898457357e-40,NK,NK,0.2595419847328244,0.10292382325947294,0.15661816147335147
PLXNA4,13.35047,4.7412066,1.1770434849469229e-40,1.5042089264497417e-39,NK,NK,0.1743002544529262,0.010554608627245313,0.1637456458256809
EPHA4,13.151398,1.1073573,1.6705691708476873e-39,2.1213576772669044e-38,NK,NK,0.4202714164546226,0.27832044054018623,0.1419509759144364
TBX21,13.02468,2.5984468,8.857184650581668e-39,1.1141112768027255e-37,NK,NK,0.2065309584393554,0.04847908745247149,0.15805187098688392
ZBTB20,13.021499,0.46581438,9.23404441927146e-39,1.1578739083725967e-37,NK,NK,0.8227311280746397,0.7855972204012064,0.037133907673433275
SLFN13,12.898353,3.3709753,4.5982277457848065e-38,5.747784682231008e-37,NK,NK,0.18320610687022904,0.02579651239019274,0.1574095944800363
FNDC3B,12.868718,0.99632347,6.751294961316493e-38,8.38670181529999e-37,NK,NK,0.438507209499576,0.30752589484725323,0.13098131465232277
NFKB1,12.833231,0.542158,1.068155606130472e-37,1.3227933202854141e-36,NK,NK,0.6293469041560644,0.5860757834010752,0.04327112075498918
ADCY7,12.814456,1.7402564,1.3608865156796573e-37,1.6801068094810584e-36,NK,NK,0.26335877862595414,0.11665792578995675,0.14670085283599738
SIK3,12.641192,0.49269477,1.2514193921860822e-36,1.5261212099830272e-35,NK,NK,0.7332485156912639,0.6811000393339453,0.052148476357318674
USP28,12.635612,2.005568,1.3434497066537364e-36,1.6333735035303786e-35,NK,NK,0.23409669211195924,0.08496132162055856,0.1491353704914007
TTC38,12.593763,3.0002966,2.2851427914394058e-36,2.769870050229583e-35,NK,NK,0.18829516539440205,0.035662776976530745,0.1526323884178713
CXCR3,12.577976,1.4783397,2.7908842054981948e-36,3.3726697347410206e-35,NK,NK,0.2934690415606446,0.14471614002884492,0.14875290153179965
KIAA0247,12.566369,0.99315846,3.232291777438081e-36,3.8943274426964826e-35,NK,NK,0.4096692111959288,0.2990363183427298,0.110632892853199
RP11-356I2.4,12.523265,1.5618776,5.569625027709687e-36,6.690240273525149e-35,NK,NK,0.2820186598812553,0.14238888160482494,0.13962977827643036
AGO4,12.492547,1.3968014,8.198618932244674e-36,9.78939573999364e-35,NK,NK,0.3100084817642069,0.17864166775927628,0.13136681400493064
RASA3,12.477372,0.77519876,9.920740890332528e-36,1.1810405821824438e-34,NK,NK,0.5089058524173027,0.430542808443687,0.07836304397361571
MACF1,12.439957,0.76005685,1.5859010682994705e-35,1.882375155251597e-34,NK,NK,0.5046649703138253,0.41769371968008395,0.08697125063374134
ATP10A,12.436918,1.3530225,1.6473722818148304e-35,1.9495529962305683e-34,NK,NK,0.3125530110262935,0.1769044185131769,0.13564859251311662
XCL2,12.428979,4.31345,1.8194453688108955e-35,2.146838193287192e-34,NK,NK,0.16497031382527566,0.01232463616100695,0.1526456776642687
GALNT10,12.398009,0.9000024,2.67895219794759e-35,3.1517084681736354e-34,NK,NK,0.452078032230704,0.34679428346663177,0.1052837487640722
EOMES,12.361102,2.0415423,4.2429766365649166e-35,4.97709869391779e-34,NK,NK,0.22391857506361323,0.07365281237708142,0.1502657626865318
GLCCI1,12.305038,0.87096405,8.509632804892621e-35,9.95278690630716e-34,NK,NK,0.4999999999999999,0.3923233250295005,0.10767667497049938
KIF13A,12.275371,2.4655302,1.2282856225969407e-34,1.4282390960429544e-33,NK,NK,0.2090754877014419,0.06686770683099516,0.14220778087044675
DPYD,12.186926,0.53362024,3.649299570655096e-34,4.208429692045341e-33,NK,NK,0.6717557251908397,0.6200013111315066,0.05175441405933312
BMPR1A,12.186892,1.5725013,3.6508127578493326e-34,4.208429692045341e-33,NK,NK,0.2731128074639525,0.13422708797692412,0.13888571948702838
PLEKHF1,12.171906,1.5554818,4.387168218097032e-34,5.0427220897667045e-33,NK,NK,0.26972010178117045,0.13117870722433464,0.1385413945568358
TG,12.116825,1.8747388,8.60276575667224e-34,9.831732293339704e-33,NK,NK,0.23282442748091597,0.08945194703028715,0.14337248045062884
L3MBTL4,11.966157,2.9426014,5.344746073516626e-33,6.056369488404109e-32,NK,NK,0.18108566581849025,0.036416677592762556,0.1446689882257277
NF1,11.963346,0.8722567,5.52888070285287e-33,6.247322828082339e-32,NK,NK,0.4376590330788805,0.35013766880818153,0.08752136427069895
NR6A1,11.898887,3.0841317,1.1993635692895498e-32,1.3513955710304786e-31,NK,NK,0.17854113655640375,0.03556444211354398,0.14297669444285976
GPR114,11.807848,2.621075,3.5554478298381773e-32,3.972567407640422e-31,NK,NK,0.18617472434266327,0.042742887111577296,0.143431837231086
SGCD,11.779775,1.9901503,4.962582014485763e-32,5.529339291906143e-31,NK,NK,0.220949957591179,0.07834010751278353,0.14260985007839547
ZNF600,11.776991,1.3974932,5.129165968893847e-32,5.699073298770941e-31,NK,NK,0.2879558948261238,0.15910580831257373,0.1288500865135501
LAT2,11.504532,1.9395019,1.2516727527986586e-30,1.3754645635150096e-29,NK,NK,0.2201017811704835,0.08748524977055198,0.13261653139993151
TAOK3,11.458221,0.50674134,2.1386024248887848e-30,2.3436738902890792e-29,NK,NK,0.6077184054283291,0.5638193260784058,0.04389907934992332
GPR97,11.4178095,4.8372693,3.407145543512367e-30,3.7236563317075046e-29,NK,NK,0.14800678541136555,0.0075062278746558285,0.14050055753670973
SMAD5,11.341013,1.8673909,8.218754251460513e-30,8.909218700770205e-29,NK,NK,0.22307039864291775,0.09200865346794283,0.13106174517497493
RAPGEF1,11.336008,0.47121784,8.702403730667539e-30,9.408004033154096e-29,NK,NK,0.6513994910941476,0.6040382850399896,0.047361206054158056
ADCY9,11.304947,1.7536304,1.24028805576512e-29,1.3372377959731752e-28,NK,NK,0.22985581000848174,0.0977776320964993,0.13207817791198245
SMAD7,11.218241,1.4915829,3.318056441219414e-29,3.558237470476583e-28,NK,NK,0.25911789652247663,0.1331126261964075,0.12600527032606912
FAM129A,11.210345,0.9212969,3.627742177745459e-29,3.8730897271294485e-28,NK,NK,0.45038167938931295,0.3217188934050086,0.12866278598430436
AKR1C3,11.210265,2.7140265,3.631021619183858e-29,3.8730897271294485e-28,NK,NK,0.1743002544529262,0.03910449718106726,0.13519575727185895
FOSL2,11.207541,1.5369622,3.744480645699019e-29,3.983490048615978e-28,NK,NK,0.24893977947413057,0.12039465058345354,0.12854512889067704
PPM1L,11.146524,1.7672404,7.445798147277895e-29,7.879151478600947e-28,NK,NK,0.22943172179813398,0.10082601284908878,0.12860570894904522
CLIC1,11.01994,1.1439481,3.0626135581939793e-28,3.2238037454673466e-27,NK,NK,0.3142493638676845,0.1977514094663695,0.116497954401315
MAN1A1,10.988884,1.1807472,4.322379371495458e-28,4.5379310986828954e-27,NK,NK,0.3108566581849025,0.19473580700144227,0.11612085118346022
GALNT3,10.922414,2.1891918,9.00699107547276e-28,9.406779191094265e-27,NK,NK,0.18914334181509757,0.057984790874524725,0.13115855094057283
OASL,10.876398,1.7505742,1.4934839270119176e-27,1.547651737836184e-26,NK,NK,0.21586089906700595,0.08446964730562477,0.13139125176138117
CD38,10.859284,3.1063302,1.8015552237673135e-27,1.8620725827052337e-26,NK,NK,0.16030534351145037,0.02874655827979547,0.1315587852316549
PLCXD2,10.817646,1.9492202,2.8397727471161202e-27,2.920074804232514e-26,NK,NK,0.2005937234944869,0.07168611511734627,0.12890760837714063
SYK,10.785159,1.6381721,4.045436453437848e-27,4.1385539165604585e-26,NK,NK,0.23324851569126373,0.11033171627114202,0.12291679942012171
GK5,10.719317,2.302066,8.261096072004537e-27,8.4082402768494e-26,NK,NK,0.1806615776081425,0.052084699095319265,0.12857687851282323
THEMIS2,10.523916,1.9569709,6.70282045493731e-26,6.719619503696551e-25,NK,NK,0.20186598812553014,0.08033958306018095,0.12152640506534919
PPP3CA,10.514936,0.5791446,7.373040343381429e-26,7.373040343381429e-25,NK,NK,0.5776081424936387,0.512324636161007,0.06528350633263169
DTHD1,10.509269,2.600104,7.82985771193803e-26,7.810331882232448e-25,NK,NK,0.1645462256149279,0.03589222499016651,0.1286540006247614
XYLT1,10.478105,0.7871709,1.0890424712110623e-25,1.0809354552963397e-24,NK,NK,0.4105173876166244,0.3364691228530222,0.07404826476360216
LATS2,10.450449,1.9998579,1.4583346411761553e-25,1.443895684332827e-24,NK,NK,0.19677692960135712,0.0759472925134391,0.12082963708791802
NCS1,10.388776,2.3445604,2.789093748103985e-25,2.7546604919545532e-24,NK,NK,0.17684478371501275,0.05313360430051135,0.1237111794145014
RNF125,10.383799,0.6765075,2.938463874483605e-25,2.887925183767671e-24,NK,NK,0.48303647158608987,0.40848302084699095,0.07455345073909891
ATXN1,10.3818035,0.46408495,3.000528056935256e-25,2.9416941734659373e-24,NK,NK,0.6988973706530959,0.6471089550281894,0.051788415624906436
TMEM241,10.365228,2.4135687,3.569059618586175e-25,3.490522854363007e-24,NK,NK,0.17217981340118743,0.04841353087714698,0.12376628252404046
ATP8B4,10.286725,3.0081255,8.08803365688191e-25,7.890764543299424e-24,NK,NK,0.15436810856658184,0.029434902320702772,0.12493320624587907
GZMH,10.228755,1.6452011,1.474019930079741e-24,1.4345692750167797e-23,NK,NK,0.2094995759117897,0.0823718368952406,0.1271277390165491
SGMS1,10.068629,0.81932217,7.603016239036265e-24,7.310592537534871e-23,NK,NK,0.38846480067854117,0.30500196669725976,0.0834628339812814
PLA2G16,10.034464,2.1027665,1.075420273892921e-23,1.0315782003769027e-22,NK,NK,0.1759966072943172,0.05437917923167694,0.12161742806264027
PPP1R14B,10.020703,0.5408627,1.2361988890316422e-23,1.1829654440494185e-22,NK,NK,0.582273112807464,0.530614920676544,0.05165819213091993
WWC2,9.996815,2.826216,1.5737854951063027e-23,1.5024205203878784e-22,NK,NK,0.15564037319762508,0.0357611118395175,0.11987926135810759
HEG1,9.882977,1.6025012,4.934486872781576e-23,4.655176295076959e-22,NK,NK,0.2120441051738762,0.09810541497312182,0.11393869020075438
KAT2B,9.818539,1.0753119,9.369192380305385e-23,8.79736373737595e-22,NK,NK,0.2977099236641221,0.19729251343909798,0.1004174102250241
KLRC2,9.816261,3.8052425,9.58323015191301e-23,8.977264779309612e-22,NK,NK,0.1331636980491942,0.012390192736331455,0.12077350531286274
B4GALT5,9.7348795,0.95384717,2.1407218286585123e-22,1.991369142938151e-21,NK,NK,0.32654792196776933,0.23659368034613878,0.08995424162163054
FOXO3,9.67568,0.732275,3.825405475678653e-22,3.5502603022539706e-21,NK,NK,0.41730279898218836,0.33420742100432677,0.0830953779778616
FLNA,9.631467,0.7727448,5.888298178830589e-22,5.414527060993645e-21,NK,NK,0.3833757421543682,0.3065753245050479,0.07680041764932033
CYTH3,9.626997,1.5777848,6.150054716085013e-22,5.642252033105516e-21,NK,NK,0.2103477523324852,0.09876098072636687,0.11158677160611834
NCAM1,9.62326,4.0914683,6.377747560306938e-22,5.837755203942277e-21,NK,NK,0.12934690415606445,0.011210174380490363,0.11813672977557409
PLEKHA5,9.585292,1.3515456,9.219627231861526e-22,8.419750896677192e-21,NK,NK,0.23664122137404575,0.12449193654123511,0.11214928483281064
SPN,9.541848,1.4797685,1.4030897754833027e-21,1.2726437872864424e-20,NK,NK,0.21543681085665822,0.10456273764258556,0.11087407321407267
C5orf42,9.511067,1.352394,1.887155986077082e-21,1.7039783169996226e-20,NK,NK,0.2336726039016115,0.12783532188278485,0.10583728201882664
CXXC5,9.480439,1.5518584,2.5321534311424385e-21,2.2812193073355302e-20,NK,NK,0.21077184054283293,0.10380883702635375,0.10696300351647918
PDE7B,9.440862,2.212041,3.69724521955511e-21,3.308496840765199e-20,NK,NK,0.16624257845631893,0.05375639176609415,0.11248618669022478
QSOX1,9.426726,1.824188,4.230862204561832e-21,3.769142275778915e-20,NK,NK,0.1887192536047498,0.08020846990953193,0.10851078369521788
ABL1,9.376734,0.98431987,6.804807603113827e-21,6.048717869434513e-20,NK,NK,0.3108566581849025,0.2169594860364495,0.093897172148453
FAM63B,9.37015,1.3693107,7.242966535301104e-21,6.423917104479915e-20,NK,NK,0.2336726039016115,0.13186705126524195,0.10180555263636953
FBXL20,9.36751,0.56680495,7.426416748939458e-21,6.572050220300405e-20,NK,NK,0.470737913486005,0.41913596433722305,0.05160194914878197
LPP,9.365412,0.83660173,7.575412388532705e-21,6.689105861839033e-20,NK,NK,0.35623409669211203,0.27727153533499416,0.07896256135711788
RHOBTB3,9.332079,2.271651,1.038143396712576e-20,9.126535355714953e-20,NK,NK,0.16157760814249364,0.05087190245181593,0.11070570569067771
ARHGEF12,9.273173,1.7372307,1.806878260269429e-20,1.5815127004546426e-19,NK,NK,0.1870229007633588,0.07761898518421398,0.10940391557914483
TLE1,9.252569,2.2514446,2.1916030109233632e-20,1.909893691436482e-19,NK,NK,0.16497031382527566,0.0569686639569949,0.10800164986828076
ST3GAL4,9.2519245,2.8178666,2.2048571011505597e-20,1.9172670444787474e-19,NK,NK,0.14418999151823578,0.032811065949914786,0.11137892556832099
LCORL,9.248273,0.8625477,2.2814903309765783e-20,1.9796011548603715e-19,NK,NK,0.3418150975402884,0.259866264586338,0.08194883295395039
SLC7A5,9.247942,1.0942945,2.2885686609700095e-20,1.9814447281125622e-19,NK,NK,0.2798982188295165,0.1851973252917268,0.09470089353778968
ARHGAP35,9.184798,0.9590914,4.123008955645001e-20,3.5619947780950334e-19,NK,NK,0.30746395250212044,0.21558279795463486,0.09188115454748558
GTDC1,9.065344,0.83702195,1.242116751850947e-19,1.0639115647545583e-18,NK,NK,0.34690415606446146,0.2660613609545038,0.08084279510995768
CEP78,9.044547,1.381635,1.5028721564491004e-19,1.2845061166231628e-18,NK,NK,0.21670907548770146,0.11495345483151963,0.10175562065618184
DDIT4,8.982624,1.4187169,2.6438489226398757e-19,2.2500841894807454e-18,NK,NK,0.21713316369804925,0.11832961846073164,0.0988035452373176
FCER1G,8.965029,1.4223784,3.1019863993300048e-19,2.6343833539957578e-18,NK,NK,0.1959287531806616,0.08266684148420086,0.11326191169646074
MLLT3,8.961333,0.43510288,3.2077553577835464e-19,2.712689520324352e-18,NK,NK,0.5975402883799831,0.5627704208732137,0.03476986750676936
HDGFRP3,8.917958,1.7977966,4.749635719202073e-19,4.008131408609344e-18,NK,NK,0.17302798982188297,0.0666382588173594,0.10638973100452358
OSBPL7,8.907617,1.7552617,5.214139474182477e-19,4.390854294048402e-18,NK,NK,0.1759966072943172,0.07057165333682967,0.10542495395748754
LLGL2,8.894596,1.7225946,5.86321108903954e-19,4.916738858733367e-18,NK,NK,0.17896522476675147,0.07404615182902845,0.10491907293772303
GPR56,8.890192,3.002217,6.100348088982151e-19,5.1048937983114235e-18,NK,NK,0.13019508057675994,0.021109217254490626,0.10908586332226931
PTGDR,8.788915,3.1441138,1.5101113384014385e-18,1.2506098040591623e-17,NK,NK,0.12637828668363016,0.018421397666185918,0.10795688901744424
DLG5,8.746216,2.84021,2.206270839709376e-18,1.8196048162551555e-17,NK,NK,0.13104325699745545,0.023960928281106596,0.10708232871634885
RP11-296O14.3,8.690574,1.0779209,3.606134960360405e-18,2.961917831918198e-17,NK,NK,0.2582697201017812,0.16572702242034876,0.09254269768143242
APOBEC3C,8.640073,1.4539963,5.617719737102628e-18,4.5858936629409205e-17,NK,NK,0.1959287531806616,0.09522092565884359,0.10070782752181802
LINGO2,8.613091,4.734103,7.111622488694582e-18,5.770079098332318e-17,NK,NK,0.11238337574215437,0.0064901009571259995,0.10589327478502837
SNTB2,8.608982,1.6859998,7.371195899493378e-18,5.96857967570314e-17,NK,NK,0.176420695504665,0.07499672217123377,0.10142397333343123
PCED1B,8.595182,0.42526713,8.313250477456843e-18,6.717778163601489e-17,NK,NK,0.5826972010178118,0.5445456929330013,0.03815150808481049
TMCC3,8.5695715,1.8040982,1.0387118103449843e-17,8.376708147943422e-17,NK,NK,0.16921119592875317,0.0673266028582667,0.10188459307048647
CMC1,8.4838295,0.95178497,2.1790011736475566e-17,1.7537232785895826e-16,NK,NK,0.2947413061916878,0.21538612822866138,0.07935517796302644
YES1,8.394177,0.87702566,4.691653511066975e-17,3.768396394431305e-16,NK,NK,0.29601357082273116,0.21023993706568772,0.08577363375704344
OSBPL5,8.384139,2.0520635,5.1098295530998175e-17,4.0960557539878296e-16,NK,NK,0.14927905004240882,0.04857742231545825,0.10070162772695057
B3GNT7,8.37879,3.721768,5.347466970734249e-17,4.277973576587399e-16,NK,NK,0.11747243426632736,0.015438573488920939,0.10203386077740642
GATA3,8.361604,0.9861891,6.187123753302781e-17,4.939819363914396e-16,NK,NK,0.2659033078880407,0.17765831912940871,0.08824498875863196
TIGIT,8.358064,1.3726654,6.375606466319617e-17,5.080164514995711e-16,NK,NK,0.19423240033927058,0.09374590271404223,0.10048649762522835
RP11-277P12.20,8.286384,1.5908295,1.1674380154952743e-16,9.247033786101182e-16,NK,NK,0.17133163698049195,0.07207945456929331,0.09925218241119864
GCNT1,8.25797,2.0716367,1.4817128088301603e-16,1.1667029990788663e-15,NK,NK,0.14461407972858353,0.04428346663170316,0.10033061309688038
RP11-219B17.1,8.030924,0.60485244,9.67410870567892e-16,7.455960466804563e-15,NK,NK,0.4096692111959288,0.34653205716533375,0.06313715403059506
BCAS3,7.9926023,0.49417564,1.3211994022883742e-15,1.0143565468624754e-14,NK,NK,0.48303647158608987,0.44519470302871383,0.03784176855737603
TBCD,7.9691243,0.88203424,1.5980290374874124e-15,1.2245433237451435e-14,NK,NK,0.28498727735368956,0.20509374590271406,0.0798935314509755
STAT5B,7.904257,0.41591132,2.695369684194507e-15,2.061468209708992e-14,NK,NK,0.5097540288379983,0.4842336436344566,0.025520385203541662
RAPGEF2,7.8785124,0.86440873,3.313018058745113e-15,2.529021418889399e-14,NK,NK,0.29304495335029684,0.21971286220007874,0.0733320911502181
CCNJL,7.8737407,5.725315,3.4419165729424227e-15,2.6224126270037507e-14,NK,NK,0.0996607294317218,0.002622263012980202,0.0970384664187416
ALOX5AP,7.867435,1.1571803,3.619860057833461e-15,2.7527452911281072e-14,NK,NK,0.22137404580152675,0.13707879900354006,0.0842952467979867
SLC6A6,7.824389,0.7667209,5.10129242315631e-15,3.8646154720881135e-14,NK,NK,0.31212892281594573,0.23613478431886725,0.07599413849707848
RGS2,7.79015,1.2178928,6.692968249827171e-15,5.051296792322393e-14,NK,NK,0.20356234096692116,0.11295397928412221,0.09060836168279895
PHLDB2,7.7411923,2.1108716,9.848883735153776e-15,7.391282352835854e-14,NK,NK,0.1340118744698897,0.03998951094794808,0.09402236352194163
GNAL,7.7006817,2.6963298,1.3534239727366472e-14,1.0138007286416832e-13,NK,NK,0.12086513994910938,0.027795987937590146,0.09306915201151925
HAVCR2,7.6974974,1.8081356,1.3875718387403361e-14,1.0355013721942806e-13,NK,NK,0.1530958439355386,0.06303264717451161,0.09006319676102699
VASH1,7.69592,2.3829322,1.404795154417829e-14,1.0464023496594629e-13,NK,NK,0.12595419847328243,0.032548839648616754,0.09340535882466568
SLCO4C1,7.649249,3.4557815,2.0215639448219155e-14,1.5002329831702525e-13,NK,NK,0.10644614079728584,0.012390192736331455,0.09405594806095438
POU2F1,7.583227,0.465491,3.3706413045723746e-14,2.492156232585859e-13,NK,NK,0.4563189143341815,0.4258555133079848,0.030463401026196657
AKT3,7.5578384,0.26393467,4.098220619909632e-14,3.024517062663935e-13,NK,NK,0.6484308736217134,0.6409138586600237,0.007517014961689661
LINC00299,7.50082,3.5045145,6.341974704573736e-14,4.671804570588387e-13,NK,NK,0.10474978795589482,0.012849088763602991,0.09190069919229182
IL18R1,7.452457,1.6621025,9.161760906134478e-14,6.71191275174687e-13,NK,NK,0.15055131467345206,0.06139373279139898,0.08915758188205308
PEAK1,7.4407988,0.92590445,1.0007836730056671e-13,7.304990313909978e-13,NK,NK,0.26166242578456317,0.19096630392028321,0.07069612186427995
PLXND1,7.3956833,1.2740055,1.4068310179815192e-13,1.0175992896792182e-12,NK,NK,0.18659881255301106,0.10092434771207554,0.08567446484093552
PCCA,7.384849,0.9299479,1.5262626572041016e-13,1.1019946983423116e-12,NK,NK,0.25063613231552156,0.17467549495214368,0.07596063736337788
HIST1H1E,7.3673816,1.1538802,1.7401166099350923e-13,1.2518824531907138e-12,NK,NK,0.20271416454622565,0.12085354661072507,0.08186061793550058
PDE4B,7.2569504,0.4739136,3.9591438623582426e-13,2.8178959874435886e-12,NK,NK,0.4558948261238337,0.4103186049560771,0.045576221167756614
SYNGR1,7.22586,1.9579506,4.97940090756796e-13,3.525239580579087e-12,NK,NK,0.13231552162849872,0.045758489576504524,0.08655703205199419
LMO4,7.2009945,0.9790129,5.977504180947288e-13,4.209509986582597e-12,NK,NK,0.23706530958439348,0.16405532974957387,0.0730099798348196
SPAG1,7.173833,1.04247,7.292664037368962e-13,5.117658973592254e-12,NK,NK,0.21670907548770146,0.13930772256457322,0.07740135292312825
BICD1,7.1547365,0.76013607,8.383374200863509e-13,5.872766515491076e-12,NK,NK,0.29813401187446986,0.23092303658056906,0.0672109752939008
TNFRSF1B,7.1354756,0.71404314,9.645287973103211e-13,6.733185321538019e-12,NK,NK,0.30322307039864294,0.22381014815786027,0.07941292224078267
ADAM8,7.1023297,2.2193244,1.2267112822885098e-12,8.53364370287659e-12,NK,NK,0.12383375742154365,0.03867837944145798,0.08515537798008567
FAM46A,7.0857916,1.3475633,1.3825176041705177e-12,9.584177498582445e-12,NK,NK,0.176420695504665,0.0961714960010489,0.08024919950361609
ARL15,7.076352,0.43712288,1.4799850740459954e-12,1.0242111239072633e-11,NK,NK,0.46649703138252746,0.4323783925527731,0.034118638829754355
MYO6,7.074352,1.5748367,1.5014914056734065e-12,1.0372997621232515e-11,NK,NK,0.14715860899067004,0.06195096368165728,0.08520764530901276
ST3GAL5,7.038905,0.8497523,1.93755988028261e-12,1.3316562751083232e-11,NK,NK,0.2548770144189991,0.18300118001835586,0.07187583440064327
PACSIN2,7.0385213,0.77111053,1.9429075613540225e-12,1.3330412084761733e-11,NK,NK,0.28541136556403734,0.2281041038416154,0.057307261722421954
KIF9-AS1,6.996687,1.1402996,2.6208600843820504e-12,1.78593532155506e-11,NK,NK,0.1950805767599661,0.11678903894060576,0.07829153781936034
SOX4,6.9609017,1.809475,3.381019251522752e-12,2.2922164417103403e-11,NK,NK,0.13698049194232398,0.0537891700537564,0.08319132188856758
GPR65,6.947031,1.0085876,3.730542886443861e-12,2.520637085435041e-11,NK,NK,0.21670907548770146,0.14330667365936806,0.07340240182833341
RAP1GAP2,6.879133,2.4950175,6.0217773188623205e-12,4.055068901590789e-11,NK,NK,0.10941475826972011,0.025468729513570217,0.0839460287561499
SRGAP3,6.862183,3.453962,6.78161451044509e-12,4.551419134526907e-11,NK,NK,0.09669211195928754,0.012619640749967223,0.0840724712093203
BZRAP1,6.8379807,1.8971422,8.031728129266021e-12,5.37215871110217e-11,NK,NK,0.12637828668363016,0.04382457060443162,0.08255371607919854
TSC22D1,6.776211,0.7124375,1.233685741755937e-11,8.170104250039319e-11,NK,NK,0.29304495335029684,0.23141471089550286,0.06163024245479398
KIR2DL2,6.750392,3.6213605,1.4744612153704135e-11,9.700402732700089e-11,NK,NK,0.09245122985581002,0.009309033696079716,0.0831421961597303
DNAJC3,6.7433453,0.39934406,1.5478086304281934e-11,1.0166230741728693e-10,NK,NK,0.4491094147582697,0.41802150255670645,0.03108791220156326
LRMP,6.7279887,0.742623,1.7202430867184476e-11,1.1280282535858673e-10,NK,NK,0.2748091603053435,0.20256981775272065,0.07223934255262288
FCHO2,6.6938443,1.3769497,2.1738239218906498e-11,1.4207999489481372e-10,NK,NK,0.16581849024597115,0.09069752196145274,0.0751209682845184
RAMP1,6.6044326,4.165897,3.990433207979106e-11,2.591190394791627e-10,NK,NK,0.0882103477523325,0.00701455355972204,0.08119579419261046
FAM49A,6.5876813,1.2951218,4.46748234371804e-11,2.8915743325035854e-10,NK,NK,0.16751484308736217,0.09299200209781043,0.07452284098955174
JAG1,6.5594563,4.2284513,5.400423630218689e-11,3.489772943598507e-10,NK,NK,0.0882103477523325,0.007702897600629343,0.08050745015170316
EXT1,6.542512,0.98214656,6.049409012626665e-11,3.8902951849689163e-10,NK,NK,0.2184054283290925,0.15173069358856694,0.06667473474052554
CLSTN3,6.540911,1.8980587,6.11451807796865e-11,3.925854303671685e-10,NK,NK,0.11959287531806614,0.040120624098597096,0.07947225121946905
PAM,6.5242443,0.78930044,6.834513860250633e-11,4.38109862836579e-10,NK,NK,0.25911789652247663,0.1936213452209257,0.06549655130155094
PRSS23,6.5043507,2.3282604,7.802964711583833e-11,4.985919943504046e-10,NK,NK,0.10474978795589482,0.02474760718500066,0.08000218077089416
SH3KBP1,6.496736,0.17080405,8.208124954831003e-11,5.22810506677134e-10,NK,NK,0.6458863443596268,0.6536318342729777,-0.007745489913350889
GOLM1,6.4159927,2.055733,1.3990793922975305e-10,8.813098534157673e-10,NK,NK,0.11450381679389313,0.03717057820899436,0.07733323858489877
KIAA0513,6.3925138,1.2978429,1.6318054540765913e-10,1.023075519797236e-09,NK,NK,0.1547921967769296,0.07945456929330011,0.07533762748362949
BCL9L,6.3600874,0.79495424,2.0163899711496195e-10,1.2622159443816085e-09,NK,NK,0.24724342663273957,0.1831650714566671,0.06407835517607247
KLRC4,6.321171,2.1723938,2.5958928456504915e-10,1.6173787200314589e-09,NK,NK,0.10602205258693809,0.028681001704470965,0.07734105088246712
ABR,6.256683,0.79549384,3.9325208074818323e-10,2.446358200610782e-09,NK,NK,0.2434266327396098,0.18300118001835586,0.060425452721253936
TNFRSF18,6.2374864,2.0403438,4.446580506221067e-10,2.7575693061836075e-09,NK,NK,0.11195928753180662,0.03664612560639832,0.0753131619254083
NEK7,6.2110806,0.41900554,5.262144993437886e-10,3.243232661594999e-09,NK,NK,0.4168787107718406,0.3881277042087322,0.02875100656310836
MAP3K5,6.1866946,0.35900718,6.143878205895998e-10,3.775040372286327e-09,NK,NK,0.47582697201017804,0.44994755473974046,0.025879417270437577
ITGA4,6.182876,0.55455756,6.294410038941378e-10,3.8616012508842804e-09,NK,NK,0.3401187446988974,0.28782614396223943,0.05229260073665798
AP4B1-AS1,6.1732035,1.3108305,6.691996972911018e-10,4.0992324489500874e-09,NK,NK,0.1475826972010178,0.07493116559590926,0.07265153160510854
IRF4,6.1495056,1.0964535,7.772472660983027e-10,4.75380590885812e-09,NK,NK,0.18320610687022904,0.11678903894060576,0.06641706792962328
MAPKAPK2,6.1276555,0.5191405,8.918344200904015e-10,5.429737717445366e-09,NK,NK,0.3439355385920272,0.29933132293169007,0.04460421566033712
CTC-548K16.5,6.0580416,1.6983917,1.3778898227640508e-09,8.313060770823835e-09,NK,NK,0.12086513994910938,0.04847908745247149,0.0723860524966379
RP11-81H14.2,6.0335326,2.0305653,1.6041359185298122e-09,9.648937855818418e-09,NK,NK,0.10814249363867685,0.035171102661596954,0.0729713909770799
STARD9,5.9927177,1.4584863,2.0636280563640245e-09,1.2394162500684832e-08,NK,NK,0.13358778625954196,0.06244263799659107,0.07114514826295089
XCL1,5.9686155,4.2577567,2.3927496168584057e-09,1.4285072339453167e-08,NK,NK,0.07845631891433419,0.004851186574013373,0.07360513234032082
RAB27B,5.952555,2.5414987,2.63988154794376e-09,1.5690232082875243e-08,NK,NK,0.09245122985581002,0.019470302871378,0.07298092698443201
PTPRM,5.87193,1.3017222,4.307500483116345e-09,2.548816853914997e-08,NK,NK,0.14249363867684478,0.07266946374721385,0.06982417492963093
PIK3R5,5.83906,0.40435132,5.249614673741683e-09,3.0925565088316246e-08,NK,NK,0.42111959287531814,0.3838337485249771,0.037285844350341046
ZNF618,5.775122,3.0912213,7.68973549413229e-09,4.5035054138402864e-08,NK,NK,0.0835453774385072,0.012685197325291728,0.07086018011321547
KIF21A,5.663642,1.0287358,1.4819336434990686e-08,8.553729544006169e-08,NK,NK,0.16878710771840544,0.10423495476596303,0.0645521529524424
LAX1,5.650331,1.0451659,1.6013906592136706e-08,9.216636887560695e-08,NK,NK,0.16369804919423242,0.09879375901402912,0.0649042901802033
OTUD7B,5.624919,1.1057264,1.8559504225393634e-08,1.0651078465075257e-07,NK,NK,0.15691263782866838,0.09233643634456537,0.06457620148410301
MED13L,5.605425,0.06468189,2.0774443702448132e-08,1.1905125330915836e-07,NK,NK,0.7145886344359628,0.7368559066474368,-0.022267272211474065
CPD,5.6013575,0.72175765,2.1267947584313273e-08,1.2170499332940356e-07,NK,NK,0.23579304495335024,0.1802150255670644,0.05557801938628584
TTC39B,5.5957637,0.6090897,2.1965261530789645e-08,1.2551578017594083e-07,NK,NK,0.27608142493638677,0.22685852891044977,0.04922289602593699
LGR6,5.588666,3.3817916,2.288203469950408e-08,1.301964990014457e-07,NK,NK,0.07803223070398643,0.009309033696079716,0.06872319700790672
DAAM1,5.560403,0.89414966,2.6915229870399675e-08,1.5249422022889336e-07,NK,NK,0.19253604749787956,0.13281762160744726,0.0597184258904323
LINC00944,5.5258636,1.4328448,3.2786890153696893e-08,1.8549867130804466e-07,NK,NK,0.12383375742154365,0.05778812114855121,0.06604563627299244
SLC22A15,5.51245,1.9360685,3.5387256623937426e-08,1.9992800352507022e-07,NK,NK,0.1068702290076336,0.04169398190638521,0.06517624710124839
PPP1R9A,5.4943495,3.1431324,3.921530041074308e-08,2.2124287960926985e-07,NK,NK,0.07930449533502967,0.011898518421397667,0.06740597691363201
CTC-550B14.7,5.491638,1.0270015,3.982223514970906e-08,2.2435062056174118e-07,NK,NK,0.16624257845631893,0.1044644027795988,0.06177817567672013
EPS15L1,5.4887094,0.53731495,4.048806843354689e-08,2.2778097571615694e-07,NK,NK,0.2998303647158609,0.2588173593811459,0.04101300533471497
HIVEP3,5.47044,0.61159575,4.4891939085220765e-08,2.5149545706006033e-07,NK,NK,0.2748091603053435,0.22453127048642982,0.05027788981891371
DUSP2,5.450374,0.75937533,5.02640048692694e-08,2.808044964763654e-07,NK,NK,0.22264631043257,0.16612036187229579,0.05652594856027421
PHTF1,5.4404545,1.0381187,5.314475032133961e-08,2.960710324308613e-07,NK,NK,0.1726039016115352,0.11442900222892359,0.0581748993826116
LYAR,5.4132867,0.52417624,6.187836669722447e-08,3.4281643599570346e-07,NK,NK,0.32061068702290074,0.2681263930772257,0.05248429394567505
RP11-463D19.1,5.4024053,0.9770472,6.575319595174815e-08,3.637431343336641e-07,NK,NK,0.16751484308736217,0.10685721777894325,0.06065762530841892
HIBCH,5.355955,0.7832142,8.510573797492888e-08,4.6890213760291397e-07,NK,NK,0.21416454622561495,0.1613675101612692,0.05279703606434574
GIPR,5.3412237,2.5443347,9.232133416180482e-08,5.079578220732039e-07,NK,NK,0.0826972010178117,0.017077487872033566,0.06561971314577814
TXK,5.331818,0.41070664,9.723442503122132e-08,5.335222223935327e-07,NK,NK,0.44147582697201027,0.38334207421004335,0.05813375276196692
JAKMIP2,5.328486,0.98280877,9.903486924893754e-08,5.426568178023976e-07,NK,NK,0.1590330788804071,0.09561426511079062,0.06341881376961649
KIF13B,5.2784467,0.5804308,1.3028347753416985e-07,7.09991703183487e-07,NK,NK,0.2815945716709075,0.24144486692015213,0.04014970475075538
USP46,5.272078,1.400103,1.3488772369732033e-07,7.330854548767409e-07,NK,NK,0.12128922815945714,0.058705913203094276,0.06258331495636286
RP5-1073O3.2,5.249678,1.7837759,1.5236536058248098e-07,8.258285126421733e-07,NK,NK,0.09796437659033078,0.03402386259341812,0.06394051399691265
TRIO,5.1922245,0.74984777,2.0779601018296163e-07,1.1217058579377146e-06,NK,NK,0.20313825275657338,0.14530614920676543,0.057832103549807945
STX8,5.1351385,0.5742831,2.8193608230560755e-07,1.5056666611781445e-06,NK,NK,0.2782018659881255,0.23941261308509248,0.038789252903033034
SYT11,5.1251674,1.1852018,2.9727326188598046e-07,1.581240754712662e-06,NK,NK,0.13698049194232398,0.07778287662252524,0.05919761531979874
HIST1H2AC,5.1189585,0.84875584,3.072272150276392e-07,1.6320170785000755e-06,NK,NK,0.19253604749787956,0.14133997639963286,0.0511960710982467
CREB3L2,5.10033,0.8825314,3.3906196233203966e-07,1.7939786366774585e-06,NK,NK,0.17896522476675147,0.12390192736331455,0.05506329740343692
CBR4,5.090697,0.79327625,3.567502155096988e-07,1.882586889233239e-06,NK,NK,0.19974554707379136,0.14704339845286482,0.05270214862092654
TMEM135,5.071731,0.5938082,3.9421308578191126e-07,2.06936003035124e-06,NK,NK,0.26166242578456317,0.21833617411826411,0.043326251666299054
DFNB31,5.037151,1.5210607,4.725118988979217e-07,2.473884287423674e-06,NK,NK,0.1068702290076336,0.046053494165464795,0.060816734842168804
FBXL17,5.0254226,0.2596258,5.023248089564954e-07,2.6265349487921324e-06,NK,NK,0.4779474130619168,0.47538350596564843,0.0025639070962683586
GAPDH,5.0161557,0.14198987,5.271563115456137e-07,2.7491854578649993e-06,NK,NK,0.8672603901611537,0.8603317162711421,0.006928673890011616
EML4,5.0083013,0.1088177,5.491258757851826e-07,2.8528523318967815e-06,NK,NK,0.7748091603053436,0.7850072112232858,-0.010198050917942125
NCOA7,5.008284,0.30886224,5.491740738901305e-07,2.8528523318967815e-06,NK,NK,0.43256997455470747,0.4167759276255409,0.015794046929166583
UEVLD,5.0009117,1.3237941,5.705983038385717e-07,2.960302484246805e-06,NK,NK,0.12468193384223916,0.06653992395437264,0.058142009887866525
MARCH3,4.991159,0.3569235,6.001801430834113e-07,3.1057187222944957e-06,NK,NK,0.40245971162001704,0.39261832961846077,0.009841382001556265
NXPH4,4.95786,1.4248224,7.127395622457929e-07,3.683408590417534e-06,NK,NK,0.10856658184902462,0.04838075258948473,0.06018582925953989
FURIN,4.9191175,0.8126,8.693522796545003e-07,4.469677530357328e-06,NK,NK,0.19889737065309587,0.15071456667103708,0.04818280398205879
SFMBT2,4.904667,0.35598904,9.358610768458012e-07,4.799287573568211e-06,NK,NK,0.38931297709923673,0.36364232332502955,0.025670653774207186
ATP9A,4.89004,3.7215776,1.0081543863417436e-06,5.15021397875731e-06,NK,NK,0.06700593723494484,0.006883440409073031,0.06012249682587181
CADM1,4.8893123,1.2541519,1.0118878813961346e-06,5.162693272429258e-06,NK,NK,0.12001696352841389,0.061295397928412224,0.05872156560000166
CREM,4.862749,0.43815154,1.1576654934381191e-06,5.8839415168392326e-06,NK,NK,0.34520780322307043,0.321128884227088,0.024078918995982412
P2RY8,4.8438644,0.28244022,1.2733772039603795e-06,6.4556512241337355e-06,NK,NK,0.5436810856658185,0.5132752065032123,0.030405879162606175
EPB41L4A,4.8341155,2.5175576,1.3373898635639214e-06,6.771594245893272e-06,NK,NK,0.07633587786259541,0.017241379310344827,0.05909449855225058
ABHD15,4.8133984,2.2293537,1.4838518824080956e-06,7.465921420921236e-06,NK,NK,0.08142493638676845,0.02297757965123902,0.058447356735529435
PTGER4,4.763885,0.71486014,1.8990063051824427e-06,9.518828597405727e-06,NK,NK,0.20992366412213742,0.16320309427035534,0.04672056985178208
GLRX,4.7553673,0.5577282,1.9808611741132965e-06,9.891940944386e-06,NK,NK,0.2578456318914334,0.21836895240592635,0.03947667948550704
RGS9,4.750107,2.5426261,2.0330932562523215e-06,1.01401159912834e-05,NK,NK,0.07379134860050889,0.015504130064245445,0.05828721853626344
INVS,4.714526,0.5476385,2.422736270668488e-06,1.2068424760490598e-05,NK,NK,0.27184054283290926,0.23570866657925796,0.0361318762536513
KLRG1,4.703165,0.79440874,2.56158912807354e-06,1.2712601131878609e-05,NK,NK,0.1717557251908397,0.1183623967483939,0.053393328442445806
KIR3DL1,4.679657,4.579082,2.8735553081717317e-06,1.42079372468318e-05,NK,NK,0.06064461407972856,0.0029172676019404748,0.05772734647778808
PRKX-AS1,4.66663,1.0276248,3.0618039743690055e-06,1.5120019626513606e-05,NK,NK,0.13740458015267173,0.0841746427166645,0.053229937436007235
AF131217.1,4.627358,1.1516738,3.7035988399502707e-06,1.819950289901853e-05,NK,NK,0.12044105173876163,0.0654582404615183,0.05498281127724333
ASCL2,4.62547,2.8326235,3.737495832085498e-06,1.8343537826186497e-05,NK,NK,0.07124681933842239,0.01478300773567589,0.0564638116027465
LRP12,4.6198087,1.5497211,3.840938843262766e-06,1.875916406965942e-05,NK,NK,0.10432569974554708,0.05011800183558411,0.054207697909962965
IGFBP7,4.597494,3.752523,4.276022909117926e-06,2.0782614382104137e-05,NK,NK,0.06361323155216284,0.007211223285695556,0.05640200826646728
SIPA1L1,4.5949554,0.28261077,4.328419289328215e-06,2.1011744122952502e-05,NK,NK,0.44741306191687874,0.43693457453782625,0.010478487379052492
ENTPD1,4.574576,1.5293994,4.771851499804623e-06,2.3136249696022417e-05,NK,NK,0.10390161153519933,0.05021633669857087,0.053685274836628466
TRERF1,4.5718017,0.596056,4.8354840529777935e-06,2.341638766575203e-05,NK,NK,0.23155216284987273,0.1851317687164023,0.04642039413347043
ZSWIM6,4.54242,0.35251394,5.561208359270002e-06,2.673657865033655e-05,NK,NK,0.37022900763358785,0.35361216730038025,0.016616840333207594
FAM46C,4.5333805,0.7192773,5.804710532387276e-06,2.780699656233426e-05,NK,NK,0.19126378286683632,0.14461780516585815,0.04664597770097817
RP1-91J24.3,4.5237675,3.0780668,6.074842006562326e-06,2.8996859219867904e-05,NK,NK,0.06530958439355385,0.009702373148026747,0.0556072112455271
SP140,4.5173254,0.40526456,6.26255680510873e-06,2.9821699071946335e-05,NK,NK,0.32230703986429177,0.2889733840304183,0.03333365583387349
CABLES1,4.4915204,2.0928888,7.0716538287737775e-06,3.35945550060512e-05,NK,NK,0.07888040712468193,0.024321489445391375,0.05455891767929055
DPY19L1,4.4693623,1.228623,7.845308050447042e-06,3.718155474145518e-05,NK,NK,0.11662425784563187,0.06447489183165071,0.05214936601398115
FAM43A,4.460913,1.8895994,8.161115227234828e-06,3.8617676888700804e-05,NK,NK,0.0835453774385072,0.02956601547135178,0.05397936196715543
FCRL6,4.459825,1.7817342,8.202658277253044e-06,3.8737465299896315e-05,NK,NK,0.08142493638676845,0.02645207814343779,0.05497285824333066
NUAK1,4.4561977,2.4315076,8.342599915631822e-06,3.935188639448973e-05,NK,NK,0.06955046649703137,0.01465189458502688,0.054898571912004486
MICAL2,4.4403763,1.3825217,8.98017474295576e-06,4.220998704092014e-05,NK,NK,0.10559796437659033,0.0531008260128491,0.05249713836374123
CAMK1D,4.43331,0.16074747,9.279721914789687e-06,4.3566769553003227e-05,NK,NK,0.5377438507209499,0.5510357938901272,-0.013291943169177367
GRASP,4.405671,1.7994744,1.0545687363699504e-05,4.916404365361074e-05,NK,NK,0.0882103477523325,0.035793890127179755,0.05241645762515274
OSBPL3,4.3641343,0.6925587,1.2762720336090331e-05,5.922376026027996e-05,NK,NK,0.19041560644614083,0.14606004982299725,0.04435555662314358
ADRB2,4.31901,2.0009222,1.5673090776489753e-05,7.20601874781138e-05,NK,NK,0.07675996607294316,0.024092041431755605,0.05266792464118756
STRBP,4.288663,0.39292905,1.7975210639849787e-05,8.189162022710609e-05,NK,NK,0.32527565733672603,0.2923495476596303,0.03292610967709575
KRT86,4.2132735,5.183691,2.5169608617538897e-05,0.00011312183648332089,NK,NK,0.053859202714164535,0.0019011406844106462,0.051958062029753886
GAB1,4.190123,1.5760949,2.7880310819067747e-05,0.00012502381533214236,NK,NK,0.09202714164546227,0.04215287793365675,0.049874263711805526
CRY1,4.1853695,0.4302712,2.847024316147276e-05,0.00012724131021887267,NK,NK,0.29898218829516543,0.27894322800576904,0.02003896028939639
VCL,4.1612844,0.7860949,3.1646262754803675e-05,0.00014096330848464888,NK,NK,0.1628498727735369,0.11875573620034093,0.04409413657319598
KLF6,4.1422243,0.2214332,3.439538311990514e-05,0.00015286836942180065,NK,NK,0.5733672603901612,0.5485118657401338,0.024855394650027396
CX3CR1,4.135699,2.3450809,3.538760294305701e-05,0.00015692950307342356,NK,NK,0.06615776081424934,0.015340238625934182,0.05081752218831516
NEK1,4.064183,0.47572803,4.820093101300939e-05,0.00021105401133472197,NK,NK,0.2595419847328244,0.2262029631572047,0.033339021575619715
SLC4A4,4.0640626,2.0842156,4.8225841589983974e-05,0.00021105401133472197,NK,NK,0.06912637828668361,0.019273633145404485,0.049852745141279124
ATRN,3.9944296,0.56828105,6.485020528561272e-05,0.00028134579299615063,NK,NK,0.22476675148430875,0.1906385210436607,0.034128230440648055
KIT,3.9917216,3.0840971,6.559535070280752e-05,0.0002839625571550109,NK,NK,0.057675996607294305,0.008620689655172414,0.04905530695212189
LONRF3,3.9797904,1.2913098,6.89760188171154e-05,0.0002976311491569165,NK,NK,0.10220525869380834,0.056050871902451824,0.046154386791356514
SERPINB9,3.9755552,0.30111754,7.021526238102319e-05,0.00030232621046726884,NK,NK,0.3659881255301103,0.3536777238757048,0.0123104016544055
ARHGAP18,3.970448,1.4344685,7.173762222607028e-05,0.00030854891280030226,NK,NK,0.09117896522476673,0.043857348892093875,0.04732161633267286
PLXDC2,3.9575717,2.315653,7.571552670822824e-05,0.0003253083854274038,NK,NK,0.06743002544529259,0.019306411433066738,0.04812361401222585
ATP1B1,3.948138,1.3994334,7.876139523446424e-05,0.00033730790250305885,NK,NK,0.08948261238337574,0.041956208207683234,0.047526404175692503
RANBP17,3.9417198,3.792575,8.089950093654959e-05,0.0003453553935391658,NK,NK,0.053859202714164535,0.0053756391766094135,0.04848356353755512
JUN,3.917391,0.36881,8.951244135812144e-05,0.00038099653858801466,NK,NK,0.323579304495335,0.3032647174511604,0.020314587044174603
NR4A2,3.9096189,1.2421763,9.244187341664153e-05,0.00039295164045331153,NK,NK,0.1068702290076336,0.06201652025698178,0.04485370875065182
RP11-553L6.2,3.8655102,1.1454959,0.0001108571590650434,0.00046874063029616665,NK,NK,0.10220525869380834,0.05657532450504786,0.045629934188760476
JAK2,3.8373,0.59765434,0.00012439438695190685,0.0005221170491160834,NK,NK,0.19677692960135712,0.15874524714828897,0.03803168245306815
HLTF,3.8317897,0.871215,0.00012721446034650276,0.0005333939637169928,NK,NK,0.12765055131467343,0.08315851579913465,0.04449203551553878
ABCA2,3.7681918,1.7848544,0.00016443433348902001,0.0006823001389585893,NK,NK,0.06997455470737912,0.02386259341811984,0.04611196128925928
GPR153,3.7418764,2.7428129,0.00018265142286108882,0.0007532017437570673,NK,NK,0.0559796437659033,0.009931821161662514,0.046047822604240785
SLC2A13,3.720918,0.54476976,0.0001984998449798023,0.0008151944352353278,NK,NK,0.22137404580152675,0.19096630392028321,0.03040774188124354
ZNF683,3.7191844,1.2006845,0.00019986703219370005,0.0008199673115638976,NK,NK,0.08693808312128923,0.041071194440802414,0.045866888680486814
ENC1,3.7031903,2.000736,0.00021290496909483672,0.0008707769697130336,NK,NK,0.06573367260390159,0.02051920807657008,0.04521446452733151
DYNC2H1,3.6761653,1.1016711,0.00023676619581968237,0.0009644244228907633,NK,NK,0.10093299406276506,0.05746033827192869,0.04347265579083637
SCARNA17,3.6747382,1.3205994,0.00023809355624647205,0.000968844582895105,NK,NK,0.08524173027989823,0.04100563786547791,0.04423609241442032
MEGF9,3.6465244,0.58270866,0.00026581112156357856,0.0010772487196092342,NK,NK,0.20016963528413914,0.1668742624885276,0.03329537279561154
SIK2,3.5994546,0.5769712,0.0003188852368139377,0.0012871250729119584,NK,NK,0.1959287531806616,0.16258030680477253,0.033348446375889074
GRK5,3.522299,0.33145928,0.0004278211249506791,0.0017112844998027163,NK,NK,0.318490245971162,0.30847646518945854,0.010013780781703452
SKAP2,3.5215545,0.7041873,0.0004290243749948666,0.001714383116862604,NK,NK,0.16115351993214588,0.1256063983217517,0.035547121610394194
ABAT,3.5194526,0.6705274,0.00043243821638119133,0.0017263002649947757,NK,NK,0.16369804919423242,0.12793365674577162,0.0357643924484608
PLXNC1,3.514849,0.8105827,0.0004400041680237804,0.0017530046534811967,NK,NK,0.14546225614927902,0.11003671168218175,0.03542554446709727
AHNAK,3.5119843,0.4698388,0.00044477400275850083,0.001770244787098511,NK,NK,0.22900763358778625,0.19866920152091255,0.0303384320668737
ABCG1,3.4596317,0.2874751,0.0005409147614505515,0.002138003009685974,NK,NK,0.3435114503816794,0.3325685066212142,0.010942943760465229
CD160,3.4579792,2.6093676,0.0005442434054897742,0.002149036151983314,NK,NK,0.05301102629346904,0.010554608627245313,0.042456417666223725
RGS1,3.4473255,0.5821749,0.0005661660539965143,0.0022311962719074457,NK,NK,0.18023748939779477,0.14448669201520914,0.03575079738258563
SLC12A2,3.4398978,0.55222654,0.0005819337965927799,0.002291077939341653,NK,NK,0.19677692960135712,0.1665137013242428,0.030263228277114307
ADAM28,3.437155,0.8302046,0.0005878590884975053,0.0023121301415831084,NK,NK,0.11916878710771839,0.07824177264979677,0.040927014457921615
FEZ1,3.4251845,2.7366304,0.0006143820574867394,0.0024117058193787616,NK,NK,0.05258693808312129,0.010587386914907565,0.041999551168213724
AC015849.2,3.3593867,1.3373051,0.0007811567532438217,0.003036566582094545,NK,NK,0.07591178965224765,0.03510554608627245,0.0408062435659752
PPP1R12B,3.350791,0.5818831,0.0008058110630389696,0.003120275171496494,NK,NK,0.18744698897370654,0.15759800708011013,0.029848981893596416
SPECC1,3.3461275,1.4978849,0.0008194868528701629,0.0031701619066544016,NK,NK,0.07463952502120441,0.034482758620689655,0.04015676640051476
FAT4,3.3290486,4.7249084,0.0008714315681937758,0.0033678514712802933,NK,NK,0.04325699745547072,0.0022289235610331707,0.04102807389443755
HDAC8,3.3195462,0.588314,0.0009016387896551034,0.0034678414986734746,NK,NK,0.17387616624257846,0.13986495345483152,0.034011212787746936
CDK19,3.2856972,0.4377845,0.0010173031209385558,0.0039014501282399077,NK,NK,0.24215436810856655,0.22141733315851586,0.020737034950050692
ITM2C,3.284431,0.54802316,0.0010218848800758846,0.003911521072060803,NK,NK,0.17472434266327397,0.1391110528385997,0.035613289824674266
CPEB3,3.2746515,0.76899344,0.0010579240747480968,0.004041734765035709,NK,NK,0.13486005089058523,0.09951488134259867,0.035345169547986555
HIST1H3D,3.2594876,0.6833042,0.0011161367880386977,0.004249219959503903,NK,NK,0.140373197625106,0.10505441195751936,0.035318785667586644
BCL2L11,3.2231445,0.51946145,0.0012679152442334831,0.004798165541091705,NK,NK,0.19296013570822731,0.16428477776320966,0.02867535794501766
SPIRE1,3.2139304,1.3385427,0.0013093137625771619,0.004950146550386245,NK,NK,0.08142493638676845,0.043562344303133604,0.03786259208363485
FOCAD,3.2099092,0.5292556,0.0013277693885334998,0.005015181826377714,NK,NK,0.18659881255301106,0.15635243214894454,0.03024638040406652
PBX3,3.1872747,0.365115,0.0014362026452365213,0.0054145245814760466,NK,NK,0.2748091603053435,0.25573620034089417,0.019072959964449354
PZP,3.1789923,0.9840068,0.00147788079125217,0.005555942824256277,NK,NK,0.09117896522476673,0.053002491149862344,0.03817647407490439
RASGEF1B,3.169092,0.67664576,0.0015291596277761752,0.005732557180041894,NK,NK,0.15394402035623408,0.12278746558279796,0.031156554773436124
RADIL,3.1505432,3.4579508,0.0016296714372275936,0.0061036383416763805,NK,NK,0.04368108566581847,0.004883964861675625,0.03879712080414285
A2M,3.1125252,0.9311192,0.0018549412154877942,0.0068956922508839925,NK,NK,0.09414758269720101,0.057001442244657155,0.03714614045254386
NLRP7,3.1088262,3.7718966,0.0018783222981624103,0.006969656022866086,NK,NK,0.041984732824427475,0.0036711682181722835,0.03831356460625519
TMEM71,3.1047373,0.7563532,0.0019044815868626181,0.0070536355068985855,NK,NK,0.12807463952502118,0.09495869935754557,0.03311594016747561
GCHFR,3.0955298,0.50812805,0.0019646162674626538,0.007242824949171074,NK,NK,0.18914334181509757,0.16090861413399765,0.028234727681099914
LIPC,3.0899293,2.142616,0.002002041951898723,0.007367219694199533,NK,NK,0.05258693808312129,0.014815786023338143,0.037771152059783146
ATXN7L1,3.0853333,0.37241897,0.00203324084726113,0.007475150173754154,NK,NK,0.2595419847328244,0.2382981513045759,0.02124383342824851
PHLPP1,3.0843072,0.4282754,0.0020402677184040785,0.007494096302677974,NK,NK,0.22943172179813398,0.20555264192998562,0.023879079868148356
KLHL2,3.0747821,0.44323114,0.0021065632329941584,0.007723421569181149,NK,NK,0.2302798982188295,0.21243608233905864,0.017843815879770852
FOXP4,3.0594673,1.2836937,0.002217309574575197,0.008099761003014419,NK,NK,0.07421543681085663,0.037400026222630126,0.0368154105882265
NCKAP1,3.0556927,1.1125984,0.002245412614257546,0.008187466232479656,NK,NK,0.08227311280746395,0.045791267864166776,0.036481844943297176
ZMIZ1,3.0513165,0.7895064,0.0022784023398182106,0.00828232730498951,NK,NK,0.12722646310432567,0.09518814737118134,0.032038315733144335
GRAMD1B,3.0511441,1.5644093,0.0022797105906983625,0.00828232730498951,NK,NK,0.06191687871077183,0.024714828897338406,0.037202049813433426
PRDM1,3.0479946,0.8050475,0.0023037397505499373,0.008354450591296237,NK,NK,0.12468193384223916,0.09210698833092959,0.03257494551130957
ZNF821,3.0404286,0.78973913,0.0023624175184706,0.008559483762574637,NK,NK,0.11747243426632736,0.08384685984004195,0.033625574426285415
ZNF541,3.0338807,2.3558226,0.0024142993824594005,0.008731643336200363,NK,NK,0.04834605597964377,0.011046282942179101,0.037299773037464665
NKG2-E,3.0233374,3.7847092,0.002500034180434999,0.009025394153194942,NK,NK,0.04071246819338423,0.0034417202045365154,0.03727074798884771
KIAA1671,3.0058541,0.56964165,0.0026483605637168195,0.009535051534534003,NK,NK,0.15564037319762508,0.12409859708928808,0.031541776108337
B3GAT1,2.9849014,2.323168,0.002836696815941052,0.010176490819519468,NK,NK,0.04749787955894827,0.010751278353218829,0.03674660120572944
JAKMIP1,2.9448166,1.3393009,0.0032314619830777678,0.01153064043917134,NK,NK,0.06573367260390159,0.0297626851973253,0.03597098740657629
PLIN2,2.9331603,0.34443945,0.0033553058671378735,0.011929976416490217,NK,NK,0.26081424936386766,0.24714828897338403,0.013665960390483622
FBXW7,2.931464,0.13888818,0.003373685490679468,0.011984673146285854,NK,NK,0.42578456318914343,0.44001573357807794,-0.014231170388934511
LDB2,2.9278593,4.159544,0.003413043835438367,0.01211373144787353,NK,NK,0.0390161153519932,0.002950045889602727,0.03606606946239047
ITGAV,2.916692,0.77070445,0.0035376491514496526,0.012533743672097973,NK,NK,0.12340966921119591,0.09236921463222762,0.031040454578968285
KIAA1377,2.9135065,0.901551,0.0035739442575679,0.012651130115284603,NK,NK,0.09329940627650551,0.0589681395043923,0.03433126677211321
ZNF704,2.8628693,1.0845647,0.004198238092560408,0.014782528494931016,NK,NK,0.07888040712468193,0.04457847122066344,0.03430193590401849
MN1,2.853218,2.077475,0.0043278918211956605,0.015189569312580269,NK,NK,0.05131467345207804,0.016520256981775276,0.034794416470302764
CTD-2384B11.2,2.8302007,1.908346,0.004651881652935216,0.01627955084141808,NK,NK,0.050042408821034765,0.015274682050609677,0.034767726770425084
APOBEC3H,2.8275402,1.8459655,0.0046907145901272365,0.016401099965479848,NK,NK,0.05089058524173029,0.016159695817490494,0.0347308894242398
SNORD3A,2.813836,1.0962282,0.004895419795044692,0.01704236656238361,NK,NK,0.0771840542832909,0.043693457453782614,0.03349059682950829
IGF1R,2.7715106,0.24946079,0.00557968531596525,0.01929018259624978,NK,NK,0.33121289228159456,0.3290612298413531,0.002151662440241453
IL9R,2.7690606,1.8995425,0.005621817035159585,0.019419057116268,NK,NK,0.04834605597964377,0.01425855513307985,0.034087500846563916
ARHGEF28,2.7637699,1.9837445,0.005713782848804023,0.01971969921934089,NK,NK,0.04707379134860049,0.013012980201914253,0.03406081114668624
ADAP1,2.7417314,1.7828268,0.0061116305372637325,0.020966142494901314,NK,NK,0.0559796437659033,0.02284646650059001,0.03313317726531329
PVRL3,2.7377124,0.73698515,0.00618681793108292,0.021187732640694932,NK,NK,0.1077184054283291,0.07637341025304839,0.03134499517528071
RP11-4F5.2,2.7033653,2.2961948,0.006864125201456905,0.023427048469136198,NK,NK,0.04410517387616625,0.01091516979153009,0.033190004084636154
KIF26B,2.6906188,2.2521346,0.007131964951842388,0.024320426093239172,NK,NK,0.045801526717557245,0.012914645338927496,0.032886881378629745
RP4-794H19.4,2.6887038,2.3338335,0.007173003100204819,0.024418733958144066,NK,NK,0.04368108566581847,0.010685721777894322,0.03299536388792415
RDH10,2.6681364,1.7791007,0.007627327507975583,0.025899244509254953,NK,NK,0.050466497031382514,0.017864166775927625,0.03260233025545489
RPS6KC1,2.6657135,0.3792312,0.007682513088909088,0.026042417250539282,NK,NK,0.234520780322307,0.22122066343254232,0.01330011688976468
KRT81,2.661807,5.788562,0.007772241214406809,0.026324271683003587,NK,NK,0.033502968617472415,0.0006555657532450505,0.03284740286422736
DAPK2,2.6572337,0.73328197,0.007878478547457945,0.026643431810110436,NK,NK,0.10559796437659033,0.07499672217123377,0.030601242205356566
ARHGAP26-AS1,2.6406224,1.2566239,0.008275388952102985,0.02783982826611601,NK,NK,0.06318914334181508,0.031172151566802156,0.032016991775012923
TSPAN5,2.6339269,0.44796422,0.008440364343803394,0.028323370281219444,NK,NK,0.17345207803223073,0.14714173331585156,0.026310344716379164
TGFA,2.6335394,1.5291194,0.008450001469321167,0.028331941221529478,NK,NK,0.05810008481764206,0.02632096499278878,0.03177911982485328
OSBPL8,2.6319253,-0.008635331,0.008490252784176951,0.028443057903440372,NK,NK,0.6870229007633588,0.7151239019273634,-0.028101001164004602
RP11-478C1.7,2.6286407,1.1979889,0.008572689670805654,0.0286951955508139,NK,NK,0.06446140797285835,0.03251606136095451,0.03194534661190384
FHAD1,2.6205754,2.397388,0.008778150213166162,0.029284904797885442,NK,NK,0.041560644614079725,0.009341811983741968,0.03221883263033776
LRRN1,2.608301,2.1739132,0.009099295155368834,0.03025534548751067,NK,NK,0.044529262086514,0.012619640749967223,0.031909621336546776
NTNG2,2.5765998,1.7527806,0.009977737759136796,0.0330388667521086,NK,NK,0.04792196776929602,0.016323587255801755,0.03159838051349426
LAYN,2.5748696,1.7658414,0.010027786097281104,0.033177125218465185,NK,NK,0.04792196776929602,0.01638914383112626,0.03153282393816976
GSN,2.5632777,1.0860893,0.010368909093721006,0.03427738543378845,NK,NK,0.07167090754877015,0.04113675101612692,0.030534156532643228
RN7SL1,2.5474346,0.3167178,0.010851822188847919,0.03578506904813823,NK,NK,0.25996607294317214,0.24891831650714571,0.011047756436026429
B4GALT6,2.5423002,3.489454,0.011012552315480175,0.03622550103776374,NK,NK,0.03604749787955893,0.004785629998688868,0.03126186788087006
CNNM2,2.5203936,0.44469333,0.011722368139931015,0.03837109047440594,NK,NK,0.1908396946564886,0.1711682181722827,0.01967147648420589
KIR3DL2,2.5197403,3.0150783,0.011744146483986523,0.038410945164305876,NK,NK,0.03604749787955893,0.004982299724662384,0.031065198154896546
CCL3,2.50174,0.21454078,0.012358464874067877,0.040092343468184514,NK,NK,0.25996607294317214,0.23236528123770817,0.02760079170546398
AC006960.7,2.4814913,1.61932,0.01308338675145342,0.04234105744806932,NK,NK,0.04792196776929602,0.01743804903631834,0.030483918732977677
RP11-398K22.12,2.4801161,0.6262655,0.013133963342276232,0.04247037459103066,NK,NK,0.11195928753180662,0.08381408155237971,0.028145205979426907
BMPR2,2.4704332,0.39043245,0.013494948357649937,0.04342702609058708,NK,NK,0.21331636980491947,0.197554739740396,0.01576163006452347
RP11-64D24.2,2.461645,2.5273612,0.01383015050599849,0.044398557001600295,NK,NK,0.037743850720949955,0.007440671299331324,0.030303179421618632
IER5L,2.4579425,1.1165463,0.013973559053441869,0.04482296408481754,NK,NK,0.06318914334181508,0.033237183689524066,0.029951959652291013
FAM53B-AS1,2.3868234,1.3821545,0.01699465445680582,0.05403705709636191,NK,NK,0.05216284987277354,0.023043136226563524,0.029119713646210015
HIST1H1C,2.3806484,0.53169304,0.017282202786978104,0.05486413583167652,NK,NK,0.14800678541136555,0.12583584633538747,0.022170939075978086
RHD,2.358211,0.3032831,0.018363248481573172,0.05815755655288416,NK,NK,0.24936386768447832,0.239609282811066,0.009754584873412325
SNCA,2.3532164,1.9732656,0.0186117937237743,0.058898081404349045,NK,NK,0.044529262086514,0.015864691228530223,0.028664570857983775
ARHGAP42,2.335748,1.8188351,0.019504382998018568,0.06152802207576835,NK,NK,0.045801526717557245,0.01740527074865609,0.028396255968901156
HIC1,2.3140068,3.074648,0.02066734797509971,0.06504279457151757,NK,NK,0.033502968617472415,0.005015078012324636,0.028487890605147777
MGST2,2.3024058,1.615543,0.021312299194814147,0.06686211512098557,NK,NK,0.045801526717557245,0.017601940474629603,0.028199586242927642
SLCO3A1,2.2970068,0.24841203,0.021618379945331247,0.06761025784310007,NK,NK,0.28032230703986427,0.2747476071850007,0.005574699854863585
MXD1,2.2886667,0.4492344,0.022098719946478735,0.06905849983274605,NK,NK,0.18193384223918577,0.16667759276255406,0.015256249476631706
EFNA5,2.287672,1.1069435,0.022156620219671123,0.0691853871027982,NK,NK,0.05852417302798982,0.030582142388881607,0.02794203063910821
HOXA10,2.2852988,3.7579308,0.02229531421052038,0.06956416290333972,NK,NK,0.030958439355385916,0.0027861544512914637,0.02817228490409445
RP11-793A3.2,2.278769,3.1033282,0.022680806258157448,0.07067049315390547,NK,NK,0.033078880407124665,0.0050478562999868885,0.028031024107137776
ZNF609,2.2786946,0.17657301,0.022685228302403656,0.07067049315390547,NK,NK,0.34563189143341816,0.3594794807919235,-0.01384758935850533
LRFN2,2.2773259,1.9092228,0.0227667680673358,0.07086931694112311,NK,NK,0.04028837998303645,0.012291857873344697,0.02799652210969175
DOK6,2.2714922,1.4203799,0.02311719819962596,0.0717925409926272,NK,NK,0.04877014418999152,0.020978104103841617,0.0277920400861499
RFX2,2.2468662,0.6821436,0.024648571139278326,0.07613458266958557,NK,NK,0.11365564037319763,0.09069752196145274,0.022958118411744888
ST8SIA6-AS1,2.2297368,1.8376526,0.025764921126081475,0.07933770939517006,NK,NK,0.03944020356234095,0.011964074996722172,0.02747612856561878
CRADD,2.2255847,0.2896811,0.02604200497323796,0.08000615967200601,NK,NK,0.2595419847328244,0.2485249770551987,0.011017007677625729
KLRC3,2.2194874,2.8314676,0.026453578591955438,0.0812082228456038,NK,NK,0.03223070398642917,0.004851186574013373,0.027379517412415795
KIR3DX1,2.20242,4.332337,0.027635661586026698,0.08464214880865757,NK,NK,0.028837998303647156,0.0016716926707748786,0.027166305632872277
AC069363.1,2.141593,1.8876793,0.0322262465468292,0.09802660546564015,NK,NK,0.041984732824427475,0.015930247803854727,0.026054485020572747
FCRL3,2.139482,1.1748943,0.032396644588294,0.09847004434131915,NK,NK,0.05682782018659881,0.031172151566802156,0.02565566861979665
RP11-104E19.1,2.1224642,2.354668,0.03379878576935154,0.10249821309886745,NK,NK,0.033502968617472415,0.007342336436344567,0.02616063218112785
GSAP,2.1150815,0.5452111,0.034423001594162166,0.10431212604291565,NK,NK,0.1412213740458015,0.12318080503474499,0.018040569011056523
PLP2,2.110141,0.32437846,0.03484621213900041,0.10551464690083395,NK,NK,0.21586089906700595,0.2059132030942704,0.009947695972735565
RP11-103J8.1,2.0757017,3.578342,0.03792154637754667,0.11448014000768805,NK,NK,0.028837998303647156,0.003277828766225252,0.025560169537421903
RGS17,2.074886,2.362307,0.037997083594659725,0.11462166996880761,NK,NK,0.033502968617472415,0.007997902189589616,0.0255050664278828
MAML3,2.0484433,0.5221276,0.040516573238186186,0.12167139110566422,NK,NK,0.1361323155216285,0.11705126524190378,0.019081050279724718
ELOVL6,2.0353792,1.5182915,0.0418127395369906,0.12500071610460567,NK,NK,0.041984732824427475,0.017077487872033566,0.02490724495239391
CNR2,2.0322917,0.7332853,0.042124144031549356,0.1256499449114075,NK,NK,0.08312128922815945,0.05978759669594862,0.023333692532210834
RP11-431M7.2,2.0117636,1.9825145,0.044244856853015956,0.1313878451462983,NK,NK,0.034351145038167934,0.009571259997377736,0.0247798850407902
FUT10,2.0106192,0.951513,0.0443656935239192,0.13155135218360028,NK,NK,0.06361323155216284,0.039727284646650055,0.02388594690551278
SETBP1,2.001727,0.34839162,0.04531407729229504,0.13416455156860116,NK,NK,0.1306191687871077,0.10518552510816837,0.025433643678939327
SPATS2,2.0006459,0.5695745,0.04543056854148652,0.13440996609907255,NK,NK,0.11577608142493637,0.09531926052183035,0.02045682090310602
SCLT1,1.974256,0.20125785,0.04835264183928634,0.14273842609383422,NK,NK,0.3057675996607294,0.3088042480660811,-0.003036648405351672
CPEB4,1.9443562,0.29463807,0.05185251168588928,0.1520601515715228,NK,NK,0.2302798982188295,0.22603907171889343,0.004240826499936068
AGFG2,1.933226,0.6801796,0.05320836226255107,0.15592194069612036,NK,NK,0.07930449533502967,0.05660810279271011,0.02269639254231956
HGSNAT,1.9294829,0.33377555,0.053670940797910335,0.1571623449426364,NK,NK,0.2073791348600509,0.19821030549364105,0.009168829366409864
VIPR2,1.9198283,2.2448301,0.054879588101437816,0.16046663187554916,NK,NK,0.030958439355385916,0.007309558148682313,0.023648881206703602
RORB,1.918712,2.1579325,0.05502078737258792,0.16064463466449028,NK,NK,0.03180661577608142,0.00819457191556313,0.023612043860518288
KCNMB4,1.9182333,0.8075761,0.05508143478677716,0.16070440492130464,NK,NK,0.06997455470737912,0.04749573882260391,0.02247881588477521
SLC4A8,1.9137895,1.5701193,0.05564704943978463,0.16211813383768284,NK,NK,0.04283290924512297,0.019666972597351513,0.02316593664777146
RP11-462L8.1,1.8897945,1.3126225,0.05878545155068766,0.17063991741854184,NK,NK,0.04495335029686175,0.02196145273370919,0.022991897563152557
GP6,1.8867261,0.99357635,0.05919717451377083,0.17171044093914672,NK,NK,0.057675996607294305,0.035203880949259206,0.0224721156580351
TRAK1,1.8831959,0.36356434,0.05967382536947718,0.17296760976660053,NK,NK,0.1959287531806616,0.1878851448800315,0.008043608300630112
MBD5,1.8773677,0.08863163,0.06046770477070225,0.1750126007076761,NK,NK,0.4249363867684479,0.444047462960535,-0.019111076192087073
CTD-3088G3.8,1.8770546,0.88111824,0.06051060669467901,0.1750126007076761,NK,NK,0.06191687871077183,0.03956339320833879,0.02235348550243304
CTA-445C9.15,1.8668109,1.8628751,0.06192799525275682,0.17885341589243847,NK,NK,0.033927056827820185,0.011013504654516849,0.022913552173303334
SMIM14,1.8559139,0.48183846,0.06346583018480983,0.18303051242915597,NK,NK,0.13486005089058523,0.11800183558410912,0.016858215306476104
SLC10A7,1.8529063,0.4258255,0.0638957818091772,0.18413769973826283,NK,NK,0.14291772688719254,0.12619640749967223,0.016721319387520306
RP11-405F3.4,1.8503832,4.871094,0.06425834331342707,0.18478315834199013,NK,NK,0.023748939779474128,0.0009177920545430708,0.022831147724931056
RP5-956O18.2,1.8211142,1.4380567,0.06858950357908201,0.19653152887989117,NK,NK,0.04071246819338423,0.018552510816834927,0.0221599573765493
AC009495.2,1.8158886,2.0176167,0.06938744844337597,0.1985334719409899,NK,NK,0.030958439355385916,0.008620689655172414,0.022337749700213502
EPAS1,1.8112737,2.381471,0.07009848966394867,0.20013844300913256,NK,NK,0.030534351145038163,0.00832568506621214,0.022208666078826024
HVCN1,1.8075374,0.45489204,0.0706785311474974,0.2016505881526317,NK,NK,0.10983884648006786,0.08932083387963814,0.020518012600429722
CP,1.8062724,0.84136784,0.07087579909643768,0.2020692775379549,NK,NK,0.060220525869380814,0.03864560115379573,0.021574924715585087
UPP1,1.8039362,0.24000901,0.07124130799281372,0.2028222291610355,NK,NK,0.24512298558100082,0.24288711157729123,0.002235874003709587
PDE4A,1.8005614,0.6953041,0.07177203113645829,0.20404273244195675,NK,NK,0.08184902459711621,0.06142651107906123,0.020422513518054977
IFIT2,1.7817231,0.49118108,0.07479439306311862,0.21173218135348512,NK,NK,0.11747243426632736,0.0998426642192212,0.01762977004710617
PPP2R3A,1.7761912,0.5043638,0.07570139789136354,0.21399688449855417,NK,NK,0.11407972858354537,0.09613871771338665,0.017941010870158716
PSTPIP2,1.7647986,0.57995623,0.07759761799513756,0.21889313961957,NK,NK,0.09881255301102632,0.08001180018355841,0.018800752827467904
FAM179A,1.7549964,1.2894963,0.07925991120619755,0.2229533367262941,NK,NK,0.03944020356234095,0.01792972335125213,0.021510480211088822
H2AFX,1.7459288,0.8117668,0.08082333159517885,0.2260792492172835,NK,NK,0.06912637828668361,0.04906909663039204,0.020057281656291573
SESTD1,1.745218,0.5406591,0.08094693142952863,0.22626675451999617,NK,NK,0.11535199321458861,0.09862986757571786,0.016722125638870752
LINC00152,1.7109432,0.28938565,0.08709160559001389,0.2420892441696008,NK,NK,0.2022900763358779,0.19168742624885277,0.010602650087025128
AGAP1,1.7104002,0.6164512,0.08719188915415892,0.2421996920948859,NK,NK,0.07294317217981339,0.0524780385472663,0.020465133632547088
RP11-403A21.3,1.6943611,0.36272156,0.09019669087263416,0.25019886511132916,NK,NK,0.1475826972010178,0.132653730169136,0.01492896703188179
SCD5,1.6924744,1.903736,0.09055557281103788,0.2510202988524958,NK,NK,0.030110262934690414,0.009309033696079716,0.020801229238610698
ZMAT4,1.6895006,4.42833,0.09112354481187136,0.25241979172263534,NK,NK,0.02205258693808312,0.0012127966435033434,0.020839790294579778
CTD-2047H16.4,1.6841613,0.46733072,0.09215049818330678,0.2549114749192442,NK,NK,0.11959287531806614,0.10334994099908222,0.016242934318983923
LAG3,1.6818048,0.8579074,0.09260669153718298,0.25581958988172093,NK,NK,0.05258693808312129,0.03212272190900747,0.020464216174113814
SMCR5,1.6811098,1.095009,0.09274158377014041,0.25601541413427303,NK,NK,0.045377438507209496,0.025009833486298677,0.02036760502091082
KHDC1,1.6788874,0.6996928,0.09317399182559008,0.2570317015878347,NK,NK,0.06912637828668361,0.04956077094532582,0.019565607341357788
CHSY3,1.6720343,3.7474818,0.09451757216264563,0.26019978571960256,NK,NK,0.022900763358778626,0.0022944801363576754,0.02060628322242095
FAM228B,1.6581229,0.3644391,0.09729266317354669,0.2672875361910623,NK,NK,0.1653944020356234,0.1543857348892094,0.011008667146413992
SPRYD7,1.6515423,0.9331724,0.09862788488285411,0.2703985877528557,NK,NK,0.05682782018659881,0.03736724793496787,0.019460572251630934
SLC2A8,1.6253867,1.8597198,0.10408017351875609,0.28417794817407804,NK,NK,0.030534351145038163,0.010620165202569818,0.019914185942468347
RP11-428G5.5,1.618502,1.3191656,0.1055544420078976,0.28800666305019806,NK,NK,0.0390161153519932,0.019404746296053495,0.019611369055939708
TWSG1,1.6062026,0.5842388,0.10822939261720059,0.29510400168289186,NK,NK,0.08948261238337574,0.0719483414186443,0.017534270964731438
INSRR,1.6047417,4.1036863,0.1085506669571823,0.2955770373238456,NK,NK,0.021204410517387615,0.0014094663694768585,0.01979494414791076
PLEKHG6,1.5938672,1.3736407,0.11096578748076606,0.3017424540605467,NK,NK,0.03562340966921118,0.016159695817490494,0.019463713851720688
LINC01146,1.5895079,1.706651,0.11194576818080816,0.3037877019831972,NK,NK,0.030534351145038163,0.011046282942179101,0.01948806820285906
CTD-2616J11.14,1.5729765,3.4516335,0.11572425498787892,0.3134035341581013,NK,NK,0.021628498727735368,0.0022289235610331707,0.019399575166702196
KLHL25,1.5701897,0.82416755,0.11637097390193397,0.3149417426304032,NK,NK,0.055131467345207796,0.03635112101743805,0.018780346327769745
FRMD6,1.5563866,1.3079987,0.11961620141042012,0.3221985223176299,NK,NK,0.037743850720949955,0.018880293693457454,0.0188635570274925
ARSJ,1.5550765,3.3655508,0.11992784632641026,0.3228205823052766,NK,NK,0.021628498727735368,0.0024583715746689387,0.01917012715306643
PTPRB,1.5374694,3.2117057,0.12417840558524557,0.33314126246880094,NK,NK,0.02205258693808312,0.0031139373279139887,0.018938649610169132
ANXA1,1.5357561,0.15111065,0.12459821070261423,0.3340434603287245,NK,NK,0.30746395250212044,0.28992395437262364,0.017539998129496803
ENTPD1-AS1,1.526177,0.347707,0.12696579227304913,0.3401628728012033,NK,NK,0.17302798982188297,0.16553035269437524,0.007497637127507728
WIPF3,1.5123457,3.2198367,0.13044595811461354,0.34855299429422454,NK,NK,0.021204410517387615,0.0025567064376556957,0.01864770407973192
HLCS,1.5040686,0.33668944,0.13256368629565343,0.35373898944804116,NK,NK,0.15606446140797287,0.14455224859053364,0.011512212817439221
MAST2,1.497398,0.63709146,0.13428973151223583,0.35726885531527885,NK,NK,0.08312128922815945,0.06703159826930642,0.01608969095885303
GARNL3,1.4933913,1.3740355,0.13533478937078913,0.3594549518480455,NK,NK,0.034351145038167934,0.016159695817490494,0.01819144922067744
PKD2,1.4916949,0.53299075,0.13577914561896248,0.3603958742374585,NK,NK,0.0954198473282443,0.08001180018355841,0.015408047144685882
AP000476.1,1.4893992,0.6481608,0.13638226532003603,0.36175667193643507,NK,NK,0.06827820186598813,0.051232463616100704,0.01704573824988742
FRMPD3,1.478652,1.1806273,0.13923333578994318,0.3685859319389628,NK,NK,0.03477523324851568,0.01658581355709978,0.018189419691415902
AFAP1,1.4623561,0.4856014,0.1436436611571705,0.37925719117404755,NK,NK,0.09881255301102632,0.0836829684017307,0.015129584609295615
AP000695.6,1.4429963,2.9200487,0.1490215351636234,0.3913894554527207,NK,NK,0.021628498727735368,0.0038678379441457974,0.01776066078358957
CTD-3195I5.5,1.4382788,1.9955556,0.1503549758707176,0.3943737072018823,NK,NK,0.02544529262086514,0.007768454175953848,0.01767683844491129
PCTP,1.422056,1.5320129,0.15500999341108979,0.40578532306568005,NK,NK,0.03180661577608142,0.014488003146715618,0.0173186126293658
BRE,1.4187105,0.12899977,0.15598342728571615,0.4080665200411149,NK,NK,0.32739609838846484,0.343844237577029,-0.016448139188564137
AP000695.4,1.4020327,3.493288,0.16090548377529323,0.4195710137556538,NK,NK,0.019508057675996608,0.0022289235610331707,0.017279134114963436
AK9,1.3979449,0.34959564,0.16212961327531827,0.4224875915969206,NK,NK,0.140373197625106,0.1289825619509637,0.011390635674142308
ZNRF1,1.3951255,0.29013544,0.16297800871539136,0.42442189769633165,NK,NK,0.1950805767599661,0.19224465713911107,0.0028359196208550264
PIK3R3,1.3936634,1.0408797,0.16341928385937987,0.4250176433273859,NK,NK,0.04071246819338423,0.02386259341811984,0.016849874775264388
MT2A,1.3906108,0.10118866,0.16434349262222325,0.42714358056458285,NK,NK,0.34266327396098395,0.346695948603645,-0.004032674642661049
RP4-655J12.4,1.38982,1.5001303,0.16458354101134431,0.42721230632406054,NK,NK,0.02968617472434266,0.012685197325291728,0.01700097739905093
ZCCHC24,1.3892906,1.4557256,0.16474440468248563,0.42735254132940503,NK,NK,0.030534351145038163,0.013537432804510294,0.01699691834052787
CTNNAL1,1.368596,0.6991198,0.1711256169961255,0.4423061440827682,NK,NK,0.06700593723494484,0.051658581355709984,0.015347355879234859
NTRK1,1.36742,2.278415,0.1714937147218163,0.4427538656935701,NK,NK,0.02205258693808312,0.00521174773829815,0.01684083919978497
JAZF1-AS1,1.3671856,2.1319845,0.17156712295625842,0.4427538656935701,NK,NK,0.02417302798982188,0.0074078930116690716,0.01676513497815281
EPB41L5,1.3649328,0.39068615,0.17227417214848295,0.4441087252293992,NK,NK,0.12213740458015265,0.110069489969844,0.01206791461030865
RP11-973H7.1,1.3497846,1.6076666,0.1770850693527246,0.45611093200959335,NK,NK,0.026293469041560644,0.009702373148026747,0.016591095893533896
ITGAM,1.3364005,1.5412983,0.18141840813981291,0.4654737861188272,NK,NK,0.028413910093299403,0.01206240985970893,0.01635150023359047
STYK1,1.3224329,1.8140243,0.18602406309901498,0.47606925937047984,NK,NK,0.02332485156912638,0.00701455355972204,0.01631029800940434
OGFRL1,1.3087254,0.26517865,0.1906273922373688,0.48660470258422156,NK,NK,0.16963528413910095,0.16051527468205062,0.009120009457050327
ATP10D,1.302049,0.48199108,0.1928996139781468,0.49052667254455645,NK,NK,0.09202714164546227,0.07840566408810803,0.013621477557354239
RALGPS1,1.278259,0.43810174,0.2011581218063545,0.5102298587352049,NK,NK,0.11280746395250213,0.10184213976661861,0.010965324185883515
NEO1,1.275907,0.40259665,0.2019883894350356,0.512011126578037,NK,NK,0.09881255301102632,0.08528910449718108,0.013523448513845238
SLAMF6,1.2682046,0.26879084,0.20472491854897124,0.5173087013239955,NK,NK,0.16115351993214588,0.15209125475285173,0.009062265179294149
SLC18A2,1.2640502,0.92608124,0.20621197991279483,0.5204087821143087,NK,NK,0.0390161153519932,0.02373148026747083,0.015284635084522373
YPEL4,1.2566835,1.4985032,0.20886827589700874,0.5264480803957372,NK,NK,0.026293469041560644,0.010882391503867838,0.015411077537692806
AHCYL2,1.2451748,0.25232497,0.21306750418540432,0.5353454879030259,NK,NK,0.2065309584393554,0.20679821686115119,-0.0002672584217957852
TNIK,1.2419723,0.022224782,0.2142467545280422,0.537295936120482,NK,NK,0.48091603053435106,0.501933918972073,-0.0210178884377219
RP11-308N19.1,1.2413168,1.9209672,0.214488742087805,0.5375657696436215,NK,NK,0.022900763358778626,0.007670119312967091,0.015230644045811535
CLIC5,1.2403312,0.45541635,0.21485292575705017,0.5381413293852227,NK,NK,0.08015267175572519,0.06624491936541237,0.01390775239031282
IFNG,1.239715,1.8481852,0.21508081885912178,0.5382906749936326,NK,NK,0.021204410517387615,0.005900091779205454,0.015304318738182162
LAIR2,1.2290614,2.9410183,0.21904882148820082,0.5472800037181782,NK,NK,0.017811704834605598,0.0026550413006424544,0.015156663533963144
CTC-329D1.2,1.2217362,0.3953455,0.22180741291449035,0.553009853070395,NK,NK,0.10474978795589482,0.09286088894716142,0.011888899008733397
RP11-204N11.1,1.2186441,1.8392901,0.2229792887736367,0.5546748476956137,NK,NK,0.021628498727735368,0.0066212141077750105,0.015007284619960357
C11orf49,1.2108774,0.1147087,0.2259423778065941,0.5599563266582257,NK,NK,0.31128074639525016,0.33106070538875054,-0.01977995899350038
PTPN9,1.2043092,0.37794784,0.22847006562311067,0.5643643430032766,NK,NK,0.13231552162849872,0.12422971023993709,0.008085811388561626
SAP30L-AS1,1.1987425,0.35016564,0.2306280938922579,0.5687499232854696,NK,NK,0.11789652247667512,0.10698833092959226,0.010908191547082863
RP11-474B16.1,1.1882161,2.1721287,0.2347483013697934,0.5767865525716291,NK,NK,0.019083969465648856,0.004425068834404089,0.014658900631244767
ZNF80,1.1860995,1.6610011,0.23558300755045003,0.5774093322314952,NK,NK,0.022900763358778626,0.00832568506621214,0.014575078292566487
SOX13,1.1704141,1.1481098,0.24183438450698302,0.5903469187191731,NK,NK,0.02926208651399491,0.0149141208863249,0.014347965627670009
KIAA1958,1.1702642,0.35439563,0.24189464994518117,0.5903469187191731,NK,NK,0.12128922815945714,0.11124950832568509,0.010039719833772054
PRKCI,1.1484995,0.27542546,0.25076243004139465,0.6093862212427574,NK,NK,0.16793893129770993,0.16202307591451426,0.005915855383195667
SORBS1,1.1433405,0.8674796,0.25289726547753166,0.6127129387705189,NK,NK,0.038167938931297704,0.024354267733053627,0.013813671198244077
RP11-563P16.1,1.1368477,2.7358308,0.2556019395857754,0.6185164902257118,NK,NK,0.016963528413910092,0.002950045889602727,0.014013482524307366
TESC,1.1360694,0.8779573,0.25592752580041733,0.6189299293843225,NK,NK,0.03689567430025443,0.023108692801888032,0.013786981498366397
GRIK4,1.1321528,1.9384135,0.2575701951054177,0.6213997469370752,NK,NK,0.020780322307039863,0.006883440409073031,0.013896881897966833
ISPD,1.1302919,0.86446416,0.2583532215370651,0.6222707782532042,NK,NK,0.03647158608990668,0.022748131637603253,0.013723454452303427
DISP1,1.1264036,0.5222053,0.2599947472486458,0.6251958976209566,NK,NK,0.07379134860050889,0.06162318080503475,0.012168167795474139
CRIM1,1.1215307,0.6107074,0.2620620589728778,0.6295785200549617,NK,NK,0.07209499575911789,0.060475940736855915,0.011619055022261973
AC004593.3,1.1161577,2.3614619,0.26435468301742426,0.6343243743669448,NK,NK,0.017811704834605598,0.004064507670119313,0.013747197164486285
KIR2DL3,1.1153071,2.712803,0.264718825380439,0.6348173270514125,NK,NK,0.016539440203562343,0.0027861544512914637,0.01375328575227088
RP11-434I12.2,1.1102766,1.7140055,0.26687988154417597,0.6396162529518896,NK,NK,0.020780322307039863,0.007112888422708799,0.013667433884331063
LINC00422,1.1090713,1.3324383,0.2673994415767913,0.6404777043755481,NK,NK,0.02417302798982188,0.01052183033958306,0.01365119765023882
CTB-91J4.1,1.0973531,0.46495178,0.27248707830293706,0.6500309435615228,NK,NK,0.05725190839694656,0.04379179231676937,0.013460116080177192
FNIP2,1.0972652,0.15836832,0.27252547308816844,0.6500309435615228,NK,NK,0.1547921967769296,0.14114330667365935,0.01364889010327025
EHD1,1.0867951,0.18496574,0.277127372196022,0.6598270766571953,NK,NK,0.22391857506361323,0.22993968795070152,-0.006021112887088287
XYLB,1.0799195,1.0087252,0.28017806789400523,0.6659015279714919,NK,NK,0.033502968617472415,0.02048642978890783,0.013016538828564586
RNF217,1.0761188,2.4203327,0.2818741025208047,0.6691373353609607,NK,NK,0.01823579304495335,0.005015078012324636,0.013220715032628713
GLUL,1.0670894,0.4494271,0.28593144752390587,0.6783664235442607,NK,NK,0.09754028837998303,0.08807525894847254,0.009465029431510494
CDHR3,1.0662706,0.2377875,0.28630136497706904,0.678818096389001,NK,NK,0.14461407972858353,0.13543988462042744,0.009174195108156091
NUGGC,1.0421561,1.1244797,0.29733933387374833,0.7016857436548632,NK,NK,0.026717557251908396,0.013963550544119577,0.012754006707788819
PLK2,1.0370151,1.7849528,0.2997288406109603,0.7052937394896295,NK,NK,0.019508057675996608,0.00675232725842402,0.012755730417572587
MIR181A1HG,1.036328,0.2889696,0.3000491769692589,0.7055830146249474,NK,NK,0.14970313825275658,0.14461780516585815,0.00508533308689843
QPRT,1.0308558,1.40017,0.3026084605200332,0.7099318721877611,NK,NK,0.022900763358778626,0.01025960403828504,0.012641159320493586
GUCY1A3,1.0287899,3.2047489,0.3035784096469567,0.7114498786152168,NK,NK,0.014843087362171332,0.002163366985708666,0.012679720376462667
EPDR1,1.0263884,1.7214038,0.30470855617909665,0.7127685524657231,NK,NK,0.019508057675996608,0.006883440409073031,0.012624617266923578
DNM3,1.025681,0.5007945,0.3050419828919495,0.7131314620501449,NK,NK,0.06870229007633587,0.057558673134915445,0.011143616941420423
AP000462.2,1.0111918,1.1770576,0.3119246446775109,0.7268004404988617,NK,NK,0.025021204410517386,0.012619640749967223,0.012401563660550162
ITGB2,1.0042902,0.37593824,0.3152387603196457,0.7318369363195489,NK,NK,0.11111111111111112,0.10325160613609546,0.007859504975015655
TNFSF4,0.9907686,1.8200006,0.3217985854356086,0.7434319801835991,NK,NK,0.017811704834605598,0.0056050871902451815,0.012206617644360415
RMRP,0.975554,0.4967683,0.3292855330095241,0.7578493279850957,NK,NK,0.06530958439355385,0.05464140553297497,0.01066817886057888
RP11-382A20.4,0.9716419,1.154503,0.33122871872827087,0.7618831943145965,NK,NK,0.02417302798982188,0.012259079585682444,0.011913948404139436
TMEM244,0.9662216,1.5758294,0.333933320976846,0.7672218747314096,NK,NK,0.018659881255301103,0.00675232725842402,0.011907553996877082
RP11-145M4.3,0.9618454,2.48335,0.33612726125294234,0.7711612505288143,NK,NK,0.014843087362171332,0.0029828241772649794,0.011860263184906353
FSIP1,0.9616483,1.098371,0.33622630523056307,0.7711612505288143,NK,NK,0.025021204410517386,0.013242428215550021,0.011778776194967365
MVB12B,0.95063525,0.14295194,0.3417895705043127,0.7812333040098576,NK,NK,0.22943172179813398,0.2271863117870723,0.0022454100110616826
TNFSF10,0.94319296,0.24640103,0.3455822122049499,0.7888711651940453,NK,NK,0.15224766751484306,0.14701062016520255,0.005237047349640506
PALLD,0.93544316,0.5757607,0.34955995946679586,0.7940033150864187,NK,NK,0.04834605597964377,0.03730169135964337,0.0110443646200004
MED12L,0.9335012,0.5980382,0.3505612448083849,0.7953743501041065,NK,NK,0.04071246819338423,0.029434902320702772,0.011277565872681455
GPD2,0.9222595,0.34536284,0.35639323247451693,0.8058637252108919,NK,NK,0.12298558100084817,0.11731349154320181,0.0056720894576463565
RP11-325F22.2,0.9196631,0.50149846,0.3577488434770565,0.8075594660881636,NK,NK,0.07251908396946563,0.06309820374983612,0.009420880219629515
NCEH1,0.9157037,0.7792497,0.3598223154960245,0.8113242739481951,NK,NK,0.03859202714164545,0.02773043136226564,0.010861595779379812
BAZ2B,0.9104118,0.16270417,0.362605389207571,0.8157601556975725,NK,NK,0.23664122137404575,0.24232988068703293,-0.0056886593129871765
SLC13A3,0.90389764,0.6936895,0.366049665892097,0.8216603050327653,NK,NK,0.03859202714164545,0.027795987937590146,0.010796039204055308
GOLGA8Q,0.89854264,2.8453488,0.3688963184362505,0.8275856835361761,NK,NK,0.013146734520780325,0.0020650321227219082,0.011081702398058417
ST7-AS2,0.8968215,0.6662487,0.3698141876435267,0.8282512601198806,NK,NK,0.045377438507209496,0.035039989510947944,0.010337448996261552
LGALS1,0.8940606,0.16194098,0.3712894638237836,0.8303703363481185,NK,NK,0.1670907548770144,0.1590730300249115,0.00801772485210292
RP3-510L9.1,0.8937441,0.642798,0.3714588329423696,0.8303703363481185,NK,NK,0.037743850720949955,0.02697653074603383,0.010767319974916124
RGS12,0.89325297,0.83407813,0.37172172116593394,0.8303703363481185,NK,NK,0.03519932145886343,0.024550937459027145,0.010648383999836288
CD69,0.8916523,0.12361092,0.3725793202744112,0.8307231221280071,NK,NK,0.2726887192536047,0.2819916087583585,-0.009302889504753775
GLT1D1,0.88758594,1.6679087,0.37476352772570687,0.8337342107357216,NK,NK,0.02035623409669211,0.009538481709715484,0.010817752386976626
RP11-384C4.7,0.8857014,0.30753124,0.37577844427451923,0.8355273913830333,NK,NK,0.11323155216284987,0.10656221318998298,0.006669338972866895
MMP23B,0.87565035,2.3885298,0.3812201511095562,0.8466855105153942,NK,NK,0.013994910941475827,0.0032122721909007474,0.01078263875057508
ZBTB20-AS1,0.86272126,0.85308796,0.38829074860058954,0.8585754529587386,NK,NK,0.027565733672603898,0.017044709584371313,0.010521024088232585
FRY,0.8578224,0.45694765,0.39099052338901896,0.8640674550033568,NK,NK,0.06827820186598813,0.05923036580569033,0.009047836060297798
PTMS,0.8484472,0.5761664,0.39618896434289974,0.8717028918435638,NK,NK,0.06191687871077183,0.05293693457453784,0.008979944136233993
BARD1,0.8349662,0.33646995,0.40373676067851416,0.8844178766232511,NK,NK,0.09372349448685327,0.08594467025042613,0.007778824236427145
SLC1A4,0.8251392,0.36172837,0.40929254360370537,0.894628510609192,NK,NK,0.10899067005937235,0.10312049298544645,0.005870177073925897
RDM1,0.824353,2.1027918,0.4097390137402859,0.8951152675921046,NK,NK,0.013570822731128074,0.003408941916874263,0.010161880814253812
RASSF8,0.82260364,1.34366,0.4107334161898436,0.89679785194289,NK,NK,0.02586938083121289,0.016028582666841484,0.009840798164371407
PDZD4,0.82143104,2.0840955,0.4114007812967271,0.8977649346355201,NK,NK,0.013570822731128074,0.0034417202045365154,0.01012910252659156
NEGR1,0.81779945,1.5923016,0.4134717046224303,0.901792158391342,NK,NK,0.016963528413910092,0.006916218696735283,0.01004730971717481
NHSL2,0.8169952,0.8549027,0.4139311730625974,0.902302284605117,NK,NK,0.026293469041560644,0.016323587255801755,0.009969881785758888
DPF3,0.81375784,1.7007343,0.4157836834818356,0.9053536929381287,NK,NK,0.016539440203562343,0.006555657532450506,0.009983782671111836
NSMCE2,0.8133501,-0.005229683,0.41601736652422505,0.9053696768753537,NK,NK,0.4071246819338423,0.44988199816441593,-0.042757316230573605
FGL2,0.80724937,1.323395,0.41952282274402886,0.9110159017242754,NK,NK,0.018659881255301103,0.008751802805821423,0.00990807844947968
MAF,0.80580866,0.20010611,0.42035317144483453,0.9114770373401886,NK,NK,0.12680237489397791,0.11908351907696345,0.007718855817014467
AC018462.2,0.80180424,0.4765426,0.42266620273727173,0.9148619106867353,NK,NK,0.05258693808312129,0.043431231152484595,0.009155706930636692
HSPA2,0.79581165,1.3466624,0.4261415075316852,0.9208892653304921,NK,NK,0.018659881255301103,0.008915694244132686,0.009744187011168417
SCT,0.7929134,3.932104,0.4278282902427968,0.923536514285584,NK,NK,0.01060220525869381,0.0008194571915563131,0.009782748067137496
STAM,0.7850352,0.111817926,0.432432946205754,0.9294636135534745,NK,NK,0.28032230703986427,0.2939884620427429,-0.013666155002878655
LIM2,0.7824027,4.4971304,0.433977935143809,0.9317830062132239,NK,NK,0.010178117048346057,0.0005244526025960404,0.009653664445750016
DIRC2,0.7801994,0.21977761,0.43527349420001804,0.9340632922747167,NK,NK,0.17133163698049195,0.17080765700799794,0.0005239799724940097
RP11-446N19.1,0.77245414,0.79493344,0.4398454951408187,0.9428627977295149,NK,NK,0.02968617472434266,0.02038809492592107,0.00929807979842159
DOCK4,69.17104,8.32634,0.0,0.0,Mono,Mono,0.9897025171624714,0.048942734108875875,0.9407597830535955
KYNU,68.90163,8.132311,0.0,0.0,Mono,Mono,0.9885583524027459,0.04373674400668422,0.9448216083960617
SOD2,67.91146,4.786084,0.0,0.0,Mono,Mono,0.9965675057208238,0.47969021145317803,0.5168772942676457
IL8,67.81676,4.5537596,0.0,0.0,Mono,Mono,0.9977116704805491,0.6083617199048781,0.389349950575671
ATP13A3,67.71964,5.33813,0.0,0.0,Mono,Mono,0.9908466819221967,0.25975319750626635,0.7310934844159304
SLC7A11,67.27805,8.010783,0.0,0.0,Mono,Mono,0.9702517162471396,0.034031750112475084,0.9362199661346645
RP11-519G16.3,67.21996,8.703966,0.0,0.0,Mono,Mono,0.9628146453089245,0.020631145960537303,0.9421834993483872
CYP1B1,67.141174,8.214567,0.0,0.0,Mono,Mono,0.9622425629290617,0.03820939649077702,0.9240331664382847
NAMPT,67.047035,5.74229,0.0,0.0,Mono,Mono,0.9874141876430205,0.21126036377659227,0.7761538238664282
IER3,66.39102,7.2576547,0.0,0.0,Mono,Mono,0.9605263157894737,0.08490262870364415,0.8756236870858295
PLAUR,66.24965,8.289252,0.0,0.0,Mono,Mono,0.9513729977116704,0.028086637958737698,0.9232863597529327
C15orf48,65.94573,7.1148,0.0,0.0,Mono,Mono,0.9559496567505721,0.082396040876663,0.8735536158739091
ANXA5,65.83593,5.9200215,0.0,0.0,Mono,Mono,0.9691075514874141,0.15119866315315889,0.8179088883342552
ANPEP,65.379074,8.696145,0.0,0.0,Mono,Mono,0.9376430205949655,0.01134391670415836,0.9262991038908072
EREG,65.304665,7.794501,0.0,0.0,Mono,Mono,0.9427917620137298,0.04621119609229383,0.896580565921436
LYN,65.0493,5.819652,0.0,0.0,Mono,Mono,0.9816933638443935,0.17028729352786162,0.8114060703165319
IL1B,64.866104,6.1895714,0.0,0.0,Mono,Mono,0.9622425629290617,0.2170769329648434,0.7451656299642183
RAB31,64.77206,6.8400292,0.0,0.0,Mono,Mono,0.9530892448512585,0.054598624590269276,0.8984906202609891
ITGB8,64.06271,8.537868,0.0,0.0,Mono,Mono,0.9187643020594964,0.023491226942605557,0.8952730751168909
SERPINB2,63.932114,6.680849,0.0,0.0,Mono,Mono,0.9342105263157894,0.15839706922038688,0.7758134570954025
FNIP2,63.629864,6.138956,0.0,0.0,Mono,Mono,0.9490846681922196,0.09679285301111894,0.8522918151811006
PID1,63.617577,8.609553,0.0,0.0,Mono,Mono,0.9107551487414187,0.029661289285943814,0.8810938594554749
MMP14,63.41009,8.869031,0.0,0.0,Mono,Mono,0.9073226544622426,0.009287229256378942,0.8980354252058637
CCL3,63.364674,6.006169,0.0,0.0,Mono,Mono,0.9536613272311212,0.19393919917732497,0.7597221280537962
MGLL,63.232674,8.1996565,0.0,0.0,Mono,Mono,0.9096109839816933,0.01629282087537759,0.8933181631063156
CSTB,63.204098,4.7281404,0.0,0.0,Mono,Mono,0.9593821510297482,0.34603766308888734,0.6133444879408609
BCAT1,63.140217,7.8246584,0.0,0.0,Mono,Mono,0.9107551487414187,0.024198213252779734,0.886556935488639
FCER1G,63.00526,7.328703,0.0,0.0,Mono,Mono,0.9153318077803203,0.04447586605822995,0.8708559417220904
CTSL,62.991783,6.396834,0.0,0.0,Mono,Mono,0.9359267734553774,0.09203676328812901,0.8438900101672484
MARCKS,62.928738,6.9435854,0.0,0.0,Mono,Mono,0.9170480549199084,0.0659746770357992,0.8510733778841092
THBS1,62.882553,7.468809,0.0,0.0,Mono,Mono,0.910183066361556,0.056623176296677145,0.8535598900648789
FNDC3B,62.627796,4.7220683,0.0,0.0,Mono,Mono,0.9851258581235698,0.27938813548428554,0.7057377226392842
IRAK3,62.577423,8.0866375,0.0,0.0,Mono,Mono,0.9004576659038901,0.01658204254772157,0.8838756233561685
PILRA,62.36973,6.921673,0.0,0.0,Mono,Mono,0.9124713958810068,0.037277459991001974,0.8751939358900048
RBM47,62.230804,7.327756,0.0,0.0,Mono,Mono,0.9044622425629291,0.039173468731923636,0.8652887738310054
NRP2,61.920815,8.328618,0.0,0.0,Mono,Mono,0.8895881006864989,0.01134391670415836,0.8782441839823405
CXCL3,61.611267,6.8644047,0.0,0.0,Mono,Mono,0.9038901601830663,0.08593097242753386,0.8179591877555324
MET,61.266953,8.819166,0.0,0.0,Mono,Mono,0.8770022883295193,0.010604794652612631,0.8663974936769067
TNFRSF1B,61.1383,5.010084,0.0,0.0,Mono,Mono,0.9605263157894737,0.1884439874027893,0.7720823283866843
NRP1,60.86183,8.451781,0.0,0.0,Mono,Mono,0.8735697940503431,0.012918568031364479,0.8606512260189786
ACSL1,60.839684,5.578287,0.0,0.0,Mono,Mono,0.9307780320366132,0.10421620926794778,0.8265618227686655
ANXA2,60.35531,5.279302,0.0,0.0,Mono,Mono,0.9382151029748282,0.12156950960858662,0.8166455933662417
AMPD3,60.286842,5.7185698,0.0,0.0,Mono,Mono,0.9170480549199084,0.07487627739571948,0.8421717775241889
NUMB,59.90239,4.784615,0.0,0.0,Mono,Mono,0.9628146453089245,0.1928144482293206,0.7700001970796039
LGALS3,59.878166,5.4436436,0.0,0.0,Mono,Mono,0.9279176201372997,0.13686612250144606,0.7910514976358537
SH3BP5,59.77689,5.027094,0.0,0.0,Mono,Mono,0.9416475972540045,0.14480365062021977,0.7968439466337847
BASP1,59.553032,5.7177544,0.0,0.0,Mono,Mono,0.9216247139588101,0.09296869978790406,0.8286560141709061
ST3GAL1,59.520058,4.294824,0.0,0.0,Mono,Mono,0.9708237986270023,0.2756925252265569,0.6951312734004453
EPB41L3,59.491745,7.9176226,0.0,0.0,Mono,Mono,0.8569794050343249,0.013432739893309334,0.8435466651410156
RNF130,59.217346,4.7097073,0.0,0.0,Mono,Mono,0.9628146453089245,0.20457612957130913,0.7582385157376154
SLC25A37,59.105507,5.9862194,0.0,0.0,Mono,Mono,0.8827231121281465,0.07391220515457289,0.8088109069735736
ABCA1,59.032707,5.240874,0.0,0.0,Mono,Mono,0.9244851258581235,0.12105533774664176,0.8034297881114817
CTSB,58.880585,5.428064,0.0,0.0,Mono,Mono,0.9050343249427917,0.11610643357542252,0.7889278913673692
PKM,58.752872,4.098881,0.0,0.0,Mono,Mono,0.9633867276887872,0.3084709814255414,0.6549157462632458
PLD1,58.699867,7.196764,0.0,0.0,Mono,Mono,0.854691075514874,0.0238768558390642,0.8308142196758098
RP11-444D3.1,58.417244,7.9318,0.0,0.0,Mono,Mono,0.841533180778032,0.015907191978918947,0.825625988799113
AQP9,58.196987,8.799077,0.0,0.0,Mono,Mono,0.8323798627002288,0.006780641429397774,0.825599221270831
CXCL2,57.98065,6.736812,0.0,0.0,Mono,Mono,0.854691075514874,0.055080660710842576,0.7996104148040314
ALCAM,57.82051,6.1334453,0.0,0.0,Mono,Mono,0.8684210526315789,0.06478565460505172,0.8036353980265272
TRIO,57.768845,5.1249695,0.0,0.0,Mono,Mono,0.9221967963386727,0.10604794652612633,0.8161488498125463
JARID2,57.7194,3.769971,0.0,0.0,Mono,Mono,0.9845537757437071,0.4168648370717911,0.5676889386719159
GK,57.541122,5.790189,0.0,0.0,Mono,Mono,0.871853546910755,0.06118645157143773,0.8106670953393172
INHBA,57.44983,8.116774,0.0,0.0,Mono,Mono,0.8260869565217391,0.013239925445080014,0.8128470310766591
ASAP1,57.242237,3.8960924,0.0,0.0,Mono,Mono,0.9685354691075514,0.3647085288257599,0.6038269402817915
HCK,57.232357,7.4290185,0.0,0.0,Mono,Mono,0.8278032036613272,0.017353300340638853,0.8104499033206883
FOSL2,56.75025,5.100441,0.0,0.0,Mono,Mono,0.8993135011441648,0.08638087280673562,0.8129326283374292
EBF1,56.554863,5.8904138,0.0,0.0,Mono,Mono,0.8627002288329518,0.08969085416800562,0.7730093746649462
CD63,56.506317,4.4438467,0.0,0.0,Mono,Mono,0.9221967963386727,0.24789510894016314,0.6743016873985095
IRAK2,56.250805,4.867576,0.0,0.0,Mono,Mono,0.8998855835240274,0.11948068641943566,0.7804048971045917
C3,55.83525,8.234868,0.0,0.0,Mono,Mono,0.8009153318077802,0.009576450928722922,0.7913388808790572
IL1RN,55.777985,8.093245,0.0,0.0,Mono,Mono,0.8014874141876429,0.013850504531139528,0.7876369096565033
S100A11,55.61425,3.993433,0.0,0.0,Mono,Mono,0.9221967963386727,0.34809435053666676,0.5741024458020059
RNF144B,55.60227,6.3818674,0.0,0.0,Mono,Mono,0.8203661327231122,0.03750241018060285,0.7828637225425094
TXN,55.55538,3.4678438,0.0,0.0,Mono,Mono,0.9565217391304348,0.5153287486342308,0.441192990496204
CD68,55.366764,7.546616,0.0,0.0,Mono,Mono,0.7986270022883294,0.014171861944855063,0.7844551403434743
CXCL5,55.19073,5.7280583,0.0,0.0,Mono,Mono,0.8455377574370708,0.16784497718362357,0.6776927802534473
HK2,55.07826,6.4211473,0.0,0.0,Mono,Mono,0.8094965675057209,0.026994022752104878,0.782502544753616
CSF2RA,55.078102,7.7241025,0.0,0.0,Mono,Mono,0.7934782608695652,0.009769265376952243,0.783708995492613
NEDD4L,54.915897,6.831245,0.0,0.0,Mono,Mono,0.8026315789473684,0.039173468731923636,0.7634581102154447
FOXO3,54.813217,3.9308105,0.0,0.0,Mono,Mono,0.9702517162471396,0.3047753711678127,0.6654763450793268
MAP3K8,54.79234,4.451035,0.0,0.0,Mono,Mono,0.9181922196796338,0.20823960408766623,0.7099526155919675
NCF2,54.54756,6.0712314,0.0,0.0,Mono,Mono,0.8112128146453088,0.03615270904299761,0.7750601056023112
MTSS1,54.48162,4.6323533,0.0,0.0,Mono,Mono,0.9199084668192219,0.15752940420335493,0.762379062615867
SPI1,54.304592,6.4628825,0.0,0.0,Mono,Mono,0.7951945080091533,0.027090429976219542,0.7681040780329337
PTPN12,54.23898,4.3249393,0.0,0.0,Mono,Mono,0.9485125858123569,0.1854874991966064,0.7630250866157504
CORO1C,53.848965,5.6176353,0.0,0.0,Mono,Mono,0.812929061784897,0.04633973905778004,0.766589322727117
RFX8,53.81883,8.426303,0.0,0.0,Mono,Mono,0.7705949656750571,0.007294813291342629,0.7633001523837145
EMILIN2,53.71924,6.0073,0.0,0.0,Mono,Mono,0.797482837528604,0.03435310752619061,0.7631297300024135
RIPK2,53.699574,5.013815,0.0,0.0,Mono,Mono,0.8403890160183066,0.08278166977312162,0.757607346245185
CXCL1,53.546463,6.2011247,0.0,0.0,Mono,Mono,0.8026315789473684,0.08454913554855707,0.7180824433988113
ASPH,53.29319,5.066497,0.0,0.0,Mono,Mono,0.8352402745995423,0.08307089144546562,0.7521693831540767
CDK14,53.24637,4.939076,0.0,0.0,Mono,Mono,0.858695652173913,0.08830901728902883,0.7703866348848841
PFKFB3,53.24514,3.8647463,0.0,0.0,Mono,Mono,0.9502288329519449,0.26765858988366853,0.6825702430682764
GAB2,53.092358,4.1657114,0.0,0.0,Mono,Mono,0.9399313501144164,0.21823381965421934,0.7216975304601971
CD82,52.65379,4.14311,0.0,0.0,Mono,Mono,0.9153318077803203,0.17626454142297057,0.7390672663573498
MT2A,52.57596,4.1653614,0.0,0.0,Mono,Mono,0.8953089244851258,0.3155729802686547,0.5797359442164711
EMP1,52.55688,8.263304,0.0,0.0,Mono,Mono,0.7528604118993135,0.00636287679156758,0.746497535107746
FMN1,52.461926,4.611547,0.0,0.0,Mono,Mono,0.8621281464530892,0.13059965293399314,0.7315284935190961
SNX9,52.418655,3.0380373,0.0,0.0,Mono,Mono,0.9862700228832951,0.5472074040748118,0.4390626188084833
MIR4435-1HG,52.346832,5.4688725,0.0,0.0,Mono,Mono,0.7997711670480548,0.05408445272832442,0.7456867143197304
GNA12,52.16867,4.103266,0.0,0.0,Mono,Mono,0.9061784897025171,0.17449707564753514,0.731681414054982
ETS2,52.158375,5.2299666,0.0,0.0,Mono,Mono,0.8032036613272311,0.05723375538273666,0.7459699059444944
PIK3R5,52.132084,3.6032639,0.0,0.0,Mono,Mono,0.9748283752860412,0.35346101934571617,0.621367355940325
BCL2A1,52.077084,5.450607,0.0,0.0,Mono,Mono,0.7923340961098397,0.06427148274310686,0.7280626133667328
SOCS3,52.071957,5.4891644,0.0,0.0,Mono,Mono,0.7923340961098397,0.052284851211517436,0.7400492448983222
ATP2B1,51.900642,3.535399,0.0,0.0,Mono,Mono,0.95766590389016,0.3911883797159199,0.5664775241742401
PTGS2,51.85849,7.0414295,0.0,0.0,Mono,Mono,0.7562929061784898,0.031525162285493916,0.7247677438929958
PPP1R15A,51.740746,3.9984336,0.0,0.0,Mono,Mono,0.8975972540045767,0.20239089915804348,0.6952063548465333
ANO6,51.71021,4.4467363,0.0,0.0,Mono,Mono,0.8564073226544622,0.11369625297255603,0.7427110696819061
IL6,51.68672,6.9208436,0.0,0.0,Mono,Mono,0.7540045766590389,0.03685969535317179,0.7171448813058671
SAT1,51.450886,3.5911562,0.0,0.0,Mono,Mono,0.9342105263157894,0.32855581978276227,0.6056547065330271
TNFAIP6,51.445957,7.9138327,0.0,0.0,Mono,Mono,0.7397025171624714,0.010219165756153992,0.7294833514063174
FSD1L,51.107708,6.4391894,0.0,0.0,Mono,Mono,0.7482837528604119,0.02021338132270711,0.7280703715377048
OGFRL1,51.103935,4.4738364,0.0,0.0,Mono,Mono,0.8369565217391304,0.12320843241853585,0.7137480893205945
DMXL2,50.91812,6.851524,0.0,0.0,Mono,Mono,0.7402745995423341,0.016839128478693996,0.7234354710636401
ZC3H12C,50.88092,7.317056,0.0,0.0,Mono,Mono,0.7339816933638443,0.011472459669644575,0.7225092336941997
LHFPL2,50.868248,5.3628182,0.0,0.0,Mono,Mono,0.7757437070938215,0.046950318143839556,0.7287933889499819
LGALS1,50.84298,4.7553062,0.0,0.0,Mono,Mono,0.8215102974828375,0.12246931036699013,0.6990409871158474
SLC6A6,50.806423,3.8841708,0.0,0.0,Mono,Mono,0.9210526315789473,0.2034192428819332,0.7176333886970141
MMP9,50.797993,7.485697,0.0,0.0,Mono,Mono,0.7339816933638443,0.014975255479143898,0.7190064378847004
RDX,50.538685,4.432631,0.0,0.0,Mono,Mono,0.8329519450800915,0.1275788932450671,0.7053730518350244
RTN3,50.45654,3.9533079,0.0,0.0,Mono,Mono,0.902745995423341,0.17697152773314476,0.7257744676901963
SLC7A7,50.093605,6.748553,0.0,0.0,Mono,Mono,0.7282608695652173,0.015007391220515452,0.7132534783447019
SLC43A3,49.943916,6.4096704,0.0,0.0,Mono,Mono,0.7299771167048055,0.017931743685326816,0.7120453730194787
NPTN,49.592472,3.8342068,0.0,0.0,Mono,Mono,0.8901601830663616,0.1782569573880069,0.7119032256783546
DOCK5,49.587215,5.044197,0.0,0.0,Mono,Mono,0.7723112128146452,0.05128864322899927,0.7210225695856459
RP11-701P16.5,49.52669,8.293276,0.0,0.0,Mono,Mono,0.7093821510297482,0.006684234205283113,0.7026979168244651
CREG1,49.382874,4.9503007,0.0,0.0,Mono,Mono,0.7694508009153318,0.06542836943248279,0.704022431482849
SLAMF7,49.36112,4.4594374,0.0,0.0,Mono,Mono,0.8123569794050343,0.10187030014782436,0.7104866792572099
LUCAT1,49.307774,5.1202726,0.0,0.0,Mono,Mono,0.7597254004576659,0.05312038048717782,0.7066050199704881
NINJ1,49.27927,3.9002204,0.0,0.0,Mono,Mono,0.8592677345537756,0.20464040105405223,0.6546273334997234
PIK3AP1,49.18348,4.107938,0.0,0.0,Mono,Mono,0.8575514874141876,0.14859566810206304,0.7089558193121246
CCL4,49.09187,4.5691185,0.0,0.0,Mono,Mono,0.8117848970251715,0.14930265441223722,0.6624822426129343
ATP1B3,49.030106,3.73186,0.0,0.0,Mono,Mono,0.9004576659038901,0.20740407481200585,0.6930535910918842
ADAM9,49.009212,5.599545,0.0,0.0,Mono,Mono,0.7339816933638443,0.02988623947554469,0.7040954538882996
ZFYVE16,48.744076,3.8234482,0.0,0.0,Mono,Mono,0.8838672768878717,0.1877691368339867,0.696098140053885
PTPRJ,48.671864,3.2421598,0.0,0.0,Mono,Mono,0.9799771167048055,0.4585127578893244,0.521464358815481
MLTK,48.65262,5.3585224,0.0,0.0,Mono,Mono,0.7362700228832952,0.04000899800758402,0.6962610248757112
NEAT1,48.52534,1.8872464,0.0,0.0,Mono,Mono,0.994279176201373,0.8099170897872612,0.18436208641411178
BACH1,48.351624,3.1061983,0.0,0.0,Mono,Mono,0.9742562929061784,0.42541294427662435,0.5488433486295541
SERPINA1,48.224625,8.241829,0.0,0.0,Mono,Mono,0.6905034324942791,0.005173854360820102,0.6853295781334591
DRAM1,48.15967,4.5769987,0.0,0.0,Mono,Mono,0.7694508009153318,0.07725432225721444,0.6921964786581174
MPZL1,48.12164,5.015438,0.0,0.0,Mono,Mono,0.744279176201373,0.058069284658397044,0.686209891542976
PSAP,48.098606,3.1806786,0.0,0.0,Mono,Mono,0.9462242562929061,0.3613985474644899,0.5848257088284161
AHR,48.096973,3.8589768,0.0,0.0,Mono,Mono,0.8541189931350114,0.1661417828909312,0.6879772102440802
ICAM1,48.07762,5.3823543,0.0,0.0,Mono,Mono,0.7242562929061784,0.036024166077511396,0.6882321268286671
ZNF438,48.057182,4.7312875,0.0,0.0,Mono,Mono,0.7620137299771167,0.06828845041455103,0.6937252795625657
RHOQ,47.924656,4.0084233,0.0,0.0,Mono,Mono,0.8215102974828375,0.1284144225207275,0.6930958749621101
CEBPB,47.90151,3.4122775,0.0,0.0,Mono,Mono,0.9084668192219679,0.2990873449450478,0.6093794742769201
CAPG,47.899284,5.423489,0.0,0.0,Mono,Mono,0.7213958810068649,0.041037341731473734,0.6803585392753911
VIM,47.891956,2.9832063,0.0,0.0,Mono,Mono,0.9502288329519449,0.5139790474966255,0.43624978545531945
SRC,47.723297,6.6353083,0.0,0.0,Mono,Mono,0.6927917620137299,0.013754097307024867,0.6790376647067051
PDE4A,47.66279,5.898368,0.0,0.0,Mono,Mono,0.7065217391304348,0.026736936821132453,0.6797848023093024
TIMP1,47.49685,4.525675,0.0,0.0,Mono,Mono,0.7705949656750571,0.09859245452792592,0.6720025111471313
MGST1,47.407333,7.3142734,0.0,0.0,Mono,Mono,0.6836384439359268,0.009415772221865156,0.6742226717140616
IQGAP1,47.40086,2.8421383,0.0,0.0,Mono,Mono,0.973112128146453,0.4833858217109067,0.48972630643554627
AHRR,47.388824,6.2319207,0.0,0.0,Mono,Mono,0.6956521739130435,0.02098463911562439,0.674667534797419
ATP6V0B,47.38759,3.4909189,0.0,0.0,Mono,Mono,0.8747139588100685,0.2531332347837264,0.6215807240263421
CD83,47.23875,3.5684893,0.0,0.0,Mono,Mono,0.9130434782608695,0.2359727488913168,0.6770707293695527
PDE4DIP,47.1936,3.0085616,0.0,0.0,Mono,Mono,0.9639588100686498,0.4374638472909569,0.5264949627776929
CTSZ,46.95913,4.455795,0.0,0.0,Mono,Mono,0.7580091533180778,0.08204254772157592,0.6759666055965019
APLP2,46.820942,3.7052827,0.0,0.0,Mono,Mono,0.8421052631578947,0.17745356385371805,0.6646516993041767
CTSS,46.792034,3.2469177,0.0,0.0,Mono,Mono,0.9153318077803203,0.31624783083745733,0.599083976942863
PLA2G7,46.71934,7.6753335,0.0,0.0,Mono,Mono,0.6716247139588101,0.007744713670544376,0.6638800002882657
HIPK2,46.70127,3.2316637,0.0,0.0,Mono,Mono,0.9467963386727687,0.3453628125200847,0.601433526152684
CDKN1A,46.661747,4.7741423,0.0,0.0,Mono,Mono,0.7276887871853546,0.055562696831415875,0.6721260903539387
RAB13,46.57768,6.476203,0.0,0.0,Mono,Mono,0.6784897025171626,0.015778649013432733,0.6627110535037298
CTNNA1,46.54218,4.5578437,0.0,0.0,Mono,Mono,0.7356979405034325,0.05977247895108938,0.6759254615523431
CDC42EP3,46.4858,3.3190813,0.0,0.0,Mono,Mono,0.9044622425629291,0.30332926280609285,0.6011329797568362
HDAC9,46.47248,5.002243,0.0,0.0,Mono,Mono,0.7242562929061784,0.05951539302011695,0.6647408998860614
SLC30A4,46.458515,5.562238,0.0,0.0,Mono,Mono,0.694508009153318,0.03027186837200333,0.6642361407813147
ZMIZ1,46.39204,4.5598745,0.0,0.0,Mono,Mono,0.7339816933638443,0.06173275917475414,0.6722489341890902
P2RX4,46.384174,4.2003074,0.0,0.0,Mono,Mono,0.763157894736842,0.08593097242753386,0.6772269223093081
TBC1D9,46.295216,5.45292,0.0,0.0,Mono,Mono,0.694508009153318,0.03412815733658974,0.6603798518167283
MANBA,46.176975,3.4167695,0.0,0.0,Mono,Mono,0.9067505720823799,0.2537759496111574,0.6529746224712225
MAP4K3,46.081852,3.9239948,0.0,0.0,Mono,Mono,0.7963386727688786,0.12378687576322381,0.6725517970056548
ITGAX,46.049065,7.2195554,0.0,0.0,Mono,Mono,0.6636155606407323,0.008676650170319426,0.654938910470413
CD274,45.809677,4.840969,0.0,0.0,Mono,Mono,0.7082379862700228,0.049456905970820725,0.658781080299202
SDC2,45.790573,7.9861827,0.0,0.0,Mono,Mono,0.6567505720823799,0.007198406067227968,0.6495521660151519
ABL2,45.510647,3.6569421,0.0,0.0,Mono,Mono,0.8272311212814645,0.15364097949739694,0.6735901417840675
TNFAIP2,45.36701,7.437957,0.0,0.0,Mono,Mono,0.6521739130434782,0.006909184394883988,0.6452647286485942
PPIF,45.35466,3.7605035,0.0,0.0,Mono,Mono,0.797482837528604,0.1605822996336525,0.6369005378949515
PGD,45.07502,4.1425643,0.0,0.0,Mono,Mono,0.7448512585812357,0.09865672601066904,0.6461945325705667
ARHGAP22,45.062164,7.6134415,0.0,0.0,Mono,Mono,0.647025171624714,0.00674850568802622,0.6402766659366877
MCTP1,45.006607,5.302234,0.0,0.0,Mono,Mono,0.6802059496567505,0.03457805771579149,0.645627891940959
PAPSS2,44.87841,7.8705573,0.0,0.0,Mono,Mono,0.6435926773455377,0.006427148274310686,0.637165529071227
UBE2E2,44.650764,3.4682927,0.0,0.0,Mono,Mono,0.9210526315789473,0.26621248152194865,0.6548401500569987
ITGB1,44.579556,3.2018917,0.0,0.0,Mono,Mono,0.9433638443935926,0.33472588212610055,0.608637962267492
UBTD2,44.501553,3.805602,0.0,0.0,Mono,Mono,0.7751716247139588,0.12330483964265052,0.6518667850713084
GRN,44.412506,4.7859693,0.0,0.0,Mono,Mono,0.687070938215103,0.049199820039848303,0.6378711181752547
WDFY3,44.297142,7.621537,0.0,0.0,Mono,Mono,0.6355835240274599,0.006041519377852045,0.6295420046496079
GSTO1,44.207577,3.576935,0.0,0.0,Mono,Mono,0.8014874141876429,0.15887910534096017,0.6426083088466827
RNF13,44.105827,2.9479642,0.0,0.0,Mono,Mono,0.9376430205949655,0.38309017289028846,0.554552847704677
ARHGAP24,44.095566,4.2401714,0.0,0.0,Mono,Mono,0.7391304347826086,0.08602737965164853,0.6531030551309601
S100A9,43.937572,5.6758738,0.0,0.0,Mono,Mono,0.6630434782608696,0.05026029950510956,0.61278317875576
CPD,43.869793,3.6390812,0.0,0.0,Mono,Mono,0.7906178489702516,0.1501381836878976,0.6404796652823539
TMEM38B,43.826996,3.4494994,0.0,0.0,Mono,Mono,0.8197940503432495,0.169323221286715,0.6504708290565344
KIF13A,43.80158,4.7504153,0.0,0.0,Mono,Mono,0.6779176201372998,0.043318979368854024,0.6345986407684459
SESTD1,43.775925,4.3561234,0.0,0.0,Mono,Mono,0.7013729977116705,0.0660389485185423,0.6353340491931282
FAM49A,43.73955,4.3767886,0.0,0.0,Mono,Mono,0.6996567505720823,0.06456070441545084,0.6350960461566315
AGAP3,43.682713,5.4578514,0.0,0.0,Mono,Mono,0.6510297482837528,0.023394819718490896,0.6276349285652619
DUSP5,43.4772,5.6209946,0.0,0.0,Mono,Mono,0.6453089244851258,0.024294620476894395,0.6210143040082314
ABTB2,43.454464,6.014211,0.0,0.0,Mono,Mono,0.6418764302059496,0.02509801401118323,0.6167784161947664
FAM129B,43.31634,7.168156,0.0,0.0,Mono,Mono,0.6235697940503433,0.006941320136255541,0.6166284739140877
AHNAK,43.23985,3.446506,0.0,0.0,Mono,Mono,0.8157894736842105,0.166302461597789,0.6494870120864216
PIK3CB,43.23965,3.1009533,0.0,0.0,Mono,Mono,0.9016018306636155,0.29905520920367623,0.6025466214599393
LMNA,43.22236,5.0473127,0.0,0.0,Mono,Mono,0.6590389016018307,0.038755704094093436,0.6202831975077372
PHLDA1,43.196144,5.4072003,0.0,0.0,Mono,Mono,0.647025171624714,0.027990230734623037,0.6190349408900909
S100A10,43.168118,2.817311,0.0,0.0,Mono,Mono,0.9067505720823799,0.43267562182659536,0.4740749502557845
RP11-383H13.1,43.092426,5.577053,0.0,0.0,Mono,Mono,0.6418764302059496,0.02371617713220643,0.6181602530737432
KIF1B,43.087437,3.8723233,0.0,0.0,Mono,Mono,0.7345537757437071,0.10109904235490708,0.6334547333888
SIRPA,42.98902,6.921707,0.0,0.0,Mono,Mono,0.620137299771167,0.009255093515007388,0.6108822062561596
MIR146A,42.91016,4.0012546,0.0,0.0,Mono,Mono,0.7151029748283753,0.08953017546114786,0.6255727993672274
TBC1D12,42.88869,6.4067435,0.0,0.0,Mono,Mono,0.6241418764302059,0.014782441030914577,0.6093594353992914
CTSD,42.79771,3.2277637,0.0,0.0,Mono,Mono,0.8426773455377574,0.24121087473488004,0.6014664708028774
SVIL,42.69711,4.4101877,0.0,0.0,Mono,Mono,0.6830663615560641,0.07053795231055979,0.6125284092455043
ANTXR2,42.680607,4.245425,0.0,0.0,Mono,Mono,0.6887871853546911,0.06732437817340443,0.6214628071812867
CD14,42.62791,7.3305254,0.0,0.0,Mono,Mono,0.6149885583524027,0.011568866893759234,0.6034196914586435
IL36G,42.569603,7.455984,0.0,0.0,Mono,Mono,0.6127002288329519,0.009480043704608263,0.6032201851283436
PHC2,42.545986,3.6508253,0.0,0.0,Mono,Mono,0.7465675057208239,0.12044475866058225,0.6261227470602416
TALDO1,42.534184,3.1226327,0.0,0.0,Mono,Mono,0.860411899313501,0.2728003085031171,0.5876115908103839
EHD1,42.410515,3.2493591,0.0,0.0,Mono,Mono,0.8283752860411899,0.19586734365961816,0.6325079423815718
STK3,41.935604,3.8166506,0.0,0.0,Mono,Mono,0.7093821510297482,0.08654155151359338,0.6228405995161548
EPS15L1,41.798367,3.098361,0.0,0.0,Mono,Mono,0.8501144164759724,0.22871007134134577,0.6214043451346266
MB21D2,41.76739,4.7730527,0.0,0.0,Mono,Mono,0.644736842105263,0.043286843627482474,0.6014499984777806
SSH1,41.65847,3.2371032,0.0,0.0,Mono,Mono,0.8077803203661327,0.17282601709621434,0.6349543032699183
PRR16,41.62455,7.8863707,0.0,0.0,Mono,Mono,0.5972540045766591,0.007037727360370201,0.5902162772162889
CTB-61M7.2,41.463154,7.9411664,0.0,0.0,Mono,Mono,0.5932494279176201,0.0036956102577286446,0.5895538176598915
FTH1,41.43828,0.8854207,0.0,0.0,Mono,Mono,0.9977116704805491,0.9801401118323797,0.017571558648169394
MAPKAPK2,41.41152,2.993801,0.0,0.0,Mono,Mono,0.8787185354691075,0.2701651777106497,0.6085533577584579
SGK1,40.99401,4.431864,0.0,0.0,Mono,Mono,0.647025171624714,0.057073076675878895,0.589952094948835
IL1R1,40.988213,6.7770987,0.0,0.0,Mono,Mono,0.5932494279176201,0.010187030014782439,0.5830623979028378
SEMA3C,40.89921,7.2256756,0.0,0.0,Mono,Mono,0.5892448512585813,0.008419564239347,0.5808252870192343
ZFHX3,40.807404,5.490344,0.0,0.0,Mono,Mono,0.6058352402745996,0.02259142618420206,0.5832438140903975
PLIN2,40.57,3.1324909,0.0,0.0,Mono,Mono,0.8066361556064072,0.21675557555112784,0.5898805800552793
ATG7,40.511024,2.9141524,0.0,0.0,Mono,Mono,0.9016018306636155,0.30930651070120174,0.5922953199624138
IL24,40.501022,5.9861894,0.0,0.0,Mono,Mono,0.5995423340961099,0.03955909762838228,0.5599832364677276
HIF1A-AS2,40.487198,3.5843804,0.0,0.0,Mono,Mono,0.7254004576659038,0.16447072433961046,0.5609297333262933
PLEK,40.30854,3.2644083,0.0,0.0,Mono,Mono,0.7757437070938215,0.15704736808278164,0.6186963390110398
DNAJC3,40.2675,2.7056978,0.0,0.0,Mono,Mono,0.915903890160183,0.39240953788803895,0.523494352272144
ANXA1,40.13572,3.1545591,0.0,0.0,Mono,Mono,0.8226544622425629,0.2613278488334725,0.5613266134090904
IL6R,40.092636,3.6948125,0.0,0.0,Mono,Mono,0.6819221967963387,0.08689504466868048,0.5950271521276582
TOM1,39.72075,3.0109818,0.0,0.0,Mono,Mono,0.8106407322654461,0.20386914326113495,0.6067715890043112
CCL20,39.47417,6.2460356,0.0,0.0,Mono,Mono,0.5795194508009153,0.021530946718940798,0.5579885040819744
TMEM164,39.407932,3.726767,0.0,0.0,Mono,Mono,0.6636155606407323,0.08345652034192425,0.5801590402988082
PTPRE,39.302097,2.868688,0.0,0.0,Mono,Mono,0.8953089244851258,0.2937528118773699,0.6015561126077559
ABR,39.079884,3.1809113,0.0,0.0,Mono,Mono,0.7414187643020596,0.15621183880712122,0.5852069254949384
EMP3,39.047832,2.5480819,0.0,0.0,Mono,Mono,0.9090389016018307,0.44376245259978137,0.4652764490020493
TYROBP,39.03139,3.7358139,0.0,0.0,Mono,Mono,0.6762013729977117,0.09753197506266467,0.578669397935047
SYK,38.986877,3.5482,0.0,0.0,Mono,Mono,0.673913043478261,0.08798765987531329,0.5859253836029477
MAFB,38.98115,7.7729936,0.0,0.0,Mono,Mono,0.5583524027459954,0.00440259656790282,0.5539498061780925
TNIP3,38.906208,4.9066405,0.0,0.0,Mono,Mono,0.5909610983981692,0.030046918182402457,0.5609141802157668
DENND5A,38.86424,2.906181,0.0,0.0,Mono,Mono,0.8237986270022883,0.23825438652869713,0.5855442404735912
UPP1,38.787724,2.951443,0.0,0.0,Mono,Mono,0.8117848970251715,0.21109968506973448,0.6006852119554371
ELL2,38.723297,3.0401084,0.0,0.0,Mono,Mono,0.7648741418764302,0.17584677678514038,0.5890273650912898
EVI5,38.66598,3.575308,0.0,0.0,Mono,Mono,0.6624713958810069,0.08699145189279514,0.5754799439882118
ZEB2,38.55573,3.2386496,0.0,0.0,Mono,Mono,0.9593821510297482,0.33344045247123844,0.6259416985585098
HIF1A,38.531567,1.834214,0.0,0.0,Mono,Mono,0.9633867276887872,0.697024230348994,0.2663624973397932
SLC24A3,38.512733,7.0706673,0.0,0.0,Mono,Mono,0.5549199084668193,0.007005591618998648,0.5479143168478207
ADA,38.293705,3.7986443,0.0,0.0,Mono,Mono,0.6407322654462242,0.08464554277267172,0.5560867226735524
ZNF804A,38.167416,5.861982,0.0,0.0,Mono,Mono,0.5617848970251715,0.017546114788868174,0.5442387822363034
CLIC1,38.12999,3.0696025,0.0,0.0,Mono,Mono,0.7574370709382151,0.1751397904749662,0.5822972804632489
ENOSF1,38.083515,2.959264,0.0,0.0,Mono,Mono,0.7688787185354691,0.18799408702358755,0.5808846315118815
BAALC,37.958794,7.361181,0.0,0.0,Mono,Mono,0.5451945080091534,0.005720161964136511,0.5394743460450169
ACVR1,37.94726,3.6414,0.0,0.0,Mono,Mono,0.6384439359267734,0.07616170705058162,0.5622822288761917
RP11-452H21.1,37.76253,3.220203,0.0,0.0,Mono,Mono,0.6962242562929062,0.12385114724596691,0.5723731090469393
CLIC4,37.660454,3.8902547,2.20639881914175e-310,2.82871643479712e-309,Mono,Mono,0.6132723112128147,0.06272896715727229,0.5505433440555424
VNN3,37.61838,8.079224,1.076224402934906e-309,1.3753666491180907e-308,Mono,Mono,0.5377574370709383,0.0033421171026415566,0.5344153199682967
IL1A,37.58128,7.6642857,4.347297333335945e-309,5.537958386415217e-308,Mono,Mono,0.538329519450801,0.004081239154187286,0.5342482802966138
PAPLN,37.28625,7.556609,2.7415830586521756e-304,3.4703583020913616e-303,Mono,Mono,0.534324942791762,0.004499003792017481,0.5298259389997445
ARMC9,37.201588,3.9961722,6.432556750510797e-303,8.116790852379554e-302,Mono,Mono,0.6109839816933639,0.09046211196092291,0.520521869732441
C20orf194,37.050827,3.6796014,1.7417088013762873e-300,2.1839608794686987e-299,Mono,Mono,0.620137299771167,0.07381579793045824,0.5463215018407088
SLC43A2,36.766773,3.3410835,6.2727326222016e-296,7.840915777751999e-295,Mono,Mono,0.6464530892448512,0.09836750433832506,0.5480855849065261
CYSTM1,36.762146,2.767102,7.437602093203417e-296,9.268039991530737e-295,Mono,Mono,0.7900457665903889,0.20129828395141067,0.5887474826389782
MS4A7,36.722668,6.5094604,3.175549487881697e-295,3.9325690252404916e-294,Mono,Mono,0.5314645308924486,0.009222957773635836,0.5222415731188128
CD58,36.575077,2.7722647,7.123448846330851e-293,8.767321657022586e-292,Mono,Mono,0.8237986270022883,0.23041326563403808,0.5933853613682503
ZMIZ1-AS1,36.478798,7.131592,2.4052245332423607e-291,2.951195746309645e-290,Mono,Mono,0.5240274599542335,0.005141718619448549,0.5188857413347849
GLIS3,36.46008,4.9436903,4.762678753690784e-291,5.825906732343466e-290,Mono,Mono,0.5577803203661327,0.04357606529982645,0.5142042550663062
C5AR1,36.339123,6.7468333,3.902957133350731e-289,4.759703821159428e-288,Mono,Mono,0.5251716247139588,0.008644514428947873,0.516527110285011
IL7,36.31135,4.6375895,1.0711582533382189e-288,1.3023200648488983e-287,Mono,Mono,0.5600686498855836,0.039173468731923636,0.52089518115366
RIN3,36.1528,2.7280319,3.3620627653472965e-286,4.075227594360359e-285,Mono,Mono,0.7923340961098397,0.23362683977119342,0.5587072563386464
B4GALT5,36.01895,2.742556,4.22546801416772e-284,5.1063057573023805e-283,Mono,Mono,0.778604118993135,0.2129635580692846,0.5656405609238504
UBE2E1,35.97009,2.5430224,2.456479907768204e-283,2.9596143467086794e-282,Mono,Mono,0.8867276887871853,0.35847419499967853,0.5282534937875067
IRS2,35.85336,2.905921,1.630164561614842e-281,1.9581556295673777e-280,Mono,Mono,0.6967963386727689,0.14522141525804996,0.5515749234147189
GLUL,35.791397,3.7341757,1.5029571869875977e-280,1.7999487269312546e-279,Mono,Mono,0.5869565217391304,0.060768686933607534,0.5261878348055229
ITGA1,35.63536,3.7426193,3.972112706149854e-278,4.742821141671467e-277,Mono,Mono,0.5961098398169337,0.07654733594704027,0.5195625038698934
MT1F,35.445747,4.508257,3.37305405701617e-275,4.015540544066869e-274,Mono,Mono,0.5491990846681922,0.04164792081753324,0.507551163850659
RUNX1,35.43741,2.2697947,4.5336931789085127e-275,5.381238194550163e-274,Mono,Mono,0.9691075514874141,0.5488141911433895,0.42029336034402465
GNAQ,35.37913,2.6671917,3.5756449188543074e-274,4.231532448348293e-273,Mono,Mono,0.8117848970251715,0.2435246481136319,0.5682602489115396
EBI3,35.140057,5.602616,1.6491662558336196e-270,1.945918885939374e-269,Mono,Mono,0.5177345537757436,0.017674657754354388,0.5000598960213892
OSBPL8,35.137135,1.8668627,1.8275882348086814e-270,2.1501038056572722e-269,Mono,Mono,0.9834096109839816,0.6979240311073974,0.2854855798765842
DUSP6,35.129578,6.5506,2.3837670858195692e-270,2.7962077253015474e-269,Mono,Mono,0.5080091533180777,0.007776849411915929,0.5002323039061618
FLNA,34.92916,2.5583994,2.6834563947733587e-267,3.1385454909629924e-266,Mono,Mono,0.8323798627002288,0.28285879555241333,0.5495210671478155
IDO1,34.83517,6.547391,7.141256778779706e-266,8.327996243474876e-265,Mono,Mono,0.5051487414187643,0.009994215566553118,0.4951545258522112
PRDX1,34.733208,2.4236708,2.4848929329647797e-264,2.8894103871683487e-263,Mono,Mono,0.8369565217391304,0.38312230863165997,0.4538342131074704
RNF24,34.584263,2.736237,4.356396049308275e-262,5.050893970212494e-261,Mono,Mono,0.7036613272311212,0.16177132206439998,0.5418900051667213
PLP2,34.530228,2.7504137,2.8233472894030363e-261,3.26398530566825e-260,Mono,Mono,0.7162471395881006,0.17799987145703447,0.5382472681310662
G0S2,34.49562,5.8015294,9.331023378632359e-261,1.0756222914849982e-259,Mono,Mono,0.5091533180778032,0.020566874477794195,0.48858644360000897
MIR29A,34.428005,2.2841115,9.609955316656609e-260,1.1045925651329436e-258,Mono,Mono,0.9279176201372997,0.4686355164213637,0.45928210371593603
KB-1507C5.4,34.380993,7.73624,4.850446432099644e-259,5.543367350971022e-258,Mono,Mono,0.49199084668192217,0.003727745999100198,0.48826310068282197
MAP4K4,34.272953,2.0961552,1.9851491352828963e-257,2.2622782168466057e-256,Mono,Mono,0.9513729977116704,0.5636609036570472,0.38771209405462315
TCF7L2,34.16624,3.085919,7.674328781783542e-256,8.720828161117662e-255,Mono,Mono,0.6332951945080092,0.12005912976412361,0.5132360647438856
TRPM2,34.104725,7.6093736,6.277780986418293e-255,7.093537837760783e-254,Mono,Mono,0.48798627002288325,0.003309981361270004,0.4846762886616132
TJP2,34.089622,5.041258,1.0510160662142224e-254,1.1842434548892646e-253,Mono,Mono,0.5085812356979404,0.020374060029564878,0.48820717566837557
KIAA0247,34.05498,2.4741476,3.424965434678499e-254,3.848275769301685e-253,Mono,Mono,0.8346681922196796,0.2773314480365061,0.5573367441831735
TBC1D2,33.86087,4.667048,2.511105057197587e-251,2.8135630892970166e-250,Mono,Mono,0.5165903890160184,0.031107397647663716,0.48548299136835465
CXXC5,33.84698,3.24415,4.0200540358568335e-251,4.491680486990876e-250,Mono,Mono,0.5909610983981692,0.08454913554855707,0.5064119628496122
BMP6,33.7732,7.015706,4.88093860385659e-250,5.438371703461381e-249,Mono,Mono,0.48684210526315785,0.007487627739571949,0.4793544775235859
EEPD1,33.743954,4.7333994,1.3112971222679616e-249,1.4569968025199574e-248,Mono,Mono,0.513157894736842,0.028793624268911872,0.4843642704679302
CHST15,33.541878,4.492522,1.1825103151456707e-246,1.306641232205161e-245,Mono,Mono,0.5143020594965675,0.03252137026801207,0.48178068922855544
ACSL4,33.514313,2.50308,2.9823150226336346e-246,3.2862975456018015e-245,Mono,Mono,0.7711670480549199,0.25567195835207907,0.5154950897028407
SERPINB7,33.439495,7.270144,3.658276672784509e-245,4.020084255807153e-244,Mono,Mono,0.4811212814645308,0.008098206825631464,0.47302307463889937
AK4,33.326897,6.9377227,1.5747501894332898e-243,1.7257536322556601e-242,Mono,Mono,0.47940503432494275,0.005559483257278744,0.473845551067664
SIPA1L2,33.313076,5.5408936,2.4969175750360306e-243,2.721436049085592e-242,Mono,Mono,0.48913043478260865,0.012854296548621372,0.4762761382339873
ST3GAL6,33.248547,6.30807,2.1424375997788538e-242,2.328736521498754e-241,Mono,Mono,0.48226544622425627,0.008901600359920301,0.47336384586433594
GAS7,33.23632,3.2039075,3.218051677663481e-242,3.488402902616239e-241,Mono,Mono,0.5983981693363845,0.10347708721640204,0.4949210821199824
BHLHE40,33.160797,2.6816385,3.9579301974103344e-241,4.267310185887153e-240,Mono,Mono,0.6538901601830662,0.13333119095057516,0.520558969232491
F3,33.144016,7.58799,6.906764776857885e-241,7.426628792320306e-240,Mono,Mono,0.47482837528604116,0.004016967671444179,0.470811407614597
LATS2,33.036495,3.4780827,2.4316062730487315e-239,2.607620668148774e-238,Mono,Mono,0.5474828375286042,0.05861559226171345,0.48886724526689074
CTBP2,32.912,3.5284517,1.4803879496000418e-237,1.5790804795733778e-236,Mono,Mono,0.5457665903890161,0.0594832572787454,0.4862833331102707
AGPAT4,32.893223,3.0519981,2.7473528703879995e-237,2.9227158195617016e-236,Mono,Mono,0.5995423340961099,0.10203097885468214,0.49751135524142776
SLC25A13,32.84689,2.7506468,1.2615888485384407e-236,1.3385558074678416e-235,Mono,Mono,0.6458810068649885,0.13837650234590906,0.5075045045190795
CD93,32.815327,8.025249,3.5594417702100307e-236,3.766605047841302e-235,Mono,Mono,0.46853546910755145,0.002249501896008741,0.4662859672115427
SGPP2,32.789703,4.5957613,8.256229418003672e-236,8.713698594199126e-235,Mono,Mono,0.5028604118993134,0.03412815733658974,0.46873225456272366
FCHO2,32.787327,3.2308424,8.92572989041055e-236,9.395505147800579e-235,Mono,Mono,0.5606407322654462,0.06999164470724337,0.4906490875582028
SLC44A1,32.77577,3.120809,1.304242239098277e-235,1.369283190654359e-234,Mono,Mono,0.5818077803203661,0.09155472716755572,0.4902530531528103
TIMP2,32.67036,4.950974,4.1183033461081296e-234,4.312359524720555e-233,Mono,Mono,0.48913043478260865,0.020759688926023517,0.4683707458565851
IL2RA,32.61679,3.8937624,2.370859519253885e-233,2.46964533255613e-232,Mono,Mono,0.52116704805492,0.046243331833665385,0.4749237162212546
CCL3L3,32.57718,7.620295,8.634286859201783e-233,8.97068764592393e-232,Mono,Mono,0.46624713958810066,0.00318143839578379,0.4630657011923169
LIMK2,32.543476,2.85916,2.589505658738166e-232,2.683425553096545e-231,Mono,Mono,0.6195652173913043,0.12799665788289732,0.491568559508407
SOX5,32.4554,6.08661,4.5456099660738633e-231,4.698304874494949e-230,Mono,Mono,0.47196796338672764,0.010122758532039332,0.46184520485468833
LIMS1,32.43305,2.412761,9.392194191432746e-231,9.68267442415747e-230,Mono,Mono,0.8049199084668192,0.2860402339481971,0.518879674518622
LINC00936,32.39668,3.5998096,3.0569431716567014e-230,3.1433862947626748e-229,Mono,Mono,0.5371853546910755,0.06619962722540007,0.47098572746567546
FAM126A,32.295807,3.521907,8.010203648067256e-229,8.194581737153203e-228,Mono,Mono,0.5389016018306636,0.06655312038048715,0.47234848145017644
SWAP70,32.273582,2.6005878,1.6427856450398312e-228,1.6763118826937053e-227,Mono,Mono,0.631578947368421,0.11825952824731661,0.5133194191211043
NFKBIZ,32.268467,2.4705386,1.9379586405467164e-228,1.972476987833808e-227,Mono,Mono,0.7133867276887871,0.2044475866058229,0.5089391410829642
MYO1E,32.203697,3.7704542,1.5666590439494801e-227,1.590516795887797e-226,Mono,Mono,0.522883295194508,0.05318465196992093,0.4696986432245871
SNX10,32.192635,2.7490847,2.237787282689296e-227,2.2661137039891604e-226,Mono,Mono,0.643020594965675,0.1679413844077382,0.4750792105579368
INSR,32.18072,5.0724206,3.2847180890392444e-227,3.3095396363115812e-226,Mono,Mono,0.4805491990846682,0.020502602995051092,0.4600465960896171
RAPGEF2,31.888493,2.4417324,3.855491864575112e-223,3.8748661955528765e-222,Mono,Mono,0.7139588100686498,0.19750626646956737,0.5164525435990824
DUSP1,31.864477,3.411371,8.29569435136592e-223,8.316485565279118e-222,Mono,Mono,0.532608695652174,0.061604216209267926,0.471004479442906
MYO1B,31.851463,5.78854,1.2562685845719449e-222,1.2562685845719448e-221,Mono,Mono,0.465675057208238,0.011633138376502341,0.45404191883173567
CTSH,31.785477,3.4337811,1.0276331407558028e-221,1.0250704645943169e-220,Mono,Mono,0.5406178489702518,0.07841120894659037,0.4622066400236614
KLF6,31.75825,2.1193721,2.4428302934144466e-221,2.430676908870096e-220,Mono,Mono,0.9416475972540045,0.5283115881483385,0.41333600910566604
PHACTR1,31.73981,3.492641,4.389207736441411e-221,4.356533733440606e-220,Mono,Mono,0.5263157894736843,0.06025451507166268,0.4660612744020216
GLRX,31.700548,2.5806215,1.5268487045680102e-220,1.511731390661396e-219,Mono,Mono,0.673913043478261,0.19577093643550353,0.47814210704275745
ADM,31.687395,6.8171782,2.317540915698325e-220,2.288929299455136e-219,Mono,Mono,0.4559496567505721,0.005366668809049424,0.4505829879415227
ADTRP,31.608791,3.4431841,2.795621718544064e-219,2.754307111866073e-218,Mono,Mono,0.5314645308924486,0.06645671315637248,0.46500781773607613
TSC22D1,31.334444,2.5516171,1.5849919141483313e-215,1.5539136413218935e-214,Mono,Mono,0.673913043478261,0.2112282280352207,0.4626848154430403
LINC00152,30.968496,2.4661427,1.432178206093369e-210,1.3972470303349943e-209,Mono,Mono,0.6596109839816933,0.1662060543736743,0.49340492960801896
CD109,30.956236,5.0788283,2.0942176030969695e-210,2.0381679835493623e-209,Mono,Mono,0.46224256292906174,0.02030978854682177,0.44193277438224
P2RX7,30.910286,4.9007945,8.68901433351472e-210,8.435936246130797e-209,Mono,Mono,0.46395881006864986,0.021659489684427012,0.44229932038422287
ARHGAP21,30.78756,3.3527043,3.8452228230474835e-208,3.724186753556885e-207,Mono,Mono,0.5137299771167048,0.05977247895108938,0.45395749816561537
LYZ,30.705368,5.6032205,4.826025149796158e-207,4.6515905058276223e-206,Mono,Mono,0.45251716247139584,0.015585834565203412,0.43693132790619243
S100A8,30.655668,5.3577404,2.2207741752364246e-206,2.135359783881178e-205,Mono,Mono,0.4570938215102974,0.022334340253229636,0.4347594812570678
CPNE8,30.512308,4.2922454,1.7894427236296013e-204,1.7164918212274352e-203,Mono,Mono,0.4691075514874141,0.028825760010283426,0.4402817914771307
RP11-37B2.1,30.153196,3.0209665,9.739978392966647e-200,9.320553486092486e-199,Mono,Mono,0.5303203661327232,0.08050003213574135,0.4498203339969818
SERTAD2,30.149632,2.4639924,1.0846526765383068e-199,1.035467948962584e-198,Mono,Mono,0.6218535469107551,0.14702101677485696,0.47483253013589816
IL10,30.145563,7.0109982,1.2263245544222445e-199,1.1679281470688043e-198,Mono,Mono,0.43306636155606404,0.00440259656790282,0.4286637649881612
GM2A,30.13277,3.1779656,1.803966137807682e-199,1.7139820786771325e-198,Mono,Mono,0.5245995423340961,0.08329584163506648,0.44130370069902963
RASAL2,30.123558,5.4397516,2.381808743600536e-199,2.2576386195265746e-198,Mono,Mono,0.44508009153318073,0.016357092358120696,0.42872299917506
ITGB2,30.090319,3.2064526,6.48645203708351e-199,6.133760791568331e-198,Mono,Mono,0.5217391304347827,0.08033935342888358,0.4413997770058991
SRGN,30.060856,1.7397614,1.5749329288889869e-198,1.4857857819707425e-197,Mono,Mono,0.9262013729977117,0.640529597017803,0.28567177597990867
CDCP1,30.041937,7.947582,2.782511637787601e-198,2.6188344826236245e-197,Mono,Mono,0.4290617848970251,0.0023459091201234006,0.42671587577690173
RUSC2,29.990345,6.5600276,1.3114232240333476e-197,1.2313833089515002e-196,Mono,Mono,0.4324942791762013,0.005977247895108938,0.42651703128109236
CCDC88A,29.989033,3.4775126,1.3640680315947316e-197,1.2778154862714114e-196,Mono,Mono,0.4948512585812357,0.055337746641815004,0.4395135119394207
MOB1B,29.838795,2.5301201,1.2269331712625672e-195,1.1466665151986609e-194,Mono,Mono,0.5926773455377574,0.12716112860723694,0.4655162169305205
PAPSS1,29.690348,3.0510337,1.023068242735403e-193,9.539097834362733e-193,Mono,Mono,0.5223112128146453,0.08194614049746125,0.4403650723171841
PACSIN2,29.679832,2.2109005,1.3984015802325806e-193,1.3008386792861215e-192,Mono,Mono,0.7036613272311212,0.20573301626068505,0.4979283109704361
AC069368.3,29.453207,4.1577764,1.1453820182518665e-190,1.0605389057887653e-189,Mono,Mono,0.45537757437070936,0.030400411337489545,0.4249771630332198
SH3KBP1,29.311193,1.7444847,7.467834221015623e-189,6.88279651706509e-188,Mono,Mono,0.9633867276887872,0.6356449643293268,0.32774176335946037
RP11-400N13.3,29.278807,8.433051,1.9307678170521215e-188,1.7754186823467784e-187,Mono,Mono,0.41762013729977115,0.002024551706407867,0.4155955855933633
ATP2C1,29.215149,2.1832097,1.2451886260081363e-187,1.1423748862459966e-186,Mono,Mono,0.7059496567505721,0.23478372646056933,0.47116593029000275
IL15,29.163677,3.5120366,5.604138205198401e-187,5.129645954415013e-186,Mono,Mono,0.48226544622425627,0.057780062986053066,0.4244853832382032
MYO9B,29.125122,2.081572,1.7261001867625539e-186,1.5763472025228803e-185,Mono,Mono,0.8832951945080092,0.4041069477472844,0.4791882467607248
IL3RA,29.089214,2.9600892,4.914992300185318e-186,4.478352893107351e-185,Mono,Mono,0.5194508009153318,0.08818047432354262,0.4312703265917892
GBE1,28.83258,2.2439332,8.379071440990708e-183,7.582870082344533e-182,Mono,Mono,0.6361556064073226,0.16874477794202705,0.4674108284652956
SLC41A2,28.79728,3.604983,2.320003692444676e-182,2.09481146044666e-181,Mono,Mono,0.46853546910755145,0.050742335625682866,0.4177931334818686
LPP,28.64764,2.1463618,1.715273548872126e-180,1.5418189203344953e-179,Mono,Mono,0.7385583524027459,0.2573430169033999,0.48121533549934603
SLCO3A1,28.631016,2.2247968,2.762912426466303e-180,2.4779483645437695e-179,Mono,Mono,0.7042334096109839,0.25104441159457536,0.45318899801640855
SGMS1,28.478565,2.1105244,2.1589738743855708e-178,1.9319676728282513e-177,Mono,Mono,0.7734553775743707,0.2850118902243074,0.48844348735006327
SLC11A1,28.43862,6.1025505,6.738321162589103e-178,6.016358180883128e-177,Mono,Mono,0.41304347826086957,0.008291021273860786,0.4047524569870088
THBD,28.415407,7.4747257,1.3046475782352291e-177,1.1596867362090926e-176,Mono,Mono,0.40675057208237986,0.0030850311716691292,0.4036655409107107
JAKMIP2,28.126335,3.397359,4.667726182584131e-174,4.121612523253096e-173,Mono,Mono,0.48169336384439354,0.0787325663603059,0.40296079748408764
TFPI,28.117758,6.085609,5.942983154186618e-174,5.2361085058912926e-173,Mono,Mono,0.4073226544622426,0.006844912912140881,0.4004777415501017
RP11-325F22.2,28.093178,3.6580203,1.1868908620306884e-173,1.0434205380489568e-172,Mono,Mono,0.45080091533180777,0.04203354971399188,0.4087673656178159
SBF2,27.90132,2.0577612,2.57151418929644e-171,2.2409709710644357e-170,Mono,Mono,0.7465675057208239,0.25374381386978584,0.492823691851038
NPC1,27.79069,2.0291457,5.620778307845459e-170,4.877031069714064e-169,Mono,Mono,0.8592677345537756,0.36750433832508506,0.49176339622869053
ZFAND3,27.706944,1.5615522,5.75896163249014e-169,4.98611396752393e-168,Mono,Mono,0.9908466819221967,0.7216723439809754,0.26917433794122136
NPL,27.548569,4.621372,4.603573256880748e-167,3.9685976352420245e-166,Mono,Mono,0.41361556064073224,0.018124558133556137,0.3954910025071761
RCOR1,27.482735,2.106796,2.8238097840301405e-166,2.4290836851872176e-165,Mono,Mono,0.6510297482837528,0.20255157786490124,0.4484781704188516
HNMT,27.477587,7.465027,3.253642543205984e-166,2.7928262173441923e-165,Mono,Mono,0.39302059496567504,0.0025708593097242744,0.39044973565595076
TLE1,27.441074,3.4207008,8.879104406477894e-166,7.605228613685562e-165,Mono,Mono,0.444508009153318,0.04338325085159713,0.4011247583017209
GJB2,27.398203,7.5346394,2.8811511709071525e-165,2.4625223682967116e-164,Mono,Mono,0.39187643020594964,0.0025387235683527218,0.3893377066375969
ETV6,27.313293,1.993419,2.9490009842995114e-164,2.509788071744265e-163,Mono,Mono,0.8489702517162471,0.41117681084902613,0.43779344086722094
CCL3L1,27.218548,7.5615973,3.9183577465603414e-163,3.3276923537667446e-162,Mono,Mono,0.3890160183066361,0.0021530946718940802,0.38686292363474206
MMP1,27.18389,4.898315,1.0070998450717089e-162,8.534744449760245e-162,Mono,Mono,0.4170480549199085,0.0402339481971849,0.3768141067227236
TBC1D8,27.141628,2.7299666,3.17896516696683e-162,2.6883426359127528e-161,Mono,Mono,0.4982837528604118,0.09139404846069794,0.4068897043997139
PTGR1,27.132587,3.8229427,4.0643706325210066e-162,3.4298486350388244e-161,Mono,Mono,0.4279176201372997,0.03486727938813547,0.39305034074916423
MXD1,27.080011,2.1957145,1.6934372079660443e-161,1.4260523856556164e-160,Mono,Mono,0.5783752860411899,0.1447072433961051,0.43366804264508485
TREM1,27.078455,8.069536,1.7664057466844254e-161,1.4843745770457358e-160,Mono,Mono,0.3861556064073226,0.0014782441030914586,0.38467736230423116
CCL2,27.071892,4.941662,2.110382786102431e-161,1.7697130281781392e-160,Mono,Mono,0.41247139588100684,0.03207146988881032,0.3803999259921965
NFAT5,27.015089,1.9774027,9.82690342122758e-161,8.223350143286677e-160,Mono,Mono,0.9313501144164759,0.48438202969342486,0.446968084723051
NRIP3,26.94556,6.3195815,6.430372734880109e-160,5.369831093845603e-159,Mono,Mono,0.3890160183066361,0.005559483257278744,0.3834565350493574
MAML2,26.888931,1.645725,2.958927351328942e-159,2.4657727927741184e-158,Mono,Mono,0.9651029748283753,0.6890867022302203,0.276016272598155
HTR7,26.886158,7.6425786,3.1883419361598075e-159,2.6514278055383017e-158,Mono,Mono,0.38443935926773454,0.002602995051095828,0.3818363642166387
SNAPC1,26.772507,2.8991163,6.7551943514719394e-158,5.605970416159286e-157,Mono,Mono,0.47711670480549195,0.08323157015232338,0.39388513465316854
P4HA1,26.600275,2.29987,6.738537476061649e-156,5.5805693383533325e-155,Mono,Mono,0.5371853546910755,0.12169805257407285,0.4154873021170027
ATF3,26.488178,3.708154,1.3263418497030854e-154,1.0961502890108144e-153,Mono,Mono,0.4204805491990846,0.036956102577286445,0.3835244466217982
PLXNC1,26.46351,2.6781147,2.5508681436770348e-154,2.09947995364365e-153,Mono,Mono,0.48913043478260865,0.0914261842020695,0.39770425058053915
CLEC4E,26.221468,8.454133,1.5126379650158838e-151,1.2373316687246493e-150,Mono,Mono,0.3735697940503432,0.0012211581721190312,0.37234863587822414
ST18,26.117743,6.896207,2.292567437987999e-150,1.8714836228473462e-149,Mono,Mono,0.37528604118993136,0.004241917861045053,0.3710441233288863
DDIT4,26.099838,2.449568,3.661236013035928e-150,2.9826769963632818e-149,Mono,Mono,0.5040045766590389,0.10415193778520467,0.3998526388738342
ZSWIM6,26.07036,1.9317911,7.907942157407847e-150,6.429221266185241e-149,Mono,Mono,0.7980549199084668,0.3299055209203675,0.46814939898809926
CYP27A1,26.037373,6.350086,1.8701030060811957e-149,1.5173249542240939e-148,Mono,Mono,0.37643020594965676,0.006202198084709812,0.370228007864947
LCORL,25.958803,1.9083525,1.4464169883071412e-148,1.1711878447831102e-147,Mono,Mono,0.7059496567505721,0.24101806028665074,0.46493159646392135
PKIG,25.772116,2.8436527,1.8219084360910304e-146,1.4722492412856811e-145,Mono,Mono,0.4605263157894737,0.07792917282601707,0.3825971429634566
IGF2BP2,25.585754,5.7858176,2.197853395138365e-144,1.7688960926666923e-143,Mono,Mono,0.37242562929061784,0.008098206825631464,0.3643274224649864
NFKBIA,25.503178,1.4937038,1.817558290987648e-143,1.4598861775001189e-142,Mono,Mono,0.9433638443935926,0.6753647406645669,0.2679991037290257
CCR1,25.467592,6.578921,4.507792635356896e-143,3.613461030346209e-142,Mono,Mono,0.3667048054919908,0.004531139533389034,0.3621736659586018
RASGEF1B,25.4418,2.4468696,8.700352753504282e-143,6.946389423955515e-142,Mono,Mono,0.49141876430205944,0.10444115945754864,0.3869776048445108
PEAK1,25.440794,2.017748,8.926080062082493e-143,7.112414392097605e-142,Mono,Mono,0.591533180778032,0.17382222507873252,0.41771095569929945
PELI1,25.380436,1.8852288,4.1475767927340784e-142,3.2982718033670606e-141,Mono,Mono,0.7082379862700228,0.27415000964072234,0.43408797662930043
PDGFC,25.268223,6.3895907,7.142313423801562e-141,5.668502717302827e-140,Mono,Mono,0.36441647597254,0.005141718619448549,0.35927475735309145
EVA1B,25.250175,3.824867,1.1275304519101595e-140,8.930934272555718e-140,Mono,Mono,0.3901601830663615,0.024551706407866823,0.3656084766584947
ITGAV,25.059713,2.7207572,1.3681875069629177e-138,1.0815711517493421e-137,Mono,Mono,0.448512585812357,0.07471559868886173,0.37379698712349524
CLIP2,25.050919,3.0752428,1.7060573860168894e-138,1.3460018824590842e-137,Mono,Mono,0.42448512585812354,0.05697666945176423,0.3675084564063593
SEC24D,24.993103,2.2545557,7.265494445983227e-138,5.72086176849073e-137,Mono,Mono,0.5051487414187643,0.11851661417828904,0.38663212724047524
QSOX1,24.93513,2.6204479,3.0962045009965896e-137,2.4331666019619565e-136,Mono,Mono,0.44336384439359267,0.0680313644835786,0.37533247991001406
MEGF9,24.87911,2.1543252,1.2523927497887566e-136,9.784318357724661e-136,Mono,Mono,0.5389016018306636,0.1484992608779484,0.3904023409527152
CMIP,24.612148,1.8515548,9.363291554053565e-134,7.286608213271256e-133,Mono,Mono,0.8724256292906177,0.4049103412815732,0.4675152880090445
CLEC5A,24.56301,7.4426837,3.1405523035403876e-133,2.4392639250799127e-132,Mono,Mono,0.3512585812356979,0.002249501896008741,0.34900907933968917
PREX1,24.452305,1.845188,4.75612934062984e-132,3.6869219694804957e-131,Mono,Mono,0.8701372997711669,0.39054566488848885,0.4795916348826781
SLC1A3,24.258596,7.352013,5.365882721337492e-130,4.151553362736938e-129,Mono,Mono,0.347254004576659,0.0027636737579535956,0.3444903308187054
CSF2,24.193544,5.4279294,2.6014917681292098e-129,2.008873952223328e-128,Mono,Mono,0.35755148741418763,0.01442894787582749,0.34312253953836014
NDRG1,24.12496,2.4515808,1.3679194709178196e-128,1.054273195312385e-127,Mono,Mono,0.44508009153318073,0.07882897358442056,0.3662511179487602
PLA2G4A,24.023926,6.9013677,1.5639955053246775e-127,1.2007643035122284e-126,Mono,Mono,0.3449656750572082,0.0036956102577286446,0.3412700647994796
MIR155HG,23.91788,3.3540158,1.9958509680442823e-126,1.5293877149764615e-125,Mono,Mono,0.3947368421052631,0.04955331319493539,0.3451835289103277
ARHGAP10,23.699238,2.2215676,3.671584101270345e-124,2.802735955168202e-123,Mono,Mono,0.49141876430205944,0.12809306510701196,0.3633256991950475
HS3ST3B1,23.684038,2.4447327,5.266416207925362e-124,3.997279854212798e-123,Mono,Mono,0.44336384439359267,0.08564175075518989,0.3577220936384028
HS2ST1,23.651354,1.8297269,1.1430520766180341e-123,8.6594854289245e-123,Mono,Mono,0.5818077803203661,0.18156693874927687,0.4002408415710892
SPRED2,23.645098,4.53344,1.325682509009951e-123,1.0024064340339894e-122,Mono,Mono,0.35411899313501144,0.015617970306574965,0.33850102282843647
ALDH1A2,23.610298,5.5262527,3.0211281998469302e-123,2.2800967546014566e-122,Mono,Mono,0.34439359267734554,0.00787325663603059,0.3365203360413149
SIK3,23.500679,1.5360849,4.0141282186741477e-122,3.018141517800111e-121,Mono,Mono,0.9708237986270023,0.6687769136833985,0.30204688494360377
MED13L,23.42775,1.3742653,2.2289727798577183e-121,1.669642531728628e-120,Mono,Mono,0.9742562929061784,0.7218330226878332,0.2524232702183452
RAPGEF1,23.40395,1.6062647,3.895529548763899e-121,2.9125454570197377e-120,Mono,Mono,0.938787185354691,0.5888231891509735,0.34996399620371743
PDLIM5,23.310814,1.9523357,3.444046386424408e-120,2.570183870465976e-119,Mono,Mono,0.5125858123569794,0.1378623304839642,0.3747234818730152
CPEB4,23.101572,1.7258039,4.464575088070564e-118,3.325568035806751e-117,Mono,Mono,0.6075514874141876,0.2049296227263962,0.40262186468779143
AMZ1,22.908573,2.5969286,3.816336463200442e-116,2.8374248797029303e-115,Mono,Mono,0.40617848970251713,0.06353236069156112,0.34264612901095604
MYOF,22.892233,6.431349,5.552388631131414e-116,4.120511043511254e-115,Mono,Mono,0.330091533180778,0.004788225464361462,0.3253033077164165
HMOX1,22.617954,4.3729835,2.88549310025166e-113,2.13345146044485e-112,Mono,Mono,0.34382151029748287,0.020663281701908856,0.323158228595574
GTDC1,22.540833,1.6560115,1.6518130307009196e-112,1.2190502071593502e-111,Mono,Mono,0.660183066361556,0.25004820361205726,0.41013486274949873
RP6-99M1.2,22.523697,4.3437095,2.4321196670706272e-112,1.788323284610755e-111,Mono,Mono,0.3426773455377574,0.0210489105983675,0.3216284349393899
FMNL2,22.46738,4.4541364,8.654606764037639e-112,6.3403712557052294e-111,Mono,Mono,0.3403890160183066,0.01940998778841827,0.32097902822988833
MAP1LC3A,22.43647,3.2620997,1.7347893948333376e-111,1.2685845666057312e-110,Mono,Mono,0.3695652173913043,0.04405810142039976,0.32550711597090454
FCGR2A,22.38498,5.9683356,5.513234077499133e-111,4.024258450729294e-110,Mono,Mono,0.3237986270022883,0.0052381258435632095,0.3185605011587251
FAM129A,22.23827,1.7053772,1.4649541853218704e-109,1.065421225688633e-108,Mono,Mono,0.744279176201373,0.30773185937399566,0.4365473168273773
MAMLD1,22.185413,5.3157344,4.750533726192393e-109,3.44866332209974e-108,Mono,Mono,0.324370709382151,0.008130342567003018,0.316240366815148
TTC28,22.163013,2.9079864,7.814165069031976e-109,5.662438455820272e-108,Mono,Mono,0.37986270022883295,0.05495211774535636,0.3249105824834766
CPM,22.158493,3.9783783,8.63936349308073e-109,6.2490875175990815e-108,Mono,Mono,0.34210526315789475,0.024005398804550413,0.3180998643533443
CEBPD,22.151108,1.944677,1.0178481494423437e-108,7.349084111497066e-108,Mono,Mono,0.4467963386727688,0.09749983932129311,0.34929649935147566
GNG11,22.14031,5.0997214,1.293453652858067e-108,9.322188489067149e-108,Mono,Mono,0.330091533180778,0.016871264220065553,0.3132202689607124
STX7,22.105919,1.6051639,2.772399350233164e-108,1.994531906642564e-107,Mono,Mono,0.5886727688787186,0.1976990809177967,0.39097368796092186
NF1,22.071522,1.6236339,5.936053934370268e-108,4.2552357952475036e-107,Mono,Mono,0.7814645308924484,0.3325406517128349,0.44892387917961346
PHLDA2,22.040226,6.127586,1.1854518193938816e-107,8.482660603891818e-107,Mono,Mono,0.3180778032036613,0.004466868050645927,0.31361093515301536
BCL11A,22.014736,2.571716,2.0807907526816852e-107,1.4862791090583465e-106,Mono,Mono,0.398741418764302,0.07111639565524774,0.3276250231090543
WDFY4,21.811342,2.5312963,1.8108885933825836e-105,1.2888886785641163e-104,Mono,Mono,0.38672768878718533,0.06150780898515326,0.32521987980203204
SUSD1,21.758707,3.695757,5.713730397127801e-105,4.059488736858118e-104,Mono,Mono,0.33810068649885583,0.024358891959637502,0.31374179453921835
ANKUB1,21.70342,1.5547452,1.904509469336672e-104,1.3507159356997675e-103,Mono,Mono,0.6910755148741419,0.2876791567581463,0.40339635811599556
SH3PXD2B,21.51388,6.141255,1.1543403692710137e-102,8.157882468346388e-102,Mono,Mono,0.3106407322654462,0.004531139533389034,0.3061095927320572
GPD2,21.483913,2.1538613,2.2015543176733017e-102,1.553124739099331e-101,Mono,Mono,0.4290617848970251,0.10023137733787514,0.32883040755915
GSAP,21.477213,1.9791106,2.5431154887040234e-102,1.7909264004957912e-101,Mono,Mono,0.44279176201372994,0.10659425412944273,0.3361975078842872
WARS,21.461172,1.7850668,3.591420588684538e-102,2.524724491166635e-101,Mono,Mono,0.4874141876430206,0.1414615335175782,0.3459526541254424
KIF13B,21.416332,1.5368998,9.41140563588411e-102,6.604495183076569e-101,Mono,Mono,0.6092677345537758,0.22382543865286963,0.3854422959009062
EFHD2,21.413294,1.5067667,1.0045687488913807e-101,7.037259186629638e-101,Mono,Mono,0.6224256292906178,0.22636416222122235,0.3960614670693955
DIAPH2,21.358488,1.5885079,3.251709445991256e-101,2.273922689504375e-100,Mono,Mono,0.6664759725400458,0.2763673757953595,0.39010859674468623
RGL1,21.344765,3.1747527,4.3616011817909996e-101,3.0447477708837694e-100,Mono,Mono,0.35068649885583525,0.040298219679928006,0.3103882791759072
FLVCR2,21.248642,4.5001497,3.3933403476984235e-100,2.3646971064100515e-99,Mono,Mono,0.3192219679633867,0.015393020116974092,0.3038289478464126
MT1E,21.145378,3.2562528,3.04338690198301e-99,2.1171387144229637e-98,Mono,Mono,0.347254004576659,0.04139083488656081,0.3058631696900982
CPQ,21.122602,1.6205618,4.93023175771501e-99,3.4237720539687574e-98,Mono,Mono,0.5354691075514875,0.17382222507873252,0.36164688247275495
PRDM1,21.008512,2.2242758,5.48263242402663e-98,3.8007850426527767e-97,Mono,Mono,0.3970251716247139,0.07744713670544376,0.31957803491927017
MCTP2,20.985727,1.7265556,8.855872142524691e-98,6.128631240501517e-97,Mono,Mono,0.5657894736842105,0.2326627675300468,0.33312670615416373
PPAP2B,20.978287,5.040603,1.0355616739733112e-97,7.154139371145502e-97,Mono,Mono,0.3112128146453089,0.01320778970370846,0.29800502494160047
TFEC,20.905027,3.950951,4.819228779702493e-97,3.3236060549672367e-96,Mono,Mono,0.31750572082379863,0.01716048589240953,0.3003452349313891
SKAP2,20.763296,1.8167784,9.296597516179577e-96,6.389414100467063e-95,Mono,Mono,0.44107551487414187,0.11057908605951534,0.33049642881462654
ARHGAP31,20.620846,2.195295,1.784104259098345e-94,1.2219892185605103e-93,Mono,Mono,0.410183066361556,0.09907449064849921,0.3111085757130568
ACER3,20.609133,1.7296227,2.2727086730452103e-94,1.5539888362702294e-93,Mono,Mono,0.47883295194508,0.14351822096535763,0.3353147309797224
FLT1,20.601568,3.763619,2.6569886034991754e-94,1.8136440979516557e-93,Mono,Mono,0.3232265446224256,0.027668873320907502,0.2955576713015181
ID2,20.477253,1.5467328,3.4349540318580698e-93,2.3367034230327007e-92,Mono,Mono,0.5961098398169337,0.23545857702937195,0.3606512627875617
CRIM1,20.4408,2.9913416,7.254057147140249e-93,4.9263545990765696e-92,Mono,Mono,0.34324942791762014,0.0454720740407481,0.29777735387687204
TNS3,20.32669,4.0271106,7.467205474573878e-92,5.062512186151782e-91,Mono,Mono,0.3135011441647597,0.023362683977119342,0.2901384601876404
WNT5A,20.220419,6.833803,6.472993281494885e-91,4.381044522162359e-90,Mono,Mono,0.290045766590389,0.002731538016582042,0.28731422857380695
HIST2H2AA3,20.213068,4.0416346,7.512902200735441e-91,5.07628527076719e-90,Mono,Mono,0.30720823798627006,0.017031942926923317,0.2901762950593467
TMEM65,20.212349,1.6038601,7.623145688322908e-91,5.1420881540120795e-90,Mono,Mono,0.5005720823798627,0.1623176296677164,0.3382544527121463
RP11-624L4.1,20.108965,4.710121,6.159581888927855e-90,4.140895387514525e-89,Mono,Mono,0.29919908466819223,0.012018767272960983,0.28718031739523125
GK-AS1,20.08151,4.363219,1.0708925011791454e-89,7.175159136878696e-89,Mono,Mono,0.301487414187643,0.013946911755254188,0.2875405024323888
SPSB1,20.067204,2.2761977,1.4281693112952909e-89,9.5529719819083e-89,Mono,Mono,0.3741418764302059,0.07188765344816503,0.30225422298204085
RFTN1,19.97859,1.4936373,8.45780315657549e-89,5.638535437716993e-88,Mono,Mono,0.8844393592677344,0.5291792531653704,0.355260106102364
HMGA2,19.96909,7.134802,1.022998961718032e-88,6.808645335893724e-88,Mono,Mono,0.2860411899313501,0.002442316344238061,0.283598873587112
LINC00926,19.960823,2.5141692,1.2070817958826606e-88,8.020477049054223e-88,Mono,Mono,0.3546910755148741,0.05909762838228676,0.29559344713258734
ARNTL2,19.866194,5.794804,7.983121381740066e-88,5.278096781315746e-87,Mono,Mono,0.2883295194508009,0.005912976412365831,0.28241654303843505
ARSB,19.52492,1.6201452,6.742332939121128e-85,4.421201927292543e-84,Mono,Mono,0.46453089244851253,0.1442894787582749,0.3202414136902376
CYP1B1-AS1,19.521433,6.4058747,7.218447546238422e-85,4.725661241399949e-84,Mono,Mono,0.2808924485125858,0.0034706600681277708,0.27742178844445803
SLC22A15,19.470238,3.319732,1.9635746542129793e-84,1.2812885182466422e-83,Mono,Mono,0.312929061784897,0.0313966193200077,0.2815324424648893
CYBB,19.435287,4.448508,3.882391539120389e-84,2.5292453023585598e-83,Mono,Mono,0.29462242562929064,0.018895815926473415,0.2757266097028172
ATXN1,19.391884,1.5388223,9.036494750512891e-84,5.877394959683181e-83,Mono,Mono,0.9622425629290617,0.633331190950575,0.32891137197848674
ROCK2,19.375147,1.5835954,1.2510509724145297e-83,8.123707613081362e-83,Mono,Mono,0.461670480549199,0.14165434796580753,0.32001613258339145
LONRF3,19.366877,2.8390336,1.4690320958131252e-83,9.523708886957051e-83,Mono,Mono,0.3278032036613272,0.04428305161000063,0.2835201520513266
RP11-157D23.2,19.338388,8.050406,2.55332005239809e-83,1.652634338121741e-82,Mono,Mono,0.2757437070938215,0.0012211581721190312,0.27452254892170247
DUSP4,19.335432,1.5092865,2.703935959225763e-83,1.7472930269633362e-82,Mono,Mono,0.49656750572082375,0.16749148402853647,0.3290760216922873
LRP12,19.333485,2.8059688,2.808014615498742e-83,1.8116223325798335e-82,Mono,Mono,0.3226544622425629,0.03891638280095121,0.28373807944161167
AHI1,19.279684,1.4128755,7.95602706248646e-83,5.124655112712696e-82,Mono,Mono,0.5474828375286042,0.2040298219679927,0.3434530155606115
TBXAS1,19.277742,2.704282,8.26033759761482e-83,5.312114210684772e-82,Mono,Mono,0.3289473684210526,0.045568481264862765,0.28337888715618986
METRNL,19.21964,1.2158021,2.5351601015097757e-82,1.6277111406162285e-81,Mono,Mono,0.5732265446224256,0.2057651520020566,0.36746139262036903
MT1G,19.187353,5.855597,4.7208734405954816e-82,3.026200923458642e-81,Mono,Mono,0.278604118993135,0.005784433446879618,0.27281968554625535
RPS6KC1,19.102472,1.3755138,2.4080929202795526e-81,1.5362634260156636e-80,Mono,Mono,0.5463386727688787,0.2039655504852496,0.3423731222836291
DYNLL1,19.068134,1.385851,4.645898497795468e-81,2.9591710177041197e-80,Mono,Mono,0.5635011441647597,0.22009769265376944,0.3434034515109903
RUFY3,19.067217,1.735057,4.728085766663916e-81,3.0067318070994696e-80,Mono,Mono,0.4204805491990846,0.11735972748891312,0.3031208217101715
PDE8A,19.050589,1.3722085,6.496704109579712e-81,4.124891498145849e-80,Mono,Mono,0.5537757437070938,0.20910726910469818,0.34466847460239564
HIST1H2AC,18.889874,1.6501299,1.381754413861735e-79,8.731465490437503e-79,Mono,Mono,0.4313501144164759,0.12892859438267235,0.30242152003380357
HIST1H2BC,18.725796,2.8047683,3.050777239272929e-78,1.9217494420616875e-77,Mono,Mono,0.312929061784897,0.039205604473295186,0.2737234573116018
LILRA3,18.649345,7.8026624,1.2783319628777329e-77,8.014620456913686e-77,Mono,Mono,0.2660183066361556,0.0011890224307474777,0.26482928420540813
AKR1C1,18.600601,5.8504963,3.177280541591603e-77,1.9889080072560893e-76,Mono,Mono,0.27059496567505725,0.006491419757053793,0.26410354591800345
EDN1,18.545174,7.168486,8.921315063861747e-77,5.575821914913592e-76,Mono,Mono,0.26544622425629294,0.002088823189150973,0.26335740106714195
KANK1,18.503023,2.6820672,1.952101560693342e-76,1.2181601002766565e-75,Mono,Mono,0.3209382151029748,0.04981039912590782,0.27112781597706703
MFSD12,18.482538,2.292979,2.854272624763194e-76,1.7783630060829867e-75,Mono,Mono,0.341533180778032,0.06681020631145958,0.27472297446657246
H1FX,18.391457,1.5803922,1.5379121711205697e-75,9.567105263580527e-75,Mono,Mono,0.46281464530892447,0.16508130342566996,0.2977333418832545
MITF,18.263828,6.440925,1.6062596594906472e-74,9.94588024452413e-74,Mono,Mono,0.26315789473684215,0.0037920174818433052,0.2593658772549988
PHTF1,18.235844,1.6410954,2.6808818652869313e-74,1.6574231006410703e-73,Mono,Mono,0.39187643020594964,0.10325213702680117,0.2886242931791485
S100A12,18.226627,6.714374,3.172937571204493e-74,1.958603439015119e-73,Mono,Mono,0.26144164759725397,0.0024101806028665076,0.25903146699438745
SPINK1,18.208693,5.3051195,4.403355692493686e-74,2.7139326301964166e-73,Mono,Mono,0.26887871853546913,0.011183237997300595,0.25769548053816854
KLHL2,18.165966,1.256515,9.600364840841588e-74,5.907916825133285e-73,Mono,Mono,0.5274599542334097,0.19609229384921906,0.3313676603841907
SRGAP1,18.15259,4.888862,1.2248914737661499e-73,7.52621489257235e-73,Mono,Mono,0.2683066361556064,0.009640722411466029,0.2586659137441404
MYO1F,18.129227,1.3487879,1.8737657658150405e-73,1.1495495495797794e-72,Mono,Mono,0.6756292906178489,0.2959380422906356,0.37969124832721335
DUSP10,18.119186,1.2258496,2.248933489964521e-73,1.3776009126888336e-72,Mono,Mono,0.5337528604118993,0.2010733337618098,0.3326795266500895
RMDN2-AS1,18.066828,3.9252613,5.816414634873928e-73,3.5520089373275894e-72,Mono,Mono,0.27517162471395884,0.015971463461662054,0.2592001612522968
ATP8B4,17.97433,3.6442862,3.0957266905746327e-72,1.8847651084168234e-71,Mono,Mono,0.2826086956521739,0.024680249373353034,0.25792844627882083
ADRBK2,17.945417,1.9125972,5.211803606452912e-72,3.168269669576238e-71,Mono,Mono,0.3689931350114416,0.09348287164984892,0.2755102633615927
STEAP1B,17.91481,3.213206,9.037650205719769e-72,5.485675390421711e-71,Mono,Mono,0.2911899313501144,0.0327784561989845,0.2584114751511299
RAPH1,17.7777,2.7820888,1.0520819253468979e-70,6.366607717681682e-70,Mono,Mono,0.2963386727688787,0.036441930715341596,0.25989674205353713
VCAN,17.739199,7.5921135,2.0889455799870372e-70,1.2622027673637686e-69,Mono,Mono,0.2534324942791762,0.001606787068577672,0.2518257072105985
RP11-318M2.2,17.706367,6.1710815,3.744733231315107e-70,2.2592659012459167e-69,Mono,Mono,0.2551487414187643,0.0034063885853846637,0.25174235283337965
NEK7,17.692595,1.3406607,4.782164333713373e-70,2.8808218877791403e-69,Mono,Mono,0.7831807780320366,0.36811491741114455,0.415065860620892
CES1,17.57024,6.28801,4.164137537049942e-69,2.4972339052773265e-68,Mono,Mono,0.2534324942791762,0.0037920174818433052,0.2496404767973329
BCL2,17.53659,1.3823326,7.531350666891809e-69,4.509790818498089e-68,Mono,Mono,0.5537757437070938,0.25380808535252897,0.29996765835456485
AGO4,17.522854,1.2942158,9.589307876457526e-69,5.733517414922287e-68,Mono,Mono,0.47826086956521735,0.1717655376309531,0.30649533193426426
ADAMDEC1,17.519169,6.8220477,1.0230844457886931e-68,6.1079668405295104e-68,Mono,Mono,0.25114416475972534,0.002249501896008741,0.2488946628637166
RIN2,17.514448,6.8184547,1.1115737624274343e-68,6.626371162011531e-68,Mono,Mono,0.25114416475972534,0.002378044861494954,0.2487661198982304
TRAK1,17.463171,1.2763209,2.733242575830369e-68,1.626930104660934e-67,Mono,Mono,0.4776887871853547,0.17221543801015482,0.30547334917519986
MICU1,17.462011,1.2220182,2.7893273198504716e-68,1.6578468468650646e-67,Mono,Mono,0.5434782608695652,0.21778391927501756,0.32569434159454763
SPIRE1,17.452452,2.8622627,3.29773756496355e-68,1.9571142818774774e-67,Mono,Mono,0.2871853546910755,0.03274632045761294,0.25443903423346254
MAST2,17.450922,2.3263986,3.387187186867984e-68,2.007222036662509e-67,Mono,Mono,0.3135011441647597,0.05440581014203995,0.2590953340227198
RP11-779O18.3,17.411919,2.4343626,6.70012981145425e-68,3.964573852931509e-67,Mono,Mono,0.30778032036613273,0.050356706729224224,0.2574236136369085
RP11-624C23.1,17.23699,2.5104594,1.4014743380224765e-66,8.280498304416404e-66,Mono,Mono,0.30949656750572085,0.05733016260685132,0.25216640489886955
AC022816.2,17.22189,6.403071,1.8194711465712014e-66,1.0734343047617706e-65,Mono,Mono,0.24771167048054918,0.002956488206182916,0.24475518227436627
C10orf11,17.216274,4.9178095,2.0048856465256552e-66,1.1810813823420648e-65,Mono,Mono,0.25400457665903886,0.008644514428947873,0.245360062230091
TMCC3,17.20006,2.1404045,2.6525540039066104e-66,1.560325884650947e-65,Mono,Mono,0.31864988558352403,0.060929365640465305,0.2577205199430587
HBEGF,17.175821,7.3194532,4.029134060688973e-66,2.3665985672181925e-65,Mono,Mono,0.24542334096109836,0.0014782441030914586,0.2439450968580069
LGMN,17.048187,3.27635,3.605408673225856e-65,2.1115131321966946e-64,Mono,Mono,0.2711670480549199,0.025290828459412548,0.24587621959550737
MME,16.972998,4.676583,1.3011785770303152e-64,7.598123077549286e-64,Mono,Mono,0.25171624713958807,0.009544315187351368,0.24217193195223669
PTX3,16.970982,7.1984987,1.3466201722879373e-64,7.852012666401967e-64,Mono,Mono,0.2425629290617849,0.0014782441030914586,0.24108468495869342
LMO4,16.87396,1.3418198,6.994591134567605e-64,4.0666227526555846e-63,Mono,Mono,0.4376430205949656,0.1542194228420849,0.28342359775288073
RP11-955H22.1,16.85771,6.965663,9.208963589507762e-64,5.346277845868077e-63,Mono,Mono,0.2414187643020595,0.0019281444822932064,0.2394906198197663
NETO2,16.855715,2.8601747,9.525025283750091e-64,5.521753787681213e-63,Mono,Mono,0.2780320366132723,0.03284272768172761,0.2451893089315447
NQO1,16.838459,3.3271923,1.2751280309022447e-63,7.381348948782893e-63,Mono,Mono,0.2683066361556064,0.0262227649591876,0.2420838711964188
DTNA,16.827429,6.7587943,1.5363234845937648e-63,8.880482569906156e-63,Mono,Mono,0.2414187643020595,0.0024101806028665076,0.23900858369919298
AC007246.3,16.81341,2.1574414,1.9464369383881362e-63,1.1234845243221566e-62,Mono,Mono,0.31407322654462244,0.06282537438138694,0.25124785216323553
ANKRD33B,16.759459,2.4724364,4.830046288893819e-63,2.783888350947446e-62,Mono,Mono,0.2980549199084668,0.05218844398740277,0.245866475921064
FURIN,16.709398,1.2367501,1.1196089453478203e-62,6.434534168665634e-62,Mono,Mono,0.4227688787185354,0.13908348865608325,0.2836853900624522
LPAR1,16.596945,6.185651,7.332918833073644e-62,4.208274796598935e-61,Mono,Mono,0.23913043478260868,0.003309981361270004,0.23582045342133867
ITSN1,16.480722,3.6159775,5.047856399733696e-61,2.8844893712763976e-60,Mono,Mono,0.2551487414187643,0.01831737258178546,0.23683136883697886
FBXL20,15.994423,1.275256,1.397463435834711e-57,7.928870557927438e-57,Mono,Mono,0.780320366132723,0.40275724660967915,0.3775631195230439
CSF3,15.893068,6.171093,7.07764113211819e-57,3.993027437020136e-56,Mono,Mono,0.22997711670480547,0.004499003792017481,0.225478112912788
GAB1,15.7584505,2.6790621,6.008815358921188e-56,3.3757389656860606e-55,Mono,Mono,0.26315789473684215,0.03351757825053023,0.22964031648631192
ABHD17C,15.729978,4.209709,9.424429896977568e-56,5.279792659371187e-55,Mono,Mono,0.23741418764302058,0.012790025065878265,0.22462416257714232
RP11-1143G9.4,15.701569,4.6093035,1.4754892205256016e-55,8.242956539249172e-55,Mono,Mono,0.23283752860411897,0.008901600359920301,0.22393592824419867
HECW2,15.692137,3.3571196,1.711954055108843e-55,9.550650237706237e-55,Mono,Mono,0.24999999999999997,0.02442316344238061,0.22557683655761937
CREB5,15.545782,4.9690146,1.6993535856302515e-54,9.453983786538256e-54,Mono,Mono,0.22883295194508008,0.00758403496368661,0.22124891698139346
EMR2,15.278203,4.746556,1.0684676488130605e-52,5.919488359075128e-52,Mono,Mono,0.22482837528604116,0.007101998843113308,0.21772637644292786
MSRA,15.225892,1.353284,2.3808894591834484e-52,1.3172279165606908e-51,Mono,Mono,0.36784897025171626,0.12099106626389866,0.2468579039878176
MOB3B,15.206501,2.7169054,3.2020546877585907e-52,1.7690909877119285e-51,Mono,Mono,0.26086956521739135,0.041037341731473734,0.21983222348591763
BMPR2,15.18867,1.0926074,4.203624085350214e-52,2.3192408746759804e-51,Mono,Mono,0.4582379862700229,0.1841056623176296,0.2741323239523933
DGKH,15.036906,2.125946,4.207607556256512e-51,2.3182410778272796e-50,Mono,Mono,0.2797482837528604,0.0566553120380487,0.22309297171481174
DENND5B,15.033075,1.816791,4.458169676116506e-51,2.4529131643006914e-50,Mono,Mono,0.29977116704805495,0.07236968956873834,0.2274014774793166
NEDD4,15.007535,3.1210065,6.553794868175762e-51,3.600986191305364e-50,Mono,Mono,0.2437070938215103,0.027443923131306627,0.21626317069020368
ARHGEF10L,15.002968,6.7383375,7.020845983189381e-51,3.8523160401587824e-50,Mono,Mono,0.21510297482837526,0.002024551706407867,0.2130784231219674
MT1X,14.986121,1.252697,9.048561534349251e-51,4.958115909232466e-50,Mono,Mono,0.4021739130434782,0.15460505173854355,0.24756886130493466
MCU,14.9796,1.4497838,9.981577656076261e-51,5.461875598400143e-50,Mono,Mono,0.347254004576659,0.11009704993894204,0.23715695463771697
TRPS1,14.958853,1.1104993,1.3635594071005827e-50,7.45114430109608e-50,Mono,Mono,0.6767734553775744,0.35391091972491795,0.32286253565265643
SASH1,14.946534,5.305661,1.640697169821799e-50,8.953326984020732e-50,Mono,Mono,0.21910755148741418,0.006780641429397774,0.2123269100580164
EXT1,14.924037,1.3852777,2.29932762847405e-50,1.253039579549891e-49,Mono,Mono,0.38272311212814647,0.14380744263770162,0.23891566949044485
HSPA1A,14.781059,2.039004,1.940894628268574e-49,1.0534027833208001e-48,Mono,Mono,0.2763157894736842,0.05626968314159006,0.22004610633209412
FAR2,14.691776,1.7993373,7.278050460972964e-49,3.94474279727532e-48,Mono,Mono,0.3026315789473684,0.08014653898065427,0.22248503996671415
MTRNR2L8,14.660622,1.0243715,1.1521264852645329e-48,6.236137944598283e-48,Mono,Mono,0.6773455377574371,0.33681470531525154,0.34053083244218557
PELI2,14.65686,1.0535363,1.2177532063266643e-48,6.564707311734039e-48,Mono,Mono,0.4336384439359267,0.17308310302718677,0.26055534090873994
PSD3,14.653639,2.940037,1.2769055341673633e-48,6.874323198747581e-48,Mono,Mono,0.24313501144164756,0.03197506266469566,0.2111599487769519
ZFYVE28,14.583094,0.940409,3.598340137867017e-48,1.9319947048950426e-47,Mono,Mono,0.5995423340961099,0.2734751590719197,0.3260671750241902
TGFBR1,14.568528,0.9734281,4.45383928304386e-48,2.388117578039603e-47,Mono,Mono,0.5303203661327232,0.23989330933864633,0.2904270567940768
PTMS,14.524925,2.1393857,8.42345250754814e-48,4.510550204845056e-47,Mono,Mono,0.2568649885583524,0.0421620926794781,0.21470289587887428
NR4A2,14.470232,1.9268079,1.868413591461999e-47,9.991516531882347e-47,Mono,Mono,0.2700228832951945,0.05373095957323733,0.2162919237219572
LILRB1,14.462786,2.5562272,2.0819744411628962e-47,1.1118688604341234e-46,Mono,Mono,0.24599542334096108,0.03528504402596567,0.21071037931499542
AFF3,14.429675,1.1270822,3.366616395285866e-47,1.795528744152462e-46,Mono,Mono,0.4010297482837528,0.1545086445144289,0.24652110376932393
THEMIS2,14.403493,1.5003339,4.919325476943654e-47,2.616662487735986e-46,Mono,Mono,0.29977116704805495,0.0772221865158429,0.22254898053221206
BMP2K,14.3598175,1.0836967,9.247089056092628e-47,4.9121323007132155e-46,Mono,Mono,0.3970251716247139,0.14936692589498032,0.24765824572973358
PTGER4,14.355002,1.0651593,9.912256003995438e-47,5.2584912488039454e-46,Mono,Mono,0.4021739130434782,0.1533196220836814,0.2488542909597968
DAPK1,14.30575,2.5980775,2.0145519585060007e-46,1.067312295897219e-45,Mono,Mono,0.24656750572082375,0.03888424705957965,0.2076832586612441
JAK2,14.262149,1.1164984,3.766735154213273e-46,1.9929815630758056e-45,Mono,Mono,0.39073226544622425,0.14859566810206304,0.2421365973441612
NR6A1,14.18375,2.5124142,1.1550533370715739e-45,6.103320143046626e-45,Mono,Mono,0.24199084668192217,0.03480300790539237,0.2071878387765298
CDK19,14.167595,0.9681726,1.4539474012057336e-45,7.662436896999913e-45,Mono,Mono,0.4799771167048055,0.20846455427726712,0.27151256242753835
PPM1H,14.041247,5.6072836,8.716522357934888e-45,4.58764334628152e-44,Mono,Mono,0.20366132723112126,0.004049103412815732,0.19961222381830554
RASSF8,14.029384,4.836554,1.0304307974309911e-44,5.416193416194434e-44,Mono,Mono,0.20594965675057209,0.006105790860595152,0.19984386588997693
ACVR2A,14.029061,1.3575183,1.0351278237047088e-44,5.433741856717631e-44,Mono,Mono,0.3220823798627002,0.09946011954495786,0.22262226031774235
KCNE1,14.004049,5.9609036,1.4723621197828245e-44,7.718805346174702e-44,Mono,Mono,0.20194508009153317,0.0028600809820682554,0.19908499910946492
PDE4B,13.930003,1.0809187,4.1633678433927486e-44,2.1797737399962036e-43,Mono,Mono,0.7093821510297482,0.39697281316279953,0.3124093378669487
CDKN2B,13.866894,5.471347,1.0053701338079508e-43,5.2499745890754614e-43,Mono,Mono,0.20080091533180777,0.003534931550870878,0.1972659837809369
ASAP2,13.860568,5.6342616,1.0980123607355371e-43,5.726270460159255e-43,Mono,Mono,0.20080091533180777,0.0037598817404717517,0.197041033591336
SLC1A4,13.842539,1.3633245,1.4113193294019774e-43,7.350621507301966e-43,Mono,Mono,0.30892448512585813,0.09200462754675746,0.21691985757910065
AC006369.2,13.835513,1.0358084,1.5562265141624932e-43,8.094806315539626e-43,Mono,Mono,0.4313501144164759,0.18516614178289084,0.24618397263358507
PCSK5,13.785566,1.8248624,3.113150468746603e-43,1.6151234597907148e-42,Mono,Mono,0.27059496567505725,0.06343595346744646,0.2071590122076108
RSPH3,13.71671,2.5611107,8.064206793469785e-43,4.1675487304753414e-42,Mono,Mono,0.22940503432494277,0.029757696510058475,0.1996473378148843
MACF1,13.633398,1.0491424,2.534966589377984e-42,1.308369852582185e-41,Mono,Mono,0.7191075514874141,0.4073526576258113,0.3117548938616028
PLXDC2,13.618644,3.8960066,3.102780227191481e-42,1.5973128582710327e-41,Mono,Mono,0.20709382151029748,0.012404396169419624,0.19468942534087785
FAM63B,13.616484,1.0822589,3.1958774367577803e-42,1.643124646147959e-41,Mono,Mono,0.35526315789473684,0.12703258564175068,0.22823057225298615
EIF4A3,13.6092825,0.9134262,3.526878733854678e-42,1.808655760951117e-41,Mono,Mono,0.40389016018306634,0.1618355935471431,0.24205456663592323
UEVLD,13.4796,1.7083893,2.0622110941427528e-41,1.056190061020616e-40,Mono,Mono,0.26315789473684215,0.05990102191657559,0.20325687282026655
IL19,13.424095,6.3596625,4.3688930497213556e-41,2.2318738440466695e-40,Mono,Mono,0.19279176201372997,0.0020566874477794196,0.19073507456595054
RP11-366L20.2,13.390479,7.5355296,6.873574973265757e-41,3.498002530924049e-40,Mono,Mono,0.19107551487414187,0.0009640722411466031,0.19011144263299526
RAI14,13.348333,5.6211166,1.211285729703575e-40,6.156471307260864e-40,Mono,Mono,0.19393592677345536,0.004274053602416607,0.18966187317103875
RHOBTB3,13.298568,1.9998813,2.359438002896481e-40,1.196166287906961e-39,Mono,Mono,0.24542334096109836,0.04833215502281636,0.197091185938282
KCNQ1OT1,13.290436,2.465923,2.6304272827676124e-40,1.3318619153253732e-39,Mono,Mono,0.22768878718535468,0.034096021595218184,0.1935927655901365
TIAM1,13.288065,1.2169489,2.7150923958201804e-40,1.3729923619823921e-39,Mono,Mono,0.3684210526315789,0.15219487113567703,0.2162261814959019
NCS1,13.257918,1.846534,4.060098371225634e-40,2.0505547329422394e-39,Mono,Mono,0.24942791762013727,0.051481457677228594,0.1979464599429087
SLC12A6,13.23105,0.88092875,5.80710429108171e-40,2.9291824923489076e-39,Mono,Mono,0.5194508009153318,0.24638472909570014,0.27306607181963166
ADAM10,13.224327,1.0737648,6.350279773777039e-40,3.1991333872932185e-39,Mono,Mono,0.7774599542334095,0.40725625040169666,0.37020370383171286
PAM,13.142679,0.91144276,1.8746869023804595e-39,9.420537197891756e-39,Mono,Mono,0.42734553775743706,0.18545536345523483,0.24189017430220222
HAVCR2,12.931626,1.7368021,2.9843804001931296e-38,1.4959300251594634e-37,Mono,Mono,0.2534324942791762,0.05916189986502986,0.19427059441414635
NEK6,12.745429,2.5081847,3.3056544460989956e-37,1.6548958428530642e-36,Mono,Mono,0.22139588100686497,0.03708464554277266,0.1843112354640923
MT1M,12.7216,6.629316,4.485838999113237e-37,2.2373261840963778e-36,Mono,Mono,0.18249427917620137,0.0017996015168069922,0.18069467765939437
NR4A3,12.59929,3.5138025,2.130532924887228e-36,1.0586499005650822e-35,Mono,Mono,0.19393592677345536,0.013561282858795548,0.18037464391465982
SLC16A10,12.437067,1.1174698,1.6443124528282816e-35,8.130098654280749e-35,Mono,Mono,0.36784897025171626,0.16074297834051027,0.207105991911206
MICAL2,12.413493,2.0744717,2.208040679122677e-35,1.0903904588260132e-34,Mono,Mono,0.22940503432494277,0.047175268333440434,0.18222976599150234
DNAJC3-AS1,12.358449,3.0373616,4.3853473468578565e-35,2.154961841207792e-34,Mono,Mono,0.19679633867276886,0.018703001478244097,0.17809333719452475
AHCYL2,12.323924,0.8451337,6.733603417129478e-35,3.3048360329469833e-34,Mono,Mono,0.42677345537757433,0.19442123529789826,0.23235222007967607
SMIM14,12.219365,1.0459546,2.449916053827151e-34,1.1994693041993396e-33,Mono,Mono,0.30778032036613273,0.10861880583585058,0.19916151453028214
ADAM8,12.174489,2.127148,4.2504523611014e-34,2.075923009084933e-33,Mono,Mono,0.21395881006864986,0.03528504402596567,0.1786737660426842
KIFC3,12.14208,1.908961,6.319888635487207e-34,3.079117483794011e-33,Mono,Mono,0.22254004576659037,0.042451314351822075,0.18008873141476828
RN7SL1,12.132777,0.7873796,7.080634887372925e-34,3.445564422079283e-33,Mono,Mono,0.4834096109839816,0.23658332797737633,0.24682628300660528
PTPN9,12.115309,1.0789014,8.763312473697458e-34,4.259204118443479e-33,Mono,Mono,0.31178489702517165,0.11430683205861555,0.1974780649665561
ABLIM3,12.09292,7.2882667,1.1512012228315615e-33,5.588355450638648e-33,Mono,Mono,0.17276887871853547,0.0010604794652612636,0.1717083992532742
AGPAT9,12.024278,3.0589135,2.648952724324219e-33,1.281234691329731e-32,Mono,Mono,0.19736842105263158,0.025515778649013422,0.17185264240361817
CCL7,11.984204,6.5243616,4.2995325898501536e-33,2.0770688839855816e-32,Mono,Mono,0.17219679633867274,0.002024551706407867,0.17017224463226488
GLIPR2,11.976505,1.0890056,4.717937802587023e-33,2.2737049651021798e-32,Mono,Mono,0.2986270022883295,0.1054373674400668,0.19318963484826268
SH3RF1,11.964763,4.2575536,5.435265411344822e-33,2.616252905581142e-32,Mono,Mono,0.17906178489702518,0.008580242946204766,0.1704815419508204
DPYSL3,11.939919,6.8140306,7.329395378211038e-33,3.523747777986076e-32,Mono,Mono,0.17105263157894735,0.0015103798444630122,0.16954225173448434
GADD45A,11.917365,1.8703299,9.609952651155173e-33,4.614623121803204e-32,Mono,Mono,0.22482837528604116,0.04833215502281636,0.1764962202632248
SOCS1,11.768524,0.8325399,5.670804230642765e-32,2.7198101825624773e-31,Mono,Mono,0.41304347826086957,0.19438909955652672,0.21865437870434284
MGAM,11.74251,5.8422036,7.716212996088166e-32,3.696389459203912e-31,Mono,Mono,0.16933638443935928,0.002442316344238061,0.16689406809512122
HEXIM1,11.714438,1.0679405,1.0750124911003565e-31,5.143600435886874e-31,Mono,Mono,0.2803203661327231,0.09348287164984892,0.18683749448287418
RFX2,11.710466,1.182751,1.126578237627168e-31,5.383886440273205e-31,Mono,Mono,0.2660183066361556,0.08258885532489232,0.1834294513112633
NFKB1,11.680098,1.1121202,1.6111099047092163e-31,7.6902620749843265e-31,Mono,Mono,0.897025171624714,0.5718876534481648,0.3251375181765491
PPARG,11.6563425,5.4577403,2.1299734605584927e-31,1.0154819835797343e-30,Mono,Mono,0.16933638443935928,0.003599203033613984,0.16573718140574528
SLC7A5,11.655736,0.681704,2.145188089345481e-31,1.0215181377835624e-30,Mono,Mono,0.40160183066361554,0.18021723761167166,0.22138459305194388
RP11-426C22.5,11.613157,0.8181302,3.533229226403584e-31,1.680489525043322e-30,Mono,Mono,0.42734553775743706,0.2076290250016067,0.21971651275583035
DLGAP1,11.526693,1.5675408,9.679022105078383e-31,4.592655803121416e-30,Mono,Mono,0.22997711670480547,0.05659104055530559,0.17338607614949988
TPRG1,11.428386,1.2509263,3.016656107665915e-30,1.429694837756358e-29,Mono,Mono,0.26315789473684215,0.08525612185873124,0.1779017728781109
GPHN,11.389791,0.8044536,4.701197726796757e-30,2.2254190422706543e-29,Mono,Mono,0.461670480549199,0.23558711999485818,0.22608336055434083
CDYL2,11.37815,1.0783006,5.372747322008187e-30,2.540306062415219e-29,Mono,Mono,0.2923340961098398,0.10894016324956612,0.18339393286027367
PSTPIP2,11.356478,1.5199213,6.886551598777433e-30,3.252208547238457e-29,Mono,Mono,0.2437070938215103,0.07224114660325212,0.17146594721825817
SLC15A4,11.355777,0.70142686,6.941998925245358e-30,3.2745277949270554e-29,Mono,Mono,0.36441647597254,0.15788289735844202,0.206533578614098
SERPINB9,11.352643,0.80158573,7.19539239378861e-30,3.39005530920547e-29,Mono,Mono,0.5938215102974829,0.34112089465903966,0.2527006156384432
CHI3L1,11.299283,7.347315,1.322933064856792e-29,6.2036720509111e-29,Mono,Mono,0.16132723112128144,0.0008998007584034962,0.16042743036287796
KMO,11.293202,2.4158516,1.4177477159207389e-29,6.632737852260766e-29,Mono,Mono,0.19508009153318076,0.031557298026865466,0.1635227935063153
PKD2,11.283494,1.4153069,1.5833066249233358e-29,7.398629088426803e-29,Mono,Mono,0.24427917620137296,0.07195192493090814,0.17232725127046483
ST3GAL4,11.281177,2.0146925,1.62557930689962e-29,7.587301315750851e-29,Mono,Mono,0.19736842105263158,0.032007198406067215,0.16536122264656436
RP11-157E21.1,11.252136,8.252644,2.2605081222528486e-29,1.0526231069861926e-28,Mono,Mono,0.16018306636155605,0.00044990037920174806,0.1597331659823543
CPEB3,11.231932,1.1413257,2.8419702583371233e-29,1.3218466317847085e-28,Mono,Mono,0.2694508009153318,0.09264734237418853,0.17680345854114327
STAM,11.223791,0.65409106,3.116185388198627e-29,1.4477051745405931e-28,Mono,Mono,0.5520594965675057,0.27845619898451046,0.2736032975829953
USP6NL,11.162828,0.82098454,6.198753946167866e-29,2.8731188626502277e-28,Mono,Mono,0.3197940503432494,0.12880005141718615,0.19099399892606328
SLC39A11,11.080115,0.8217285,1.5666988954142723e-28,7.253235626917927e-28,Mono,Mono,0.36441647597254,0.1675878912526511,0.1968285847198889
GADD45B,11.011803,0.67502475,3.352276832902599e-28,1.5501858186832829e-27,Mono,Mono,0.46739130434782605,0.2352978983225142,0.23209340602531187
PPM1L,10.958787,1.0332454,6.030202055378353e-28,2.785312727657438e-27,Mono,Mono,0.2763157894736842,0.10071341345844845,0.17560237601523573
RP13-143G15.4,10.951031,4.8000035,6.569599843777419e-28,3.0309572520311044e-27,Mono,Mono,0.16132723112128144,0.00552734751590719,0.15579988360537425
C4orf45,10.925777,4.20611,8.67935237836158e-28,3.999701556848655e-27,Mono,Mono,0.16247139588100684,0.006684234205283113,0.15578716167572373
PPP1R12B,10.887744,0.783099,1.3186694392349349e-27,6.0628479964824595e-27,Mono,Mono,0.341533180778032,0.1495276046018381,0.19200557617619393
STON2,10.816725,5.780243,2.868461796309653e-27,1.3173188501996112e-26,Mono,Mono,0.15617848970251716,0.0024744520856096147,0.15370403761690754
PHLPP1,10.799029,0.69306344,3.478612450463475e-27,1.5938659566842956e-26,Mono,Mono,0.4056064073226544,0.1961244295905906,0.2094819777320638
ABCC3,10.798126,6.05547,3.512983588852195e-27,1.6077728095433386e-26,Mono,Mono,0.15560640732265446,0.002249501896008741,0.1533569054266457
BTBD11,10.727861,0.8281272,7.531912181290992e-27,3.435307722367613e-26,Mono,Mono,0.37643020594965676,0.18362362619705627,0.1928065797526005
AC104695.3,10.615523,4.445503,2.523771823337164e-26,1.1497821518620337e-25,Mono,Mono,0.15732265446224256,0.006137926601966706,0.15118472786027584
ADAP1,10.600679,2.7060225,2.958246215554979e-26,1.3446573707068088e-25,Mono,Mono,0.16990846681922195,0.017096214409666424,0.15281225240955554
CSF2RB,10.576474,3.7826557,3.8310359664393493e-26,1.7394033899838135e-25,Mono,Mono,0.15961098398169335,0.00870878591169098,0.15090219807000238
CDK8,10.535681,0.6011591,5.915358810143654e-26,2.6796642401556757e-25,Mono,Mono,0.46510297482837526,0.23568352721897284,0.22941944760940242
FTL,10.533392,0.15410745,6.061025161519402e-26,2.7425453219544804e-25,Mono,Mono,0.9914187643020594,0.9834179574522781,0.008000806849781328
STXBP5-AS1,10.49464,2.7448778,9.14254676856892e-26,4.132224528166743e-25,Mono,Mono,0.17048054919908467,0.01921717334018895,0.1512633758588957
SPRED1,10.465193,3.9546206,1.2482184817485215e-25,5.628944675303366e-25,Mono,Mono,0.15789473684210525,0.00870878591169098,0.14918595093041429
UBASH3B,10.425411,0.848772,1.8983621012650386e-25,8.541561760472615e-25,Mono,Mono,0.3180778032036613,0.14065813998328935,0.17741966322037195
AC017002.1,10.419049,2.5895097,2.0297128523591444e-25,9.12230495442312e-25,Mono,Mono,0.16876430205949655,0.018413779805900116,0.15035052225359644
CREB3L2,10.401861,0.8583271,2.4313779169347606e-25,1.091527684370263e-24,Mono,Mono,0.2917620137299771,0.11864515714377526,0.17311685658620185
ITPR1,10.353621,0.6683228,4.0295457700981436e-25,1.8069711973534274e-24,Mono,Mono,0.45766590389016015,0.24162863937271023,0.21603726451744992
FER,10.345519,0.83090824,4.385347274092774e-25,1.964321287387581e-24,Mono,Mono,0.29977116704805495,0.12536152709042991,0.17440963995762504
XRCC4,10.302994,1.0222974,6.83022141705934e-25,3.0560274796686085e-24,Mono,Mono,0.2574370709382151,0.09309724275339028,0.16433982818482484
NR3C1,10.285676,0.95347166,8.176588656720604e-25,3.6543412990930076e-24,Mono,Mono,0.9610983981693364,0.7210617648949159,0.24003663327442049
TFPI2,10.279342,4.7265434,8.732175850051528e-25,3.898292790201575e-24,Mono,Mono,0.15446224256292906,0.009094414808149622,0.14536782775477944
COTL1,10.247572,0.70790553,1.2135326543899168e-24,5.411516853466741e-24,Mono,Mono,0.562929061784897,0.31483385821710896,0.24809520356778803
NLRP3,10.229645,3.7884371,1.4605348202363241e-24,6.505723030005898e-24,Mono,Mono,0.15389016018306634,0.007776849411915929,0.14611331077115042
KCNK13,10.204359,5.745072,1.8956876242968784e-24,8.434650163723596e-24,Mono,Mono,0.14759725400457666,0.0026351307924673815,0.14496212321210927
AC069363.1,10.204063,3.3745425,1.9014635427404926e-24,8.450949078846633e-24,Mono,Mono,0.15617848970251716,0.010026351307924671,0.14615213839459248
EMILIN1,10.146727,5.78339,3.426644841100545e-24,1.5212629705218845e-23,Mono,Mono,0.14645308924485126,0.0022816376373802944,0.14417145160747097
SIPA1L3,10.132386,0.64219457,3.968434535382687e-24,1.759837931433564e-23,Mono,Mono,0.48169336384439354,0.2580178674722025,0.22367549637219103
VNN1,10.07806,6.631837,6.907644923912683e-24,3.0598648610908893e-23,Mono,Mono,0.14416475972540044,0.00102834372388971,0.14313641600151072
KMT2E-AS1,10.067151,1.0116295,7.718106649685515e-24,3.4150914379139445e-23,Mono,Mono,0.24199084668192217,0.08339224885918115,0.15859859782274102
ATRN,10.0283165,0.5745667,1.144511418458805e-23,5.058614004237812e-23,Mono,Mono,0.37757437070938216,0.1827238254386528,0.19485054527072937
JUN,9.98377,0.59280807,1.7951283232479393e-23,7.899354557746708e-23,Mono,Mono,0.538329519450801,0.29159971720547584,0.24672980224532515
SMAD5,9.929398,0.88382703,3.101243805303075e-23,1.3616877301001426e-22,Mono,Mono,0.2522883295194508,0.09293656404653251,0.1593517654729183
CRADD,9.897571,0.6514383,4.2650968229016295e-23,1.8686075894421158e-22,Mono,Mono,0.44336384439359267,0.2384150652355549,0.20494877915803777
PKP4,9.885843,1.0589464,4.7952698722527994e-23,2.0962928403290926e-22,Mono,Mono,0.24199084668192217,0.08683077318593738,0.1551600734959848
WWC2,9.867178,1.8036696,5.77669799542231e-23,2.522575543852537e-22,Mono,Mono,0.18192219679633864,0.03663474516357092,0.14528745163276774
LUZP1,9.8501625,0.47982872,6.843302505960603e-23,2.9818311572813085e-22,Mono,Mono,0.47940503432494275,0.2464168648370717,0.23298816948787104
GALNT7,9.825607,0.6933248,8.734604282043672e-23,3.8017864122061684e-22,Mono,Mono,0.31407322654462244,0.1421042483450093,0.17196897819961315
MLK7-AS1,9.789529,3.975525,1.2487621128593875e-22,5.4294004906929895e-22,Mono,Mono,0.14702517162471396,0.007487627739571949,0.139537543885142
UNC13B,9.783571,5.067185,1.3245241118154148e-22,5.746308511129782e-22,Mono,Mono,0.14244851258581237,0.0032778456198984504,0.13917066696591393
MYO9A,9.75208,0.5543736,1.8072626055947427e-22,7.832123967907877e-22,Mono,Mono,0.45480549199084663,0.23934700173532994,0.2154584902555167
GSN,9.728757,2.5184784,2.2735495780518416e-22,9.831565742926883e-22,Mono,Mono,0.17448512585812356,0.035959894594768296,0.13852523126335525
SLC4A8,9.634067,3.0053551,5.741131768899803e-22,2.477295261661188e-21,Mono,Mono,0.15217391304347827,0.013979047496625742,0.13819486554685254
RUNX2,9.6327095,0.60059017,5.8175109233694185e-22,2.507547811797163e-21,Mono,Mono,0.482837528604119,0.26598753133234776,0.21684999727177123
IRF4,9.627934,0.8584959,6.094224099219957e-22,2.6239931535930923e-21,Mono,Mono,0.2700228832951945,0.11321421685198274,0.15680866644321179
TTC7B,9.543363,3.4325857,1.3827435219915765e-21,5.9408959054417895e-21,Mono,Mono,0.14645308924485126,0.009994215566553118,0.13645887367829815
NAV2,9.540205,3.07303,1.4255082252100903e-21,6.11806105240382e-21,Mono,Mono,0.15274599542334094,0.01613214216851982,0.13661385325482112
CTC-550B14.7,9.4796295,0.9996614,2.5518857674302397e-21,1.0928846969722654e-20,Mono,Mono,0.25057208237986267,0.10093836364804931,0.14963371873181336
SNTB1,9.41261,0.6770274,4.839660904233245e-21,2.068231155655233e-20,Mono,Mono,0.5085812356979404,0.3112989266662381,0.19728230903170235
C1orf101,9.409193,1.6259702,4.999608256024791e-21,2.1343044849625573e-20,Mono,Mono,0.18478260869565216,0.04537566681663344,0.13940694187901873
FAM46A,9.356483,0.80712295,8.2434938799308e-21,3.5078697361407666e-20,Mono,Mono,0.2448512585812357,0.09390063628767911,0.15095062229355657
HIST1H1C,9.331761,0.8609646,1.0412557529487665e-20,4.4214681653875437e-20,Mono,Mono,0.27059496567505725,0.11938427919532099,0.15121068647973626
AC003092.1,9.331038,5.7843976,1.048382253785205e-20,4.447008499619109e-20,Mono,Mono,0.13501144164759726,0.0025065878269811682,0.1325048538206161
HIST2H2BE,9.324787,3.0342307,1.1120645985609848e-20,4.7121381294956984e-20,Mono,Mono,0.14588100686498856,0.012147310238447197,0.13373369662654136
FRY,9.318463,1.5288363,1.1803762546243901e-20,4.9963016068757255e-20,Mono,Mono,0.19107551487414187,0.05250980140111831,0.13856571347302357
RP11-120C12.3,9.3133745,7.7772026,1.2383378349770239e-20,5.2361007821438643e-20,Mono,Mono,0.13272311212814647,0.000514171861944855,0.1322089402662016
PTK2B,9.281918,0.6235224,1.664558716715077e-20,7.030871031531476e-20,Mono,Mono,0.618421052631579,0.348865608329584,0.26955544430199496
VAV3,9.276832,0.5548165,1.7459321218823097e-20,7.366802202035063e-20,Mono,Mono,0.3901601830663615,0.2052831158814833,0.18487706718487823
LHFP,9.25311,5.119998,2.1805350675880026e-20,9.190874889728147e-20,Mono,Mono,0.13501144164759726,0.0035027958094993243,0.13150864583809793
KLHDC10,9.241085,0.5083909,2.440102785083573e-20,1.0274116989825571e-19,Mono,Mono,0.4582379862700229,0.2440709557169483,0.21416703055307457
TTLL5,9.209066,0.87080866,3.289731996940966e-20,1.3822403348491455e-19,Mono,Mono,0.24656750572082375,0.09794973970049486,0.1486177660203289
MT1H,9.163269,5.654575,5.0348524166491005e-20,2.1132643931370832e-19,Mono,Mono,0.13272311212814647,0.0025708593097242744,0.1301522528184222
SPATS2L,9.080487,1.5906974,1.080894356846207e-19,4.522570530737268e-19,Mono,Mono,0.17448512585812356,0.040105405231698685,0.1343797206264249
LYST,9.065533,0.6446817,1.2399732561981398e-19,5.18275133207164e-19,Mono,Mono,0.6664759725400458,0.3771450607365511,0.2893309118034947
HSDL2,8.998264,0.6913823,2.293133044782346e-19,9.564684232668806e-19,Mono,Mono,0.2625858123569794,0.11135034385243263,0.15123546850454678
HIP1,8.9772625,0.8739581,2.775872687203825e-19,1.1566136196682603e-18,Mono,Mono,0.24199084668192217,0.09846391156243972,0.14352693511948245
IDO2,8.969884,5.8861265,2.968273868737212e-19,1.2354938059259987e-18,Mono,Mono,0.12929061784897025,0.0018638729995500993,0.12742674484942015
B3GNT7,8.947829,2.627288,3.6254007360068694e-19,1.5074431334747898e-18,Mono,Mono,0.14473684210526316,0.015907191978918947,0.12882965012634423
MAML3,8.927868,0.9489664,4.342994010492788e-19,1.80394351422338e-18,Mono,Mono,0.2522883295194508,0.11090044347323089,0.1413878860462199
CD99,8.918611,0.7195224,4.721745906094263e-19,1.959230666429155e-18,Mono,Mono,0.6950800915331807,0.3909955652676906,0.30408452626549015
QPCT,8.790756,3.0325246,1.4855710976955593e-18,6.151433116751799e-18,Mono,Mono,0.13901601830663615,0.0131113824795938,0.12590463582704237
CKB,8.733826,3.4805095,2.4620068019868102e-18,1.0173581826391777e-17,Mono,Mono,0.13615560640732266,0.011697409859245448,0.12445819654807722
RP11-24F11.2,8.714721,4.980147,2.9147555973936936e-18,1.201961071090183e-17,Mono,Mono,0.12700228832951943,0.0030850311716691292,0.1239172571578503
SLC9A1,8.708731,1.210018,3.072953523683838e-18,1.2658922857605925e-17,Mono,Mono,0.18649885583524026,0.05514493219358568,0.13135392364165457
PCSK6,8.633552,4.083767,5.947600611806222e-18,2.4425464524871548e-17,Mono,Mono,0.12929061784897025,0.006298605308824473,0.12299201254014577
ITGA2,8.597801,3.6371012,8.125821313857227e-18,3.3302546368267325e-17,Mono,Mono,0.13157894736842105,0.008869464618548747,0.1227094827498723
FAM151B,8.572839,3.6365476,1.0096514333735474e-17,4.133680382286786e-17,Mono,Mono,0.13043478260869565,0.00806607108425991,0.12236871152443574
CD9,8.56894,1.7471659,1.0444145061776316e-17,4.271633972096653e-17,Mono,Mono,0.17105263157894735,0.04592197441994985,0.1251306571589975
GPR183,8.56249,0.51706964,1.1045492317968337e-17,4.51296928211168e-17,Mono,Mono,0.5194508009153318,0.30262227649591866,0.21682852441941314
FRMD4B,8.542721,2.1250885,1.3109841503539368e-17,5.3509557157303544e-17,Mono,Mono,0.15446224256292906,0.03101099042354906,0.12345125213938
MCF2L2,8.528334,0.71765715,1.484708503345998e-17,6.053857302124355e-17,Mono,Mono,0.2242562929061785,0.08724853782376757,0.13700775508241092
CD40,8.404522,1.2985486,4.2960838948334006e-17,1.7463755670054475e-16,Mono,Mono,0.18192219679633864,0.05630181888296161,0.12562037791337705
CSF1,8.4024,2.8513663,4.374449618401165e-17,1.7764262409750924e-16,Mono,Mono,0.13844393592677345,0.018413779805900116,0.12003015612087334
TNFSF9,8.385922,4.141699,5.0329499830583086e-17,2.0417646990094559e-16,Mono,Mono,0.12471395881006864,0.005366668809049424,0.11934729000101921
ZNRF1,8.363735,0.4431171,6.076339491538187e-17,2.4625489327409063e-16,Mono,Mono,0.35068649885583525,0.18355935471431317,0.16712714414152208
ATP10D,8.3621235,0.8917608,6.159937767257951e-17,2.4939019300639477e-16,Mono,Mono,0.20251716247139587,0.07246609679285299,0.13005106567854288
PALLD,8.325665,2.0673418,8.385620079498697e-17,3.3812984191527003e-16,Mono,Mono,0.15217391304347827,0.03168584099235168,0.12048807205112659
SIK2,8.323521,0.50656873,8.538854466659404e-17,3.4396191205073126e-16,Mono,Mono,0.3123569794050343,0.15669387492769454,0.15566310447733978
HAS1,8.3107195,7.8978515,9.512370247908596e-17,3.8279155927197567e-16,Mono,Mono,0.11842105263157893,0.00044990037920174806,0.11797115225237718
ERN1,8.29217,0.44385022,1.1120163212363497e-16,4.470417371804421e-16,Mono,Mono,0.5966819221967964,0.3281701908863036,0.2685117313104928
SNCA,8.290439,2.901116,1.1283171987077227e-16,4.531394372320172e-16,Mono,Mono,0.13043478260869565,0.011601002635130787,0.11883377997356487
CTD-2337A12.1,8.271435,1.9838287,1.3235620718726254e-16,5.310178823962388e-16,Mono,Mono,0.14816933638443935,0.027765280545022163,0.12040405583941718
DIRC2,8.245317,0.4535897,1.6472278462957684e-16,6.602115616415905e-16,Mono,Mono,0.3192219679633867,0.16251044411594573,0.15671152384744097
RP11-24J23.2,8.239524,4.2249775,1.7289700697592224e-16,6.922803082119008e-16,Mono,Mono,0.12356979405034324,0.006395012532939133,0.11717478151740411
MAP3K5,8.224867,0.71444666,1.9540817699325497e-16,7.816327079730199e-16,Mono,Mono,0.7030892448512586,0.4376887974805577,0.26540044737070084
AP000304.12,8.209862,2.367674,2.2144285054063323e-16,8.840033953717894e-16,Mono,Mono,0.13729977116704806,0.018863680185101865,0.11843609098194618
DGKI,8.201727,5.1517596,2.3695814939927517e-16,9.449976047827524e-16,Mono,Mono,0.12013729977116704,0.0036956102577286446,0.11644168951343839
HPD,8.197385,4.0800076,2.4567324361823253e-16,9.787778630208467e-16,Mono,Mono,0.12299771167048054,0.006298605308824473,0.11669910636165606
RASGRP3,8.133282,1.1368669,4.1782176278803805e-16,1.6613191363341473e-15,Mono,Mono,0.18478260869565216,0.061604216209267926,0.12317839248638424
AK8,8.072871,3.7783163,6.86642460778957e-16,2.7247716697577657e-15,Mono,Mono,0.12242562929061784,0.007391220515457289,0.11503440877516055
TRIM2,8.072085,2.956701,6.91072809251598e-16,2.7396345262699626e-15,Mono,Mono,0.12929061784897025,0.01378623304839642,0.11550438480057383
XYLT1,8.033807,0.51788837,9.449401542463086e-16,3.742337244539836e-15,Mono,Mono,0.5600686498855836,0.32951989202390886,0.23054875786167472
FBXW7,7.984789,0.71998477,1.4076313640430716e-15,5.563760332186054e-15,Mono,Mono,0.7185354691075514,0.4232919853461018,0.2952434837614496
CCDC18,7.980081,0.47855976,1.4623695924037742e-15,5.7744110262735415e-15,Mono,Mono,0.3192219679633867,0.16800565589048133,0.15121631207290537
PPP1R10,7.9100456,0.3450877,2.5729492961961627e-15,1.0129721638567569e-14,Mono,Mono,0.43535469107551483,0.2449064849926087,0.19044820608290614
TGFA,7.8900833,2.1129506,3.019848131374231e-15,1.1877475442966495e-14,Mono,Mono,0.13672768878718533,0.022527154701458954,0.11420053408572638
PRKCI,7.8750763,0.39417222,3.4053546512768013e-15,1.338056837436857e-14,Mono,Mono,0.30434782608695654,0.15447650877305735,0.1498713173138992
GALNT2,7.858815,0.32828122,3.877845928193905e-15,1.5222162622939765e-14,Mono,Mono,0.5205949656750573,0.2898965229127835,0.23069844276227375
FANCC,7.812692,1.152323,5.597917446836952e-15,2.1952617438576282e-14,Mono,Mono,0.17391304347826086,0.05591618998650297,0.1179968534917579
DNER,7.7869434,5.0112844,6.864960338114479e-15,2.6895045399077295e-14,Mono,Mono,0.11384439359267733,0.00318143839578379,0.11066295519689354
ARHGAP26,7.76123,0.679887,8.410971984173747e-15,3.291965551535713e-14,Mono,Mono,0.7110983981693364,0.4411594575486855,0.2699389406206509
TNF,7.7328463,1.615927,1.0516821601387043e-14,4.108133438041814e-14,Mono,Mono,0.14874141876430205,0.03550999421556654,0.11323142454873551
PRLR,7.7133555,6.1164365,1.2255186736026549e-14,4.7825118969859706e-14,Mono,Mono,0.11098398169336383,0.001446108361719905,0.10953787333164393
CD86,7.6995287,2.8497386,1.3656906687506996e-14,5.32433009259532e-14,Mono,Mono,0.12585812356979403,0.015875056237547393,0.10998306733224664
SLC2A13,7.650591,0.3789105,2.0005770987039765e-14,7.784346687564111e-14,Mono,Mono,0.33867276887871856,0.18497332733466154,0.153699441544057
PTGIR,7.603519,4.279924,2.8818551050646245e-14,1.120254656973615e-13,Mono,Mono,0.11327231121281463,0.005141718619448549,0.10813059259336608
MAP7,7.5885053,3.7086256,3.2361737493861236e-14,1.2567665046159703e-13,Mono,Mono,0.11498855835240274,0.006812777170769327,0.10817578118163342
TAOK3,7.568728,0.88540924,3.76895886048199e-14,1.4594225984441397e-13,Mono,Mono,0.8466819221967963,0.5512565074876276,0.2954254147091687
ARHGAP32,7.531125,0.90838325,5.0304892966269924e-14,1.9422738597015415e-13,Mono,Mono,0.18478260869565216,0.06835272189729415,0.11642988679835801
KLRB1,41.625443,5.0341415,0.0,0.0,other T,other_T,0.7405204460966545,0.13007201548174235,0.610448430614912
PHACTR2,35.745277,3.1501222,7.833902616366793e-280,1.5667805232733586e-276,other T,other_T,0.7814126394052047,0.3225785983947211,0.4588340410104836
SPOCK2,35.073765,2.3953855,1.6934691247564615e-269,2.2579588330086152e-266,other T,other_T,0.8602230483271377,0.5132768630436852,0.34694618528345245
RORA,33.61045,1.9005907,1.1803725468662995e-247,1.1803725468662994e-244,other T,other_T,0.887732342007435,0.6650486976936013,0.2226836443138337
EML4,31.54048,1.49768,2.42196386332524e-218,1.9375710906601917e-215,other T,other_T,0.9412639405204463,0.7775768535262209,0.1636870869942254
PLCB1,31.164152,3.128036,3.2621192086338296e-213,2.1747461390892197e-210,other T,other_T,0.7055762081784388,0.25446527711684286,0.45111093106159594
GZMK,29.677172,4.0772996,1.5134164831028814e-193,7.567082415514407e-191,other T,other_T,0.5561338289962826,0.08020050125313286,0.4759333277431498
ERN1,29.624289,2.5733054,7.27300437954541e-193,3.2324463909090717e-190,other T,other_T,0.7278810408921935,0.32600488563180113,0.4018761552603924
ME1,28.773964,6.267808,4.54275032605704e-182,1.817100130422816e-179,other T,other_T,0.47657992565055773,0.01795628311284541,0.4586236425377123
CXCR6,28.188868,4.5573993,8.006678642296574e-175,2.911519506289663e-172,other T,other_T,0.4966542750929369,0.0483804447828432,0.4482738303100937
FYN,27.677443,1.4157784,1.3049445007348954e-168,4.349815002449651e-166,other T,other_T,0.9702602230483273,0.8152977380159261,0.15496248503240118
PTPN22,27.634937,2.4859126,4.2342840252414515e-168,1.3028566231512159e-165,other T,other_T,0.7524163568773236,0.35116271691887957,0.401253639958444
TNFAIP3,27.606674,1.9421841,9.252431084487081e-168,2.6435517384248805e-165,other T,other_T,0.8750929368029741,0.5828178040036802,0.29227513279929385
CEBPD,27.360525,3.7295768,8.09426791587233e-165,2.1584714442326214e-162,other T,other_T,0.5241635687732342,0.09866438247517531,0.42549918629805894
CYBA,27.073967,1.4031487,1.9949930172919478e-161,4.987482543229869e-159,other T,other_T,0.9197026022304834,0.7472795913835224,0.172423010846961
IL7R,26.599648,1.67434,6.852235139341674e-156,1.6122906210215702e-153,other T,other_T,0.9360594795539035,0.7117794486215541,0.22428003093234938
TC2N,26.43633,1.6965607,5.240065102257464e-154,1.16445891161277e-151,other T,other_T,0.8802973977695169,0.639351543415501,0.24094585435401583
SRGN,26.401611,1.6532843,1.3130414582142501e-153,2.7642978067668424e-151,other T,other_T,0.8810408921933086,0.6461089432441867,0.23493194894912195
SYTL2,26.096737,2.3934405,3.9704364813148257e-150,7.940872962629651e-148,other T,other_T,0.6951672862453533,0.30855620062815275,0.38661108561720053
SLC4A10,25.87543,6.6133676,1.259255978705496e-147,2.289556324919084e-145,other T,other_T,0.42453531598513017,0.01094508422956125,0.4135902317555689
ZBTB16,24.51604,4.1755466,9.96355931610046e-133,1.7327929245392105e-130,other T,other_T,0.44014869888475844,0.046699026046127995,0.3934496728386304
CCL5,23.67354,2.6701179,6.755612562476253e-124,1.0808980099962004e-121,other T,other_T,0.8014869888475837,0.3527489610101203,0.4487380278374634
MPZL3,23.452545,2.2167945,1.245170067906231e-121,1.9156462583172786e-119,other T,other_T,0.612639405204461,0.27790996478538127,0.33472944041907976
AUTS2,23.328026,2.2004726,2.3037567292399935e-120,3.4129729322073977e-118,other T,other_T,0.7040892193308552,0.33777481678880755,0.36631440254204767
AMICA1,23.124651,3.0700028,2.616208709617675e-118,3.7374410137395354e-116,other T,other_T,0.4691449814126395,0.11347990228736402,0.35566507912527545
AC092580.4,23.02066,2.542403,2.894959729310489e-117,3.993047902497226e-115,other T,other_T,0.5501858736059481,0.19136448716728538,0.3588213864386627
STAT4,22.79559,1.7189032,5.071186611540226e-115,6.761582148720302e-113,other T,other_T,0.7687732342007436,0.5124202912344153,0.25635294296632827
PARP8,22.762882,1.4112824,1.069767496619123e-114,1.3803451569279005e-112,other T,other_T,0.8312267657992566,0.6338314139779831,0.19739535182127343
PPP1R14B,22.054193,1.6371298,8.706962070371324e-108,1.0883702587964155e-105,other T,other_T,0.7799256505576211,0.5238412486913487,0.25608440186627235
ADAM12,21.984299,5.9251184,4.0703649480514924e-107,4.9337756946078696e-105,other T,other_T,0.36431226765799263,0.01319755083912313,0.3511147168188695
CST7,21.698732,2.1973922,2.1089668377967077e-104,2.4811374562314207e-102,other T,other_T,0.6000000000000001,0.24536023603312088,0.35463976396687924
FAM129A,21.648695,2.0826728,6.252447590115638e-104,7.145654388703587e-102,other T,other_T,0.6557620817843868,0.31709019383902803,0.33867188794535874
DUSP16,21.29068,1.9675285,1.3850328887685403e-100,1.4973328527227462e-98,other T,other_T,0.5977695167286247,0.30604993496399235,0.2917195817646323
CXCR4,21.246721,1.3141447,3.5350600098802084e-100,3.7211157998739034e-98,other T,other_T,0.908550185873606,0.7318295739348373,0.17672061193876876
RP11-219B17.1,21.00523,1.8702224,5.874867172129749e-98,6.025504791927948e-96,other T,other_T,0.621561338289963,0.3395196852891724,0.28204165300079054
SIPA1L1,19.955893,1.6558502,1.3322481698526154e-88,1.3322481698526154e-86,other T,other_T,0.6981412639405207,0.42657276101646535,0.2715685029240553
CCR6,19.806376,3.3197825,2.6230165978976874e-87,2.559040583314817e-85,other T,other_T,0.3821561338289964,0.07255480473335238,0.309601329095644
S100A4,19.632753,1.9171317,8.119257182814443e-86,7.732625888394707e-84,other T,other_T,0.5695167286245354,0.3048126645728246,0.2647040640517108
ARHGAP26,19.560358,1.5985038,3.3670115568764465e-85,3.132103773838555e-83,other T,other_T,0.6988847583643124,0.44513181688398223,0.2537529414803302
FTH1,19.553,0.43996486,3.889606853893986e-85,3.536006230812715e-83,other T,other_T,0.9784386617100373,0.9811871450778848,-0.0027484833678474985
CBLB,18.872158,1.2290509,1.9324055625079453e-79,1.5774739285779145e-77,other T,other_T,0.8475836431226768,0.6621300085657182,0.1854536345569585
PDE4D,18.868643,1.4776982,2.0653355943501358e-79,1.6522684754801085e-77,other T,other_T,0.7249070631970262,0.4865962374290157,0.23831082576801055
CDC14A,18.769518,1.346757,1.3409626401389905e-78,1.031509723183839e-76,other T,other_T,0.7561338289962827,0.5461121157323691,0.2100217132639136
AC006369.2,18.531233,2.1438515,1.1560790974363576e-76,8.725125263670624e-75,other T,other_T,0.46988847583643134,0.1866692046572127,0.28321927117921863
GAPDH,18.432802,0.77180487,7.167327385610542e-76,5.119519561150387e-74,other T,other_T,0.9323420074349444,0.8577773547793537,0.07456465265559076
TGFB1,18.134205,1.4291326,1.7115842790564557e-73,1.1333973743990653e-71,other T,other_T,0.7107806691449816,0.4656578154246377,0.24512285372034393
CYTH3,18.133665,2.7895613,1.7284309959585744e-73,1.1333973743990653e-71,other T,other_T,0.3799256505576209,0.09511119571079601,0.2848144548468249
MYO1F,17.911194,1.7520967,9.644520045996784e-72,6.22227099741728e-70,other T,other_T,0.5895910780669147,0.3044636908727516,0.2851273871941631
CREM,17.707314,1.6754903,3.682343961425121e-70,2.3014649758907006e-68,other T,other_T,0.5650557620817844,0.31252181085625463,0.2525339512255298
GPR183,17.704514,1.7049385,3.870084362924302e-70,2.3815903771841858e-68,other T,other_T,0.5524163568773235,0.30398781764537935,0.24842853923194413
RGS2,17.554575,2.5845628,5.487658423590014e-69,3.181251260052182e-67,other T,other_T,0.3843866171003718,0.10815012214079506,0.27623649495957675
IKZF2,17.491102,2.0705304,1.6748686044015364e-68,9.57067773943735e-67,other T,other_T,0.4728624535315986,0.18777957552108124,0.28508287801051735
ALOX5AP,17.37996,2.3576112,1.1703547297409645e-67,6.501970720783136e-66,other T,other_T,0.3992565055762083,0.132197582564005,0.2670589230122033
RUNX2,17.355247,1.7441958,1.8002290243639536e-67,9.8642686266518e-66,other T,other_T,0.5256505576208179,0.26693315567399517,0.25871740194682274
NEK7,17.35194,1.4748923,1.9069340486853726e-67,1.0307751614515527e-65,other T,other_T,0.6022304832713756,0.38114273024332995,0.22108775302804567
CD96,17.285772,1.1881081,6.020955238381173e-67,3.2111761271366255e-65,other T,other_T,0.9003717472118961,0.7168871545953494,0.1834845926165467
NCOA7,17.226954,1.4212725,1.667017474491293e-66,8.659831036318405e-65,other T,other_T,0.629739776951673,0.4088702769582184,0.22086949999345462
RAB27A,17.202885,1.5362597,2.5263650717307327e-66,1.295571831656786e-64,other T,other_T,0.604460966542751,0.3544938295104852,0.24996713703226586
DNAJC1,17.157213,1.4747943,5.551434077980316e-66,2.8108526977115527e-64,other T,other_T,0.6289962825278812,0.3966244725738398,0.2323718099540414
EPHA4,17.13852,1.7282209,7.657545386205568e-66,3.828772693102784e-64,other T,other_T,0.5472118959107808,0.27746581643983387,0.2697460794709469
LYAR,17.10641,1.7380636,1.3294680587418146e-65,6.56527436415711e-64,other T,other_T,0.5323420074349443,0.260778528599981,0.2715634788349633
RUNX3,16.773436,1.315657,3.8177962121732486e-63,1.7966099821991756e-61,other T,other_T,0.7018587360594797,0.47517527997208225,0.22668345608739743
GNG2,16.74133,1.5005208,6.550811496692933e-63,3.0468890682292715e-61,other T,other_T,0.6371747211895913,0.3824751752799722,0.2546995459096191
SLAMF1,16.693878,2.0375261,1.4522158391266411e-62,6.676854432766167e-61,other T,other_T,0.4267657992565056,0.1654135338345865,0.2613522654219191
ZFYVE28,16.386826,1.6634218,2.3752998124928392e-60,1.0796817329512906e-58,other T,other_T,0.5420074349442381,0.2800989816312935,0.2619084533129446
TGFBR3,16.301693,1.6620519,9.599658294869978e-60,4.314453166233698e-58,other T,other_T,0.5851301115241637,0.29624694648012445,0.28888316504403927
GPR65,16.235853,2.1791773,2.8130913290193534e-59,1.2502628128974904e-57,other T,other_T,0.3888475836431228,0.13832048475619432,0.2505270988869285
NEO1,16.19652,2.8036764,5.336330862532492e-59,2.3456399395747218e-57,other T,other_T,0.3323420074349443,0.07575901779765873,0.25658298963728554
S100A6,16.054066,1.0161813,5.353982510797219e-58,2.3278184829553126e-56,other T,other_T,0.776208178438662,0.6368770026331654,0.1393311758054966
P2RY8,15.584814,1.2494844,9.233122016782317e-55,3.8876303228557122e-53,other T,other_T,0.717472118959108,0.5068367120332479,0.21063540692586014
SIK3,15.490506,0.9645364,4.0211040262932145e-54,1.675460010955506e-52,other T,other_T,0.8275092936802975,0.6787538466419215,0.14875544703837595
GCHFR,15.2869625,2.0052435,9.340644361664153e-53,3.851812107902744e-51,other T,other_T,0.3895910780669146,0.1532629040956823,0.23632817397123232
FURIN,15.178183,2.138903,4.932612177053716e-52,2.013311092674986e-50,other T,other_T,0.3695167286245354,0.1449827099394055,0.22453401868512987
SLC7A5,15.052471,1.8368008,3.3257437205903714e-51,1.3437348366021702e-49,other T,other_T,0.4118959107806692,0.18260841978363634,0.22928749099703288
DPP4,14.833094,3.542806,8.951089218595856e-50,3.580435687438342e-48,other T,other_T,0.27286245353159855,0.03759398496240603,0.23526846856919253
CD99,14.655738,1.2560841,1.2380430212069371e-48,4.855070671399754e-47,other T,other_T,0.6141263940520447,0.3983376161923798,0.21578877785966494
GALNT10,14.641502,1.3312575,1.5265788101871988e-48,5.928461398785238e-47,other T,other_T,0.5553903345724909,0.345769487008661,0.20962084756382987
HNRNPLL,14.580204,1.7605628,3.753925973520791e-48,1.4438176821233814e-46,other T,other_T,0.41412639405204466,0.18793819993020533,0.22618819412183933
MXRA7,14.560283,1.8881054,5.024966767561616e-48,1.9142730543091873e-46,other T,other_T,0.38513011152416365,0.1465689540306463,0.23856115749351736
ANXA1,14.4097185,1.4606462,4.495400000951835e-47,1.696377358849749e-45,other T,other_T,0.5234200743494425,0.2812728022588117,0.2421472720906308
CMIP,14.379208,1.2195055,6.989051355680576e-47,2.612729478759094e-45,other T,other_T,0.6304832713754649,0.4212112559880716,0.20927201538739332
MYBL1,14.333925,2.2671428,1.3431045599220497e-46,4.9288240731084393e-45,other T,other_T,0.3301115241635688,0.10025062656641606,0.22986089759715275
PLXND1,14.329532,2.2648947,1.430820598638808e-46,5.156110265365074e-45,other T,other_T,0.3278810408921934,0.09764918625678123,0.23023185463541215
GALM,14.140866,1.7939264,2.1265103784859872e-45,7.461439924512236e-44,other T,other_T,0.3895910780669146,0.16966466799911178,0.21992641006780284
PPP2R2B,13.700844,1.7552358,1.0035062449346255e-42,3.4017160845241543e-41,other T,other_T,0.39033457249070636,0.16531835918911209,0.22501621330159427
CDC42EP3,13.575779,1.2637421,5.574798324193147e-42,1.8738817896447555e-40,other T,other_T,0.533828996282528,0.3268297325592463,0.2069992637232817
MXD4,13.416254,1.2656639,4.856498521823919e-41,1.5922945973193177e-39,other T,other_T,0.5434944237918217,0.33840931442530386,0.2050851093665178
SMAD3,13.3707075,1.1884738,8.968404921252118e-41,2.8930338455651993e-39,other T,other_T,0.5591078066914499,0.3757177754512866,0.1833900312401633
NCS1,13.318179,2.933022,1.814794317135696e-40,5.761251800430781e-39,other T,other_T,0.2646840148698885,0.05336125122933919,0.21132276364054933
CLDND1,13.128643,1.1270034,2.256625974956358e-39,7.107483385689316e-38,other T,other_T,0.5747211895910782,0.4044287935027443,0.1702923960883339
PTPRJ,13.0239725,1.157619,8.939686112148064e-39,2.79365191004627e-37,other T,other_T,0.6907063197026024,0.4775229212271186,0.21318339847548384
METRNL,12.923893,1.4841355,3.3001095886590975e-38,1.0232897949330535e-36,other T,other_T,0.42453531598513017,0.21680784239078715,0.20772747359434302
MVB12B,12.87983,1.4574949,5.846403954124957e-38,1.7988935243461405e-36,other T,other_T,0.4215613382899629,0.21906030900034906,0.20250102928961383
SLA,12.789618,1.2365993,1.8739380092230564e-37,5.721948119765058e-36,other T,other_T,0.5286245353159853,0.32108752894895476,0.20753700636703054
ARL4C,12.628835,0.9345046,1.4643004292930584e-36,4.4039110655430326e-35,other T,other_T,0.7204460966542752,0.5613083341264555,0.15913776252781964
LUZP1,12.591121,1.3520876,2.362937114507696e-36,7.001295154096877e-35,other T,other_T,0.4423791821561339,0.25097554011611317,0.19140364204002075
CD7,12.536526,0.99906474,4.7120543429289755e-36,1.385898336155581e-34,other T,other_T,0.6557620817843868,0.49474953205799327,0.1610125497263935
GZMA,12.508699,2.348472,6.691055758695779e-36,1.939436451795878e-34,other T,other_T,0.2758364312267658,0.07388724976999464,0.20194918145677118
IL18RAP,12.404313,3.026461,2.4762781877646546e-35,7.075080536470441e-34,other T,other_T,0.23866171003717476,0.0385774562989753,0.20008425373819946
IL32,12.305684,0.9304458,8.441842973607162e-35,2.37798393622737e-33,other T,other_T,0.7360594795539035,0.5840867992766728,0.15197268027723065
PLP2,12.294991,1.489543,9.63685643851647e-35,2.695624178606006e-33,other T,other_T,0.38364312267657996,0.19907363345071546,0.1845694892258645
MAF,12.24875,1.8931183,1.7060613947670532e-34,4.710379644222471e-33,other T,other_T,0.31003717472118963,0.11151295961422548,0.19852421510696416
CDK17,12.243783,0.81628835,1.8137794032618868e-34,4.969258639073663e-33,other T,other_T,0.7710037174721192,0.640557088924844,0.13044662854727518
SPIDR,12.230733,1.0441,2.1300891276883747e-34,5.7961608916690474e-33,other T,other_T,0.592565055762082,0.4337425843088736,0.15882247145320838
GPRIN3,12.130222,1.1504712,7.305079095924047e-34,1.9743457016010938e-32,other T,other_T,0.5249070631970261,0.33939278576187315,0.18551427743515292
TNIK,12.029041,0.9657553,2.5004630183565966e-33,6.712652398272743e-32,other T,other_T,0.6572490706319704,0.49373433583959914,0.16351473479237122
CD58,11.811835,1.2691164,3.3907712113045303e-32,8.982175394184186e-31,other T,other_T,0.4371747211895911,0.25449700199866765,0.18267771919092346
LINC-PINT,11.783094,0.4850479,4.770908527425048e-32,1.2555022440592232e-30,other T,other_T,0.9278810408921935,0.882776561657308,0.045104479234885475
PYHIN1,11.7568655,1.1551858,6.510637266424143e-32,1.7021273899148084e-30,other T,other_T,0.5680297397769518,0.3624884997303386,0.20554124004661323
UTRN,11.698093,0.84753746,1.3034960929729077e-31,3.385704137591968e-30,other T,other_T,0.6899628252788106,0.5571523746074047,0.13281045067140584
PDE4B,11.665055,1.02471,1.9227785206884465e-31,4.962009085647604e-30,other T,other_T,0.5769516728624537,0.40661781034865657,0.17033386251379717
TANC2,11.614209,1.2063973,3.4900322116358354e-31,8.948800542655988e-30,other T,other_T,0.454275092936803,0.28536531201421284,0.16890978092259018
GABARAPL1,11.5656805,1.1941954,6.150144734589714e-31,1.566915855946424e-29,other T,other_T,0.4594795539033458,0.2793058595856731,0.18017369431767272
RNF19A,11.554625,0.8658183,6.9952310509294215e-31,1.7709445698555498e-29,other T,other_T,0.7055762081784388,0.5603883125535359,0.14518789562490286
LYST,11.388243,1.0311338,4.7854143431884215e-30,1.2038778221857665e-28,other T,other_T,0.5479553903345726,0.38590146251705226,0.16205392781752037
SAMD3,11.348529,1.2630676,7.542079147926614e-30,1.8855197869816536e-28,other T,other_T,0.4520446096654276,0.2505631166523906,0.20148149301303697
EVA1C,11.211554,1.6781905,3.578566553018189e-29,8.890848578927178e-28,other T,other_T,0.30929368029739784,0.13330795342787352,0.17598572686952432
IL12RB2,11.187189,1.9795291,4.711338580512809e-29,1.1632934766698293e-27,other T,other_T,0.2713754646840149,0.09047936296437299,0.18089610171964193
MYO1D,11.014388,1.6092234,3.257436167635305e-28,7.944966262525134e-27,other T,other_T,0.3174721189591079,0.14707655213984333,0.17039556681926454
PIK3R1,11.003758,0.8499679,3.6652902600812857e-28,8.8855521456516e-27,other T,other_T,0.7026022304832715,0.5570571999619303,0.14554503052134127
STAT5B,10.886821,0.88276243,1.332099514163776e-27,3.190657518955152e-26,other T,other_T,0.6260223048327138,0.48009263665492863,0.1459296681777852
AGAP1,10.863138,2.617903,1.727098098629611e-27,4.112138330070502e-26,other T,other_T,0.22156133828996286,0.04679420069160244,0.1747671375983604
P2RY14,10.855828,4.114644,1.8710292436054325e-27,4.428471582498065e-26,other T,other_T,0.1895910780669145,0.015735541385108347,0.17385553668180614
PLEKHA5,10.715075,1.6492555,8.648776076326739e-27,2.0350061356062914e-25,other T,other_T,0.2996282527881041,0.12540845785349455,0.17421979493460957
DUSP2,10.692198,1.4928607,1.1071599447870028e-26,2.5898478240631644e-25,other T,other_T,0.32713754646840154,0.1634783160432728,0.16365923042512875
SERPINB9,10.616492,0.98295516,2.4977131804875478e-26,5.7750593768498215e-25,other T,other_T,0.4996282527881042,0.34837092731829583,0.15125732546980836
MGAT5,10.580445,0.86044574,3.6721006881475254e-26,8.441610777350634e-25,other T,other_T,0.6133828996282529,0.47749119634529374,0.13589170328295913
SPATS2L,10.577792,2.9176352,3.7775494871252643e-26,8.63439882771489e-25,other T,other_T,0.20817843866171007,0.040385774562989765,0.1677926640987203
ARHGAP10,10.5639305,1.5637219,4.379319687285982e-26,9.952999289286324e-25,other T,other_T,0.3055762081784387,0.14066812601123066,0.16490808216720806
PCNXL2,10.512668,0.980636,7.552661979321282e-26,1.6972274110834342e-24,other T,other_T,0.5256505576208179,0.3699438469591702,0.1557067106616477
BCL11B,10.432176,0.81483376,1.7679324053057238e-25,3.950686939230668e-24,other T,other_T,0.7345724907063199,0.589384854541417,0.14518763616490293
KLRG1,10.416769,1.6538885,2.0789626280228993e-25,4.6199169511619984e-24,other T,other_T,0.2840148698884759,0.1152882205513785,0.1687266493370974
MAPKAPK2,10.412585,1.0400146,2.172396862787986e-25,4.800877044835328e-24,other T,other_T,0.4520446096654276,0.29615177183465,0.15589283783077756
PTPRC,10.400324,0.5015437,2.470931168847045e-25,5.43061795350999e-24,other T,other_T,0.9613382899628254,0.9062846990894962,0.05505359087332928
CARD11,10.351996,0.94396234,4.0984918390193304e-25,8.958452107146078e-24,other T,other_T,0.5330855018587362,0.37587639986041066,0.1572091019983255
GTDC1,10.230558,1.1022702,1.4468321570730607e-24,3.0948281434717876e-23,other T,other_T,0.41710037174721193,0.2656641604010026,0.15143621134620933
CD69,10.149441,1.0752755,3.332661177611958e-24,7.090768463004167e-23,other T,other_T,0.425278810408922,0.27518162494844717,0.15009718546047485
CREB3L2,10.121635,1.643119,4.429496438829599e-24,9.325255660693891e-23,other T,other_T,0.27955390334572494,0.12137939786174301,0.15817450548398193
PTK2B,10.099248,0.95242256,5.566755614247917e-24,1.1658126940833334e-22,other T,other_T,0.5137546468401488,0.3567780210018719,0.15697662583827693
ITM2C,10.052789,1.4791625,8.930390713260991e-24,1.850858178914195e-22,other T,other_T,0.2996282527881041,0.1349259224009391,0.16470233038716503
DLEU1,9.972703,1.1246961,2.0069083236785847e-23,4.095731272813438e-22,other T,other_T,0.4089219330855019,0.2688049237016593,0.14011700938384258
CRY1,9.969117,1.062849,2.0807006490037645e-23,4.224772891378202e-22,other T,other_T,0.4215613382899629,0.27435677802100195,0.14720456026896095
CLASP1,9.954863,0.7601778,2.4015507383737923e-23,4.851617653280388e-22,other T,other_T,0.6810408921933088,0.5498239269058725,0.13121696528743632
CD3G,9.894313,0.79147446,4.406268599816742e-23,8.856821306164305e-22,other T,other_T,0.6944237918215614,0.5528695155610547,0.14155427626050676
S100A11,9.876671,0.9123791,5.2549559286026205e-23,1.050991185720524e-21,other T,other_T,0.5345724907063198,0.37197423939595836,0.16259825131036149
PRKCQ,9.652541,0.7970252,4.795257389143291e-22,9.448783032794661e-21,other T,other_T,0.6684014869888477,0.5262840645918595,0.1421174223969882
CD8A,9.609158,1.130723,7.314522617395646e-22,1.43422012105797e-20,other T,other_T,0.3776951672862454,0.21940928270042204,0.15828588458582338
TSEN54,9.575482,1.3276386,1.0138268301038965e-21,1.9781986928856518e-20,other T,other_T,0.3115241635687733,0.15818026077852868,0.15334390279024465
LGALS3,9.556782,1.286164,1.2147525625383392e-21,2.3587428398802703e-20,other T,other_T,0.32862453531598523,0.17255163224516995,0.15607290307081528
BLK,9.480758,2.1569493,2.5244250944945556e-21,4.8140443839688803e-20,other T,other_T,0.21486988847583646,0.06471875892262302,0.15015112955321344
CLIC5,9.480637,2.1728384,2.527373301583662e-21,4.8140443839688803e-20,other T,other_T,0.21263940520446098,0.06103867263094448,0.1516007325735165
PTPRM,9.453331,2.146233,3.2821540113616985e-21,6.192743417663582e-20,other T,other_T,0.21933085501858737,0.07163478316043276,0.14769607185815462
ID2,9.38255,1.0617567,6.439608642699546e-21,1.2093161770327786e-19,other T,other_T,0.39628252788104096,0.24859617397925202,0.14768635390178894
DNAJC3,9.343644,0.796528,9.307394823590281e-21,1.739699967026221e-19,other T,other_T,0.5501858736059481,0.41470765521398445,0.1354782183919636
SLCO3A1,9.279473,0.99731505,1.70317992123014e-20,3.154036891166926e-19,other T,other_T,0.41635687732342014,0.26912217251990744,0.1472347048035127
SLFN12L,9.208123,0.9078702,3.31877056989791e-20,6.089487284216348e-19,other T,other_T,0.513011152416357,0.3518289394372007,0.16118221297915625
ZNRF1,9.153666,1.1998504,5.503371877654781e-20,1.0051820781104623e-18,other T,other_T,0.3301115241635688,0.18657403001173828,0.14353749415183054
IL18R1,9.126443,2.1070156,7.078700480076395e-20,1.287036450922981e-18,other T,other_T,0.20743494423791822,0.061831794676564855,0.14560314956135337
PREX1,9.058943,0.8024679,1.3172136254705545e-19,2.373357883730729e-18,other T,other_T,0.5486988847583645,0.4103930712858096,0.13830581347255488
PDE8A,9.054396,1.1033708,1.3732653034875392e-19,2.4632561497534336e-18,other T,other_T,0.3539033457249071,0.2220424478918817,0.1318608978330254
SH3KBP1,8.911769,0.6101237,5.022460924157076e-19,8.850151408206301e-18,other T,other_T,0.7531598513011154,0.6488055581992959,0.10435429310181954
ABCG1,8.893465,0.87435156,5.923254233655513e-19,1.039167409413248e-17,other T,other_T,0.4609665427509294,0.32790837854129,0.1330581642096394
PDE4DIP,8.834289,0.73843473,1.0073753304613665e-18,1.7519570964545504e-17,other T,other_T,0.5910780669144983,0.460105961105295,0.13097210580920327
ITGA1,8.718466,1.6634365,2.819977669025324e-18,4.841163380300985e-17,other T,other_T,0.23568773234200746,0.09856920782970088,0.13711852451230658
PLEKHA2,8.636726,0.7969285,5.784670528145016e-18,9.888325689136779e-17,other T,other_T,0.5434944237918217,0.402430125947781,0.14106429784404068
LRIG1,8.633599,1.1552787,5.9450859823401846e-18,1.0119295289089676e-16,other T,other_T,0.3174721189591079,0.1816249484470671,0.13584717051204076
MAN1A1,8.584567,1.0962332,9.117940083792789e-18,1.5454135735242017e-16,other T,other_T,0.33382899628252793,0.1974873893594747,0.13634160692305322
SAMD12,8.562667,1.7355392,1.1028587425824917e-17,1.8613649663839522e-16,other T,other_T,0.2237918215613383,0.08943244186415408,0.13435937969718423
SH2D2A,8.560917,1.6300285,1.1197351992342694e-17,1.8819078978727218e-16,other T,other_T,0.22750929368029743,0.08851242029123445,0.13899687338906297
IL23R,8.461863,5.157257,2.631414370804453e-17,4.3856906180074217e-16,other T,other_T,0.1412639405204461,0.005456679673868217,0.1358072608465779
NPC1,8.301497,0.76422906,1.0280694937984123e-16,1.6922954630426542e-15,other T,other_T,0.5197026022304834,0.38828082865391333,0.13142177357657003
CAMK2D,8.190211,0.72937983,2.607669435181618e-16,4.240112902734338e-15,other T,other_T,0.5375464684014871,0.4189587893785097,0.1185876790229774
C12orf75,8.179228,0.97102505,2.85669205969912e-16,4.626221959026915e-15,other T,other_T,0.36133828996282535,0.22105897655531243,0.14027931340751293
CTSW,8.166126,1.3473984,3.1845064015675264e-16,5.136300647689559e-15,other T,other_T,0.25055762081784394,0.11728688810634186,0.13327073271150208
GAB3,8.002331,1.198793,1.2208556592465478e-15,1.945586707962626e-14,other T,other_T,0.27286245353159855,0.1399384537292599,0.13292399980233865
MED12L,7.9644837,2.9748552,1.659152877748232e-15,2.633575996425765e-14,other T,other_T,0.15241635687732344,0.025030931759779204,0.12738542511754425
METTL24,7.9337144,2.884086,2.1268723173893415e-15,3.3626439800622e-14,other T,other_T,0.15315985130111526,0.026046127978173295,0.12711372332294196
PPP1R16B,7.9222765,0.6745113,2.332008571447569e-15,3.658052661094226e-14,other T,other_T,0.7293680297397771,0.601408584753022,0.12795944498675516
NCR3,7.904013,4.3350034,2.700646723659096e-15,4.219760505717337e-14,other T,other_T,0.13605947955390335,0.009517464547444565,0.12654201500645879
F2R,7.8845363,1.1232585,3.157060968920826e-15,4.8946681688694976e-14,other T,other_T,0.2825278810408922,0.14793312394911334,0.13459475709177887
PLD1,7.8750424,1.8785911,3.4062658406068813e-15,5.260642224875492e-14,other T,other_T,0.1895910780669145,0.06287871577678375,0.12671236229013075
ABCB1,7.781825,0.8870949,7.148571778635472e-15,1.0955665561127161e-13,other T,other_T,0.3762081784386618,0.2528790330256021,0.12332914541305967
BTBD11,7.7395782,1.0396193,9.974699096840396e-15,1.5228548239450986e-13,other T,other_T,0.30929368029739784,0.1889533961485994,0.12034028414879844
CASK,7.72979,0.6145578,1.077240873670542e-14,1.6383891614761095e-13,other T,other_T,0.6743494423791823,0.5763142032295931,0.09803523914958912
IFNG-AS1,7.701999,2.034955,1.3395355345143463e-14,2.0295992947187065e-13,other T,other_T,0.17843866171003722,0.055772342248025145,0.12266631946201208
SP140,7.661408,0.81811905,1.839057014023797e-14,2.775935115507618e-13,other T,other_T,0.4118959107806692,0.28622188382348285,0.12567402695718638
PLEK,7.6436963,1.0068898,2.1107321680353874e-14,3.17403333539156e-13,other T,other_T,0.30929368029739784,0.18486088639319825,0.12443279390419959
ATXN1,7.638565,0.6553068,2.1965610483774177e-14,3.2907281623631726e-13,other T,other_T,0.7695167286245355,0.6457599695441136,0.12375675908042183
MICAL2,7.6115212,2.0779684,2.708885986258253e-14,4.0186364418569755e-13,other T,other_T,0.17323420074349447,0.05190190666539769,0.12133229407809677
RNF166,7.6113453,0.94867206,2.7125795982534585e-14,4.0186364418569755e-13,other T,other_T,0.3323420074349443,0.2099869927984519,0.1223550146364924
KLF6,7.607115,0.6366363,2.8028228549798998e-14,4.1370079040293724e-13,other T,other_T,0.6661710037174723,0.5453507185685735,0.12082028514889875
PRSS35,7.5869746,5.7947373,3.2746114686287586e-14,4.815605100924645e-13,other T,other_T,0.12490706319702605,0.0030455886551822606,0.12186147454184379
AOAH,7.4983673,0.82819384,6.461766397117908e-14,9.433235616230523e-13,other T,other_T,0.5100371747211897,0.37403635671457136,0.13600081800661834
CLIC1,7.4776783,0.96138984,7.564711948807794e-14,1.0998894592855723e-12,other T,other_T,0.3182156133828997,0.20132610006027735,0.11688951332262237
STOM,7.4751883,1.053736,7.709341294253867e-14,1.113262280758681e-12,other T,other_T,0.287732342007435,0.16687287839852802,0.12085946360890701
PLIN2,7.432299,0.85980916,1.0672619486746068e-13,1.5356287031289305e-12,other T,other_T,0.35762081784386623,0.24345674312363194,0.1141640747202343
LRP12,7.4223304,2.1768172,1.150775022463171e-13,1.6498566630296356e-12,other T,other_T,0.16654275092936807,0.049205291710288396,0.11733745921907968
MACF1,7.368947,0.64733404,1.7198127790649817e-13,2.4568753986642593e-12,other T,other_T,0.5241635687732342,0.4196567367786556,0.10450683199457861
EXT1,7.368329,1.1528034,1.7277989070762262e-13,2.4595002235960514e-12,other T,other_T,0.26617100371747215,0.15183528441356559,0.11433571930390657
TBC1D2B,7.301988,0.77114546,2.8354668708049053e-13,3.993615310992825e-12,other T,other_T,0.4215613382899629,0.29929253513530674,0.12226880315465616
RNF125,7.300393,0.6776742,2.869284293831176e-13,4.027065675552528e-12,other T,other_T,0.5263940520446098,0.40902890136734255,0.11736515067726722
DUSP10,7.257706,0.90771216,3.9370942278832505e-13,5.487239341997562e-12,other T,other_T,0.3301115241635688,0.21401605279020344,0.11609547137336537
SEC24D,7.25092,1.2307867,4.139502378280249e-13,5.749308858722568e-12,other T,other_T,0.24535315985130116,0.1345452238190413,0.11080793603225986
PMEPA1,7.248854,0.91286093,4.2031262560649495e-13,5.811750246106708e-12,other T,other_T,0.329368029739777,0.216490593572539,0.11287743616723803
CCND2,7.2183695,1.1764996,5.26146540091743e-13,7.207486850571823e-12,other T,other_T,0.2475836431226766,0.13356175248247204,0.11402189064020457
RP11-356I2.4,7.162051,1.0983241,7.94786277675592e-13,1.0740355103724217e-11,other T,other_T,0.2631970260223049,0.14767932489451482,0.11551770112779006
ARHGAP35,7.036066,0.8708284,1.9774344720382432e-12,2.6191185060109184e-11,other T,other_T,0.33085501858736066,0.21753751467275792,0.11331750391460274
IQGAP2,7.034845,0.65115947,1.9948248684501425e-12,2.6334321695711454e-11,other T,other_T,0.5955390334572492,0.47663462453602373,0.1189044089212255
CD82,6.9596605,0.87085664,3.410935854295998e-12,4.4880734924947346e-11,other T,other_T,0.32044609665427515,0.21109736366232043,0.10934873299195472
TNFRSF1B,6.9142914,0.8001905,4.702071420371124e-12,6.166651043109671e-11,other T,other_T,0.3486988847583644,0.22442181402874284,0.12427707072962157
MAP3K8,6.9033484,0.8026199,5.079083956304983e-12,6.617698965869684e-11,other T,other_T,0.3561338289962826,0.24129945115954454,0.11483437783673806
LATS2,6.8742433,1.5986423,6.2319878516442375e-12,8.093490716421088e-11,other T,other_T,0.18736059479553907,0.08023222613495767,0.1071283686605814
NFAT5,6.846256,0.5612549,7.580791307635106e-12,9.813322081081044e-11,other T,other_T,0.6014869888475838,0.5041718219599634,0.09731516688762043
PLXNC1,6.8181467,1.3448485,9.222249064231882e-12,1.1861413587436504e-10,other T,other_T,0.21263940520446098,0.10830874654991914,0.10433065865454184
RP11-239H6.2,6.7952023,2.5850756,1.081605467793789e-11,1.3866736766587037e-10,other T,other_T,0.1368029739776952,0.027886171124012572,0.10891680285368263
NKG7,6.760049,0.81191045,1.379452557092758e-11,1.7628786672111924e-10,other T,other_T,0.3301115241635688,0.1993591573871388,0.13075236677643
DUSP4,6.7249584,0.9357492,1.7564274719187005e-11,2.2374872253741408e-10,other T,other_T,0.28996282527881045,0.18051457758319858,0.10944824769561187
CHN2,6.696406,1.0703638,2.136076472879247e-11,2.7124780607990436e-10,other T,other_T,0.2468401486988848,0.1362266425557565,0.11061350614312829
S1PR5,6.636985,1.7350525,3.201647732910784e-11,4.0527186492541573e-10,other T,other_T,0.1605947955390335,0.05190190666539769,0.1086928888736358
ST3GAL5,6.613822,0.9076004,3.745222602542468e-11,4.725832936962105e-10,other T,other_T,0.2884758364312268,0.18387741505662897,0.10459842137459785
GRAP2,6.517366,0.5776201,7.155274078785627e-11,9.000344753189468e-10,other T,other_T,0.5665427509293681,0.4656578154246377,0.10088493550473043
SYTL3,6.4603186,0.84577954,1.0448272442467192e-10,1.306034055308399e-09,other T,other_T,0.3130111524163569,0.2081152247707878,0.1048959276455691
PDE3B,6.4575133,0.5914102,1.0643748046875646e-10,1.326323744158959e-09,other T,other_T,0.9197026022304834,0.8291932362551951,0.09050936597528825
ARHGAP25,6.430873,0.54944384,1.2687325601816356e-10,1.5711858330422732e-09,other T,other_T,0.554646840148699,0.4668950858158055,0.0877517543328935
PTGER4,6.40116,0.97543967,1.5420088196453026e-10,1.9013077152563794e-09,other T,other_T,0.26171003717472124,0.1624948447067035,0.09921519246801774
RP11-403A21.3,6.392651,1.0959864,1.6303397561379568e-10,1.994299395887409e-09,other T,other_T,0.2304832713754647,0.1295961422543701,0.1008871291210946
HIP1,6.2593675,1.2578197,3.8654253850412506e-10,4.657139018121988e-09,other T,other_T,0.20148698884758365,0.10202721994860572,0.09945976889897792
FAM46C,6.241742,0.9714483,4.3272415234538146e-10,5.197887715860437e-09,other T,other_T,0.24609665427509297,0.14377716443006255,0.10231948984503042
NFATC2,6.196024,0.5820138,5.790735213689714e-10,6.914310702913091e-09,other T,other_T,0.5055762081784387,0.4070302338123792,0.09854597436605955
APBB1IP,6.19333,0.50807047,5.890625714151115e-10,7.012649659703708e-09,other T,other_T,0.6862453531598515,0.5938263379968911,0.09241901516296036
AGO4,6.1451497,0.8760036,7.988819907706568e-10,9.482278822203642e-09,other T,other_T,0.27955390334572494,0.1841629389930523,0.09539096435267264
DAPK2,6.0576043,1.4393401,1.3816360681823935e-09,1.6254541978616394e-08,other T,other_T,0.17100371747211898,0.07318930236984869,0.09781441510227029
TMEM117,6.056523,0.7911564,1.3909519743586625e-09,1.6316152191890468e-08,other T,other_T,0.3078066914498142,0.21490434948129827,0.09290234196851593
RIC8B,6.0247517,1.3528705,1.693695557177417e-09,1.9714512040549788e-08,other T,other_T,0.1814126394052045,0.08625995368167257,0.09515268572353193
PLEKHF1,6.0245843,0.9900256,1.6954480354872816e-09,1.9714512040549788e-08,other T,other_T,0.23420074349442382,0.13714666412867615,0.09705407936574767
APOBEC3G,5.972771,0.67379844,2.3325728632930232e-09,2.7044323052672735e-08,other T,other_T,0.37174721189591087,0.2638558421369881,0.10789136975892277
SLC12A2,5.954845,0.92028844,2.6031854814086006e-09,3.0094629842874e-08,other T,other_T,0.25576208178438664,0.1649693854890391,0.09079269629534753
CXCR3,5.9296703,0.883649,3.035433109906139e-09,3.47900642969185e-08,other T,other_T,0.2520446096654275,0.1512642365407189,0.10078037312470861
HPGD,5.909665,2.1741734,3.4280366731617316e-09,3.917756197899122e-08,other T,other_T,0.1271375464684015,0.03204213064306337,0.09509541582533813
TLE1,5.8943057,1.7669735,3.76260447522733e-09,4.287868347837414e-08,other T,other_T,0.15241635687732344,0.06097522286729484,0.0914411340100286
CATSPERB,5.810627,1.1113535,6.223938432379413e-09,7.052621453121149e-08,other T,other_T,0.2022304832713755,0.1100853399321088,0.0921451433392667
ARL15,5.757286,0.5191458,8.54770551437404e-09,9.658424310027165e-08,other T,other_T,0.5122676579925651,0.4315218425811365,0.08074581541142861
NCALD,5.6829143,0.84690017,1.3241864927848131e-08,1.4878499918930484e-07,other T,other_T,0.25130111524163573,0.15373877732305452,0.09756233791858121
LONRF3,5.679155,1.7349057,1.3536173532281194e-08,1.5166580988550357e-07,other T,other_T,0.14498141263940523,0.05570889248437552,0.0892725201550297
DDIT4,5.6315174,1.1046405,1.7863071090619296e-08,1.9847856767354774e-07,other T,other_T,0.20743494423791822,0.12191872085276487,0.08551622338515336
PRKCI,5.6199203,0.8902153,1.910458165678327e-08,2.1110034979871017e-07,other T,other_T,0.24609665427509297,0.1588782081786746,0.08721844609641838
PTPRE,5.612085,0.577325,1.9990355896595303e-08,2.20279403819232e-07,other T,other_T,0.4200743494423792,0.32172202658545107,0.09835232285692813
NR3C1,5.597061,0.35289556,2.180160379245987e-08,2.392918651049319e-07,other T,other_T,0.7873605947955392,0.731544049998414,0.05581654479712517
B4GALT5,5.567957,0.6754515,2.5774333158809314e-08,2.816867011891728e-07,other T,other_T,0.3263940520446097,0.2394911328955301,0.0869029191490796
NEK1,5.565295,0.7062773,2.6170874082104763e-08,2.8524113440986115e-07,other T,other_T,0.3107806691449815,0.22508803654706394,0.08569263259791754
ATP2B4,5.538574,0.6342027,3.0494381830468736e-08,3.305624046663278e-07,other T,other_T,0.3635687732342008,0.2690587227562578,0.09451005047794298
TOX,5.508191,0.72175217,3.6254011285287395e-08,3.9193525713824213e-07,other T,other_T,0.3130111524163569,0.2235017924558232,0.08950935996053372
VIM,5.468866,0.4646047,4.52924620074832e-08,4.883284313475277e-07,other T,other_T,0.6148698884758366,0.5338663113479903,0.08100357712784623
ZSWIM6,5.4420066,0.5375548,5.268366533292405e-08,5.664910250852048e-07,other T,other_T,0.4260223048327138,0.35176548967355104,0.07425681515916277
RASGRF2,5.423617,0.83764577,5.840492229355647e-08,6.246515753321548e-07,other T,other_T,0.24237918215613385,0.15488087306874787,0.08749830908738598
XKR6,5.3806577,0.5573612,7.421430058133111e-08,7.874196348151841e-07,other T,other_T,0.40297397769516735,0.32340344532216625,0.0795705323730011
FRMD4B,5.308449,2.064029,1.1056226556367782e-07,1.1638133217229245e-06,other T,other_T,0.11895910780669147,0.034104247961676354,0.08485485984501512
NTN4,5.2874956,3.664505,1.240024033966266e-07,1.29506426523892e-06,other T,other_T,0.09368029739776952,0.008756067383648999,0.08492423001412053
RAPGEF1,5.277808,0.4229612,1.3073806787898917e-07,1.3583175883531342e-06,other T,other_T,0.6847583643122679,0.604136924589956,0.08062143972231184
NINJ1,5.274739,0.63900745,1.329453104558829e-07,1.3776716109417915e-06,other T,other_T,0.321189591078067,0.23596967101297556,0.08521992006509144
FTO,5.2564883,0.5422078,1.4683196282734017e-07,1.5098402347284335e-06,other T,other_T,0.4111524163568774,0.33485612766092454,0.07629628869595284
FAM43A,5.2382984,2.1848898,1.620639234807655e-07,1.657942951209877e-06,other T,other_T,0.11375464684014872,0.030011738206275194,0.08374290863387351
PPP1R13B,5.210395,0.8673939,1.8843933985949934e-07,1.9130897447664907e-06,other T,other_T,0.2304832713754647,0.1497414422131278,0.08074182916233691
HOPX,5.2005916,1.4586782,1.9865515628273926e-07,2.0116977851416634e-06,other T,other_T,0.13977695167286247,0.0550426699660544,0.08473428170680808
PRKX,5.197161,0.47034773,2.023550178609706e-07,2.038841489783079e-06,other T,other_T,0.5055762081784387,0.42698518448018796,0.07859102369825077
SBF2,5.183368,0.6028978,2.1791396108539328e-07,2.184601113638028e-06,other T,other_T,0.350185873605948,0.2769582183306368,0.07322765527531122
PAM,5.1699443,0.7486037,2.341640385809033e-07,2.341640385809033e-06,other T,other_T,0.27286245353159855,0.1951397481044384,0.07772270542716014
CPD,5.139769,0.7506309,2.75076386054903e-07,2.743904100298284e-06,other T,other_T,0.26171003717472124,0.18089527616509635,0.0808147610096249
OSBPL3,5.1290445,0.85093427,2.912164716715963e-07,2.8976763350407593e-06,other T,other_T,0.2267657992565056,0.14593445639414998,0.08083134286235563
PCED1B,5.103634,0.4449741,3.331927618063321e-07,3.282687308436769e-06,other T,other_T,0.6245353159851303,0.5439865486501064,0.08054876733502392
CCR5,5.0990868,2.7213209,3.4129635449078876e-07,3.35351995903966e-06,other T,other_T,0.09962825278810408,0.017734208940071702,0.08189404384803238
MAP3K5,5.087787,0.4501011,3.622660480857291e-07,3.542944235557253e-06,other T,other_T,0.5189591078066915,0.4489388027029601,0.07002030510373142
FBXO34,5.048899,0.47877923,4.4436351132294885e-07,4.2933672591589264e-06,other T,other_T,0.479553903345725,0.4029059991751532,0.07664790417057182
EOMES,5.046525,1.0666246,4.4991820278629823e-07,4.336560990711309e-06,other T,other_T,0.16579925650557623,0.08096189841692841,0.08483735808864781
MDFIC,5.0370374,0.50667655,4.727925284406373e-07,4.546082004236897e-06,other T,other_T,0.44832713754646847,0.3632181720123094,0.08510896553415909
NCOA2,4.9949784,0.38734558,5.884228587420341e-07,5.604027226114611e-06,other T,other_T,0.5970260223048328,0.5375781225214937,0.05944789978333909
ABL1,4.994226,0.660945,5.907222391736662e-07,5.6125628425051424e-06,other T,other_T,0.2973977695167287,0.22055137844611536,0.07684639107061333
GSTO1,4.9796424,0.7081159,6.370187365264754e-07,6.038092289350479e-06,other T,other_T,0.2654275092936803,0.18996859236699354,0.07545891692668677
MATK,4.978284,1.4928429,6.415059362454249e-07,6.066178538052912e-06,other T,other_T,0.13234200743494426,0.051743282256273615,0.08059872517867064
CEP112,4.977829,1.4258366,6.430149250336086e-07,6.066178538052912e-06,other T,other_T,0.1405204460966543,0.0611021223945941,0.07941832370206019
FAM102B,4.956393,0.70455253,7.181389247229711e-07,6.734409480531974e-06,other T,other_T,0.26617100371747215,0.1841946638748771,0.08197633984259506
NBEAL2,4.9518223,0.97444606,7.352171233650558e-07,6.871188068832297e-06,other T,other_T,0.18587360594795543,0.10542178230386096,0.08045182364409448
MYO9B,4.8922353,0.433923,9.969719617107957e-07,9.188681674753878e-06,other T,other_T,0.5011152416356879,0.4265410361346405,0.07457420550104737
APMAP,4.8627367,0.70249546,1.157738788139499e-06,1.0597151378851249e-05,other T,other_T,0.25130111524163573,0.16988674217188549,0.08141437306975025
GLRX,4.849541,0.63007426,1.2374740943105749e-06,1.1301133281375112e-05,other T,other_T,0.29293680297397773,0.2181402874274294,0.07479651554654831
TBCD,4.8453226,0.6477561,1.264060920951849e-06,1.1517639370859672e-05,other T,other_T,0.2847583643122677,0.2076710764252404,0.07708728788702729
PVRL3,4.84468,1.192406,1.2681592922895145e-06,1.1528720838995587e-05,other T,other_T,0.15390334572490708,0.07541004409758575,0.07849330162732132
SPN,4.8420095,0.9404605,1.285326372259934e-06,1.1658289090793053e-05,other T,other_T,0.18810408921933086,0.10929221788648842,0.07881187133284244
AGPAT9,4.813391,2.0094671,1.4839039371882917e-06,1.3398681148427012e-05,other T,other_T,0.10855018587360596,0.03150280765204151,0.07704737822156445
PRDM1,4.811318,1.1379348,1.499382952706201e-06,1.3507954528884693e-05,other T,other_T,0.16654275092936807,0.09136765965546781,0.07517509127390026
ANXA2,4.81057,0.69381046,1.5050078938585777e-06,1.352816084367261e-05,other T,other_T,0.24460966542750934,0.1616065480156087,0.08300311741190064
RGS1,4.783115,0.8126635,1.7259938947843467e-06,1.5359207059428214e-05,other T,other_T,0.22007434944237922,0.14393578883918662,0.0761385606031926
ADCY9,4.77513,0.9682724,1.795913335286689e-06,1.5896283402079038e-05,other T,other_T,0.1814126394052045,0.10408933726721872,0.07732330213798577
GLIPR2,4.775089,0.9287752,1.7962800244349313e-06,1.5896283402079038e-05,other T,other_T,0.1895910780669145,0.11255988071444438,0.07703119735247012
NR3C2,4.747295,0.60784435,2.0615502536093836e-06,1.8123518713049526e-05,other T,other_T,0.30706319702602236,0.23425652739443556,0.0728066696315868
RP11-64D24.2,4.728352,3.8026934,2.263492258019478e-06,1.981174842905451e-05,other T,other_T,0.08252788104089219,0.006503600774087119,0.07602428026680508
TMEM71,4.7190995,1.0433441,2.368909792941459e-06,2.0599215590795295e-05,other T,other_T,0.16951672862453535,0.094254623901526,0.07526210472300934
GLCCI1,4.686976,0.45811412,2.772717042479363e-06,2.40582823642461e-05,other T,other_T,0.46468401486988853,0.3972906950921609,0.06739331977772761
DUSP1,4.6767573,1.226302,2.914465159207927e-06,2.5124699648344196e-05,other T,other_T,0.15539033457249074,0.08372196313568735,0.0716683714368034
GATA3,4.6309557,0.6605256,3.6398173553738903e-06,3.1043218382719745e-05,other T,other_T,0.2579925650557621,0.18083182640144674,0.07716073865431539
DFNB31,4.488463,1.4994826,7.1738849222562116e-06,5.990718097917505e-05,other T,other_T,0.11970260223048329,0.047460423209923566,0.07224217902055972
RP11-296O14.3,4.474101,0.6852003,7.673341595597296e-06,6.394451329664413e-05,other T,other_T,0.24089219330855022,0.16944259382633808,0.07144959948221213
SLC35D1,4.470776,0.707801,7.793620761966637e-06,6.481181506832963e-05,other T,other_T,0.22973977695167289,0.15814853589670386,0.07159124105496903
LAG3,4.3910637,1.797948,1.1279753926495286e-05,9.245699939750235e-05,other T,other_T,0.10185873605947957,0.03067796072459631,0.07118077533488326
LITAF,4.376794,0.3935038,1.20437654214384e-05,9.851750855982331e-05,other T,other_T,0.4862453531598514,0.42619206243456753,0.06005329072528387
SMAD7,4.3614945,0.74680704,1.2917702559200842e-05,0.0001050219720260231,other T,other_T,0.21040892193308552,0.13924050632911394,0.07116841560397158
TOB1,4.3409524,0.8808878,1.4186651746560652e-05,0.00011394901001253536,other T,other_T,0.18289962825278813,0.11436819897845886,0.06853142927432927
CAMK2N1,4.316489,1.8150415,1.585302545186105e-05,0.0001260677968338851,other T,other_T,0.1003717472118959,0.0306462358427715,0.0697255113691244
PFKFB3,4.266421,0.4537534,1.986340452576783e-05,0.00015702296067800656,other T,other_T,0.36802973977695175,0.30122775292662046,0.06680198685033129
TBC1D19,4.2590256,0.8092332,2.0532004200992733e-05,0.00016166932441726562,other T,other_T,0.19033457249070637,0.12188699597094005,0.06844757651976632
HERPUD1,4.228688,0.42173195,2.350584943671935e-05,0.0001843596034252498,other T,other_T,0.4364312267657993,0.36404301893975455,0.07238820782604477
EFHD2,4.2208447,0.49961168,2.433884172509078e-05,0.0001901472009772717,other T,other_T,0.31598513011152424,0.2445036642238509,0.07148146588767335
INPP5D,4.199868,0.43561986,2.6707027908682486e-05,0.00020824193301116948,other T,other_T,0.4713754646840149,0.3863138859807749,0.08506157870324005
FEZ1,4.1935678,3.1853433,2.7460106511259476e-05,0.0002136973269358714,other T,other_T,0.07806691449814128,0.010849909584086805,0.06721700491405447
RP5-1073O3.2,4.166267,1.598272,3.096279213807321e-05,0.00024002164448118764,other T,other_T,0.1033457249070632,0.0358491164620412,0.067496608445022
PRF1,4.1629834,0.7051798,3.141163953144717e-05,0.00024303009308663186,other T,other_T,0.19479553903345725,0.1232194410075823,0.07157609802587496
SYNE1,4.128741,0.37599686,3.647552394786559e-05,0.00028166427758969563,other T,other_T,0.5501858736059481,0.48177405539164386,0.0684118182143042
DKK3,4.095835,2.6253479,4.2064921984182566e-05,0.0003235763229552505,other T,other_T,0.08029739776951673,0.014403096348466107,0.06589430142105063
GALNT3,4.072084,1.1283482,4.6594384980849095e-05,0.0003570450956386904,other T,other_T,0.13085501858736062,0.0646870340407982,0.06616798454656242
TPD52,4.0615034,0.5598697,4.8757748800097666e-05,0.00037290821262024983,other T,other_T,0.25724907063197033,0.18939754449414684,0.0678515261378235
LTB,4.0562167,0.51622134,4.987402945933332e-05,0.0003799926054044443,other T,other_T,0.7561338289962827,0.6489007328447703,0.10723309615151233
MT1X,4.0552497,0.6626938,5.0080803796446566e-05,0.00038084261442164686,other T,other_T,0.22750929368029743,0.16522318454363763,0.0622861091366598
TNFSF13B,4.0348377,0.65746266,5.4639999635039746e-05,0.0004139393911745435,other T,other_T,0.22527881040892195,0.1624313949430539,0.06284741546586806
LCORL,4.023095,0.47673532,5.743828687120894e-05,0.00043349650468836934,other T,other_T,0.3256505576208179,0.263189619618667,0.06246093800215091
ANK1,3.960158,1.6999568,7.490014812356508e-05,0.0005579154422611924,other T,other_T,0.09814126394052045,0.03486564512547192,0.06327561881504853
A2M,3.9450963,1.1826161,7.976792090899436e-05,0.0005919697284526483,other T,other_T,0.12118959107806693,0.057041337521017754,0.06414825355704917
ARAP2,3.940957,0.3564834,8.115716722057953e-05,0.0006011642016339224,other T,other_T,0.56728624535316,0.5015703816503285,0.06571586370283145
BMPR1A,3.9339168,0.65314656,8.357268420486727e-05,0.000616772577157692,other T,other_T,0.20743494423791822,0.14149297293867585,0.06594197129924237
TSPAN5,3.928316,0.66576016,8.554268529951913e-05,0.0006289903330846994,other T,other_T,0.2096654275092937,0.14644205450334702,0.06322337300594669
SPEF2,3.9199746,1.0416955,8.85582991722594e-05,0.0006499691682367661,other T,other_T,0.13457249070631971,0.07125408457853497,0.06331840612778475
CDHR3,3.8877146,0.7377538,0.00010119254756902195,0.0007359458005019777,other T,other_T,0.19405204460966546,0.13362520224612168,0.06042684236354379
UAP1,3.867143,0.87605476,0.00011011789033623187,0.0007936424528737431,other T,other_T,0.15910780669144983,0.09761746137495642,0.06149034531649342
TRERF1,3.8620427,0.5757558,0.00011244295496710112,0.0008060426879362086,other T,other_T,0.2475836431226766,0.18593953237524197,0.061644110747434644
TBL1X,3.8483484,0.27383578,0.00011891691554283282,0.0008494065395916628,other T,other_T,0.6275092936802975,0.5894483043050667,0.038060989375230836
TG,3.8429735,0.7943439,0.00012155257741446965,0.0008651428997471149,other T,other_T,0.16133828996282532,0.09710986326575936,0.06422842669706595
SIK2,3.8316035,0.64009714,0.00012731083796757903,0.0009045174988815563,other T,other_T,0.22156133828996286,0.16255829447035314,0.05900304381960972
ADAM10,3.8085287,0.34836376,0.00013979616180505343,0.0009879587406717559,other T,other_T,0.47881040892193316,0.42473271787062605,0.05407769105130711
IQGAP1,3.794526,0.34287208,0.00014792567996609185,0.0010398993319233171,other T,other_T,0.5762081784386619,0.5065829129786493,0.06962526546001258
CROCC,3.7822227,0.47809485,0.00015543411496283293,0.0010907657190374243,other T,other_T,0.3063197026022305,0.24827892516100386,0.058040777441226654
ABAT,3.7580988,0.7012295,0.00017120919044329072,0.0011993638559950313,other T,other_T,0.18810408921933086,0.1280416230449542,0.06006246617437666
RP11-779O18.3,3.749973,1.2367474,0.00017685359970680395,0.0012345801026652982,other T,other_T,0.12044609665427511,0.061641445385615966,0.05880465126865914
BTBD9,3.7460303,0.25242093,0.00017965484641730182,0.00125195014924949,other T,other_T,0.7501858736059481,0.7120332476761526,0.038152625929795514
SFMBT2,3.745486,0.38021344,0.00018004488246196727,0.0012524861388658593,other T,other_T,0.4200743494423792,0.36315472224865974,0.05691962719371946
PZP,3.7365825,1.1929911,0.0001865383237919715,0.0012954050263331354,other T,other_T,0.11375464684014872,0.053266076583864744,0.06048857025628397
AF131217.1,3.722693,1.0749505,0.00019710917936199165,0.0013617214463695453,other T,other_T,0.12639405204460968,0.0669712255321849,0.05942282651242478
CLIC3,3.7144995,0.72111505,0.0002036062501068493,0.0014017642003913895,other T,other_T,0.16877323420074353,0.10608800482218209,0.06268522937856144
CD2,3.6970093,0.32572204,0.00021815436213766797,0.0014967709237575849,other T,other_T,0.7055762081784388,0.6419847086069607,0.06359149957147814
ACTG1,3.6694798,0.28734812,0.00024304456662449696,0.0016618431905948512,other T,other_T,0.6349442379182157,0.5915738713873293,0.04337036653088644
ZBTB20,3.664124,0.24224477,0.0002481864166029713,0.0016883429700882404,other T,other_T,0.8193308550185875,0.7869356936645413,0.03239516135404619
RHD,3.6594229,0.469556,0.00025278389514828874,0.0017166987785961884,other T,other_T,0.2951672862453532,0.23796833856793892,0.05719894767741429
PTMS,3.6424403,1.2961777,0.00027006558750575867,0.0018216903035801596,other T,other_T,0.10929368029739778,0.05120395926525176,0.05808972103214602
MCC,3.636825,0.8191815,0.0002760193509091555,0.0018587161677384209,other T,other_T,0.1576208178438662,0.09961612892991976,0.05800468891394643
AP4B1-AS1,3.6344714,0.9193152,0.00027855113336507916,0.001872612661277843,other T,other_T,0.1368029739776952,0.07772596047079727,0.059077013506897924
DYNC2H1,3.6335573,1.129186,0.0002795403426600033,0.0018761096822819013,other T,other_T,0.11672862453531599,0.058183433266711104,0.058545191268604885
TSC22D1,3.621766,0.47308755,0.00029259867522473304,0.001953914358762825,other T,other_T,0.2892193308550186,0.23355857999428958,0.055660750860729025
TGFA,3.6106145,1.9028304,0.0003054723409970417,0.0020330937836741544,other T,other_T,0.08401486988847585,0.026236477269122184,0.05777839261935367
LMO4,3.6098986,0.6155495,0.00030631682744132385,0.0020353277570852083,other T,other_T,0.22007434944237922,0.16712667745312654,0.05294767198925268
RFX7,3.6065838,0.31602076,0.00031025459763103905,0.00205466620947708,other T,other_T,0.4869888475836432,0.4418958789378511,0.0450929686457921
KIF21A,3.5768592,0.71286243,0.0003477472519150449,0.0022878108678621376,other T,other_T,0.16579925650557623,0.10643697852225506,0.059362277983321166
HLTF,3.559692,0.88644105,0.00037129021135037647,0.002434689910494272,other T,other_T,0.1412639405204461,0.08400748707211067,0.05725645344833544
PIK3AP1,3.5465052,0.49009386,0.0003903770283682484,0.002551483845544107,other T,other_T,0.2468401486988848,0.1837187906475049,0.06312135805137989
YPEL1,3.527929,0.68038684,0.00041882421779580346,0.002724059953143437,other T,other_T,0.1747211895910781,0.1161447923606485,0.05857639723042961
KAT2B,3.5136583,0.49220064,0.000441981157536058,0.0028653559645773615,other T,other_T,0.25947955390334576,0.20215094698772257,0.05732860691562319
IL2RB,3.5048103,0.47971395,0.00045693264031656,0.0029527149616579,other T,other_T,0.2498141263940521,0.18701817835728568,0.06279594803676641
RP11-21J7.1,3.495926,2.6274679,0.000472419967893003,0.0030478707606000194,other T,other_T,0.06840148698884758,0.012245804384378674,0.05615568260446891
SAP30L-AS1,3.492513,0.7821436,0.00047849848112450845,0.0030821158204477196,other T,other_T,0.15985130111524165,0.10554868183116022,0.054302619284081435
C1orf21,3.469827,0.4643018,0.0005207937934783314,0.0033491562281564723,other T,other_T,0.2951672862453532,0.23489102503093184,0.06027626121442137
YES1,3.4612873,0.46230316,0.0005375988506600797,0.0034516780138688905,other T,other_T,0.2698884758364313,0.2141112274356779,0.055777248400753376
NXPH4,3.4392571,1.1445417,0.0005833128032249633,0.0037272383592649415,other T,other_T,0.10631970260223048,0.05041083721963137,0.05590886538259911
KIT,3.4065392,2.8130834,0.0006579208137424673,0.004170654920712946,other T,other_T,0.06468401486988846,0.009898163129342347,0.05478585174054612
ZSWIM5,3.3578806,0.81986094,0.0007854252603130707,0.004932026752358372,other T,other_T,0.1509293680297398,0.0986326575933505,0.052296710436389296
NF1,3.3271024,0.33622274,0.0008775408884493456,0.00546754447631991,other T,other_T,0.3977695167286246,0.35465245391960926,0.04311706280901534
SLFN11,3.3228018,1.1937522,0.0008911819858444734,0.005543900378503722,other T,other_T,0.10260223048327138,0.04904666730116432,0.053555563182107066
ULK4,3.3116944,0.4127836,0.0009273279813884577,0.00575087120240904,other T,other_T,0.31375464684014875,0.26661590685574704,0.04713873998440171
MCF2L2,3.3061671,0.8366663,0.0009458168630341309,0.0058564511642980235,other T,other_T,0.1442379182156134,0.0924145807556867,0.051823337459926705
LAX1,3.2865727,0.7267235,0.0010141459678322494,0.006260160295260798,other T,other_T,0.15390334572490708,0.10129754766663498,0.05260579805827209
HIBCH,3.2855206,0.5498473,0.0010179408707919981,0.006271074014761658,other T,other_T,0.21412639405204464,0.1630658925795502,0.05106050147249444
LINC00299,3.2644691,2.094294,0.0010966936563327364,0.0067385170896020665,other T,other_T,0.06988847583643122,0.01729006059452429,0.052598415241906935
DTHD1,3.260983,1.3060724,0.0011102671872750053,0.006801024118070476,other T,other_T,0.09516728624535319,0.042987214872624614,0.05218007137272857
SPAG1,3.2542803,0.5937107,0.0011368004915969963,0.0069529082054862155,other T,other_T,0.19405204460966546,0.14276196821166848,0.051290076397996986
DLG5,3.2194421,1.4809287,0.0012844026845746169,0.007772482206200404,other T,other_T,0.08178438661710037,0.02950414009707815,0.05228024652002222
LPGAT1,3.1982455,0.368168,0.001382665074205844,0.008291844522973577,other T,other_T,0.342007434944238,0.29104406586085474,0.05096336908338328
ITGA4,3.1851704,0.3632798,0.0014466879992195748,0.008624071530370044,other T,other_T,0.34052044609665433,0.28948954665143883,0.051030899445215494
ZDHHC14,3.170832,0.6039413,0.0015200306701579802,0.009020953532094837,other T,other_T,0.1680297397769517,0.11531994543320331,0.052709794343748395
DGKH,3.1528678,1.0171281,0.001616750388618155,0.009566570346852987,other T,other_T,0.11598513011152417,0.06649535230481268,0.04948977780671149
SGMS1,3.1260352,0.35110426,0.001771803462440165,0.010412054833271662,other T,other_T,0.3539033457249071,0.3091589733828242,0.044744372342082894
CD97,3.1235056,0.3878317,0.0017871048527863444,0.010481553388776214,other T,other_T,0.2996282527881041,0.24507471209669757,0.054553540691406555
CITED2,3.1145403,0.6368518,0.0018423175553947744,0.010768390399497646,other T,other_T,0.17695167286245356,0.1284857713905016,0.048465901471951955
MT2A,3.1107283,0.3121783,0.0018662656821266603,0.010882015639222508,other T,other_T,0.3947955390334573,0.3443418673265443,0.050453671706913006
FAM63B,3.0917706,0.6049614,0.0019896643556219754,0.011568502146589109,other T,other_T,0.1851301115241636,0.1372101138923258,0.047919997631837796
ANXA5,3.0917532,0.3522745,0.0019897823692133264,0.011568502146589109,other T,other_T,0.254275092936803,0.19215760921290576,0.06211748372389725
BAZ2B,3.0886338,0.4120244,0.0020107921322221655,0.011673684367037246,other T,other_T,0.28327137546468406,0.2401573554138512,0.04311402005083287
STXBP5,3.0839543,0.3102018,0.002042688712780166,0.011841673697276326,other T,other_T,0.4133828996282528,0.37003902160464464,0.04334387802360817
RP11-1029J19.5,3.0665214,1.1060392,0.002165652824135135,0.012502983096937427,other T,other_T,0.10111524163568775,0.05225088036547066,0.04886436127021709
CHST11,3.066454,0.26842117,0.0021661418215444092,0.012502983096937427,other T,other_T,0.7427509293680299,0.6901113543352053,0.05263957503282457
LST1,3.0517824,1.477576,0.002274869592221052,0.013092774631488068,other T,other_T,0.08178438661710037,0.03299387709780782,0.04879050951929255
NEDD4,3.0502636,1.4287592,0.0022864049917975205,0.013140258573548969,other T,other_T,0.08550185873605949,0.03695948732590973,0.04854237141014976
S100A10,3.0427687,0.2763167,0.0023441239610540072,0.013433375134979985,other T,other_T,0.5092936802973979,0.4556962025316457,0.05359747776575213
PTPN13,3.0325005,1.6705427,0.0024253663808498126,0.013819751457833691,other T,other_T,0.0721189591078067,0.023159163732115105,0.0489597953756916
ZNF831,3.0062125,1.0775225,0.0026452416064171136,0.015029781854642692,other T,other_T,0.09739776951672863,0.04872941848291617,0.04866835103381246
CTD-2047H16.4,2.991824,0.71464944,0.002773160629914443,0.015623440168532073,other T,other_T,0.14944237918215617,0.1025982678214524,0.046844111360703766
FAM168A,2.9699435,0.5174254,0.002978544036013494,0.016639910815717845,other T,other_T,0.2066914498141264,0.16113067478823645,0.045560775025889955
DPY19L1,2.96001,0.9117885,0.0030762906474939345,0.017090503597188524,other T,other_T,0.11375464684014872,0.06627327813203898,0.047481368708109734
ADRB2,2.9566705,1.6144243,0.0031098033281009648,0.017252723040782052,other T,other_T,0.07360594795539034,0.02591922845087403,0.047686719504516306
SLA2,2.9558985,0.41993436,0.003117595551351477,0.017271997514412614,other T,other_T,0.21486988847583646,0.16046445226991535,0.054405436205921115
RRAS2,2.9541187,0.3680123,0.0031356329735682184,0.017323939080487395,other T,other_T,0.2944237918215614,0.24745407823355867,0.046969713588002754
GREM2,2.932328,3.2179503,0.0033643135527414852,0.01851066603984311,other T,other_T,0.05353159851301116,0.006440151010437489,0.04709144750257367
SNTB2,2.8993282,0.76834106,0.0037396315333967293,0.02037946339725738,other T,other_T,0.1271375464684015,0.08035912566225693,0.04677842080614457
AHNAK,2.8802664,0.3851112,0.003973391018239551,0.021535994678805154,other T,other_T,0.25055762081784394,0.1987246597506425,0.05183296106720145
CEP128,2.8696902,0.58805037,0.004108741040523175,0.022239464360071313,other T,other_T,0.1680297397769517,0.12296564195298378,0.04506409782396793
ADAMTS6,2.8611183,0.95312834,0.004221495632420728,0.022788100579868978,other T,other_T,0.11152416356877323,0.06681260112306084,0.044711562445712394
CTD-2341M24.1,2.8288038,0.41201335,0.0046722323596871725,0.024985199784423383,other T,other_T,0.254275092936803,0.21185876082611602,0.04241633211068699
HGSNAT,2.8273132,0.44356042,0.004694040990166811,0.02506415499034233,other T,other_T,0.23866171003717476,0.19717014054122656,0.041491569495948205
INVS,2.8269389,0.37833783,0.004699529060689187,0.02506415499034233,other T,other_T,0.27955390334572494,0.23654071888582223,0.04301318445990271
HEG1,2.799317,0.6359556,0.005121084072592382,0.027203633851752364,other T,other_T,0.14944237918215617,0.10443831096729168,0.04500406821486448
IL15,2.795408,0.80702525,0.005183424100285578,0.027461849537936837,other T,other_T,0.12267657992565056,0.07855080739824247,0.0441257725274081
ARHGAP31,2.7899337,0.6843448,0.005271885719627235,0.027893575236122937,other T,other_T,0.15464684014869892,0.11395577551473626,0.04069106463396266
SIPA1L2,2.7797666,1.5837437,0.005439797496244423,0.028706055389152628,other T,other_T,0.07955390334572492,0.036420164334887865,0.04313373901083705
PHTF1,2.75895,0.66925097,0.0057987402218504114,0.030280627790341574,other T,other_T,0.1576208178438662,0.11693791440626888,0.04068290343759731
OTUD7B,2.7512746,0.67626405,0.005936386323613898,0.030958989953657878,other T,other_T,0.13903345724907065,0.09517464547444565,0.043858811774625
SLC10A7,2.7253766,0.5626243,0.006422816271201042,0.03319284894677541,other T,other_T,0.1680297397769517,0.12566225690809307,0.042367482868858636
NFKB1,2.6989813,0.18565375,0.006955206387760573,0.03589783942069973,other T,other_T,0.6141263940520447,0.5881158592684244,0.026010534783620365
IL26,2.6858916,4.1815147,0.0072336553168583515,0.03728688307658944,other T,other_T,0.04609665427509292,0.0029504140097078154,0.043146240265385105
SKAP2,2.6801984,0.5778428,0.007357852110276739,0.03782957383175701,other T,other_T,0.1672862453531599,0.12648710383553827,0.04079914151762162
GFPT2,2.669377,1.7860326,0.007599207433038213,0.03877146649509292,other T,other_T,0.06394052044609665,0.021192221058976564,0.04274829938712008
SVIL,2.6649737,0.65354854,0.007699433396292094,0.03923278163715717,other T,other_T,0.14275092936802977,0.10142444719393424,0.04132648217409553
OSBPL7,2.616805,0.68392944,0.008875698865833285,0.044713848190595894,other T,other_T,0.11970260223048329,0.07636179055233022,0.04334081167815307
ABHD15,2.5760083,1.4867156,0.009994824733352586,0.04978742083861811,other T,other_T,0.06691449814126395,0.02547508010532662,0.04143941803593733
GRAMD1B,2.564647,1.4897479,0.010328082553573545,0.051255992821704933,other T,other_T,0.06691449814126395,0.025697154278100324,0.04121734386316363
SCMH1,2.5425158,0.3418908,0.01100576669148014,0.05428244977302165,other T,other_T,0.2817843866171004,0.24390089146917937,0.037883495147921054
STXBP4,2.529483,0.72271204,0.011423067746807127,0.05611706056308156,other T,other_T,0.11672862453531599,0.07623489102503095,0.04049373351028504
EDA,2.528701,2.227571,0.011448550506116343,0.05611706056308156,other T,other_T,0.05353159851301116,0.013007201548174238,0.04052439696483692
TENM1,2.5282917,0.8122012,0.011461909620009408,0.05611706056308156,other T,other_T,0.10631970260223048,0.06579740490466676,0.040522297697563714
ARHGEF3,2.5236359,0.2532825,0.011614815878088613,0.056796165663025006,other T,other_T,0.4951672862453532,0.4470035849116464,0.04816370133370684
LLGL2,2.477432,0.65467304,0.013233161216300027,0.06408310516368051,other T,other_T,0.12044609665427511,0.07991497731670952,0.04053111933756559
RP11-4F22.2,2.4461021,0.6555792,0.014441005952854625,0.0695952094113476,other T,other_T,0.1271375464684015,0.08898829351860667,0.038149252949794835
KIAA0247,2.4316611,0.26756456,0.015029766373060742,0.07225849217817665,other T,other_T,0.3412639405204462,0.30551061197297047,0.035753328547475705
RAPGEF2,2.4254484,0.353944,0.015289486637736313,0.0734189034225033,other T,other_T,0.25947955390334576,0.2235017924558232,0.03597776144752257
ARHGAP26-AS1,2.4075415,1.2447093,0.016060336462223563,0.07684371513025628,other T,other_T,0.07063197026022304,0.03188350623393929,0.03874846402628375
SLC6A6,2.3938282,0.29572874,0.01667356099329782,0.07949254347221846,other T,other_T,0.2847583643122677,0.23974493195012858,0.045013432362139116
ABI3,2.382398,0.6149537,0.01720030456593019,0.0819062122187152,other T,other_T,0.11821561338289963,0.07867770692554174,0.039537906457357885
NCKAP1,2.379563,0.92051685,0.017333180065467944,0.08244080887261805,other T,other_T,0.08550185873605949,0.046825925573427254,0.03867593316263224
AC021188.4,2.3771844,0.94641036,0.017445359832846254,0.08287581868335513,other T,other_T,0.08327137546468404,0.04466863360933982,0.038602741855344215
SLC1A4,2.3645496,0.6507879,0.018052011704827474,0.08537394266535807,other T,other_T,0.13754646840148702,0.10209066971225536,0.035455798689231655
KLRC1,2.3487263,1.1991603,0.018837754245044053,0.08885733134454742,other T,other_T,0.06840148698884758,0.030360711906348162,0.03804077508249942
FOXP4,2.3428657,1.0081571,0.019136266039139174,0.0899471964236859,other T,other_T,0.07657992565055761,0.03848228165350086,0.03809764399705676
CORO2A,2.3408556,0.57870984,0.019239608148601456,0.09032679881972515,other T,other_T,0.1338289962825279,0.09660226515656233,0.03722673112596557
CTSH,2.3145673,0.55694205,0.02063661904264563,0.09553990297521124,other T,other_T,0.13828996282527883,0.10148789695758387,0.036802065867694966
RP11-563J2.2,2.3068376,0.6123597,0.02106387260872176,0.09718049646469094,other T,other_T,0.12490706319702605,0.08822689635481111,0.03668016684221494
BMPR2,2.3001306,0.37645358,0.021440821516293337,0.09880562910734257,other T,other_T,0.2304832713754647,0.19732876495035062,0.03315450642511408
CAMK1D,2.2957594,0.22652183,0.02168963522833957,0.09983721624091862,other T,other_T,0.592565055762082,0.5482694076964565,0.04429564806562547
RTN3,2.289208,0.32355627,0.02206726907406093,0.10134222307261048,other T,other_T,0.25055762081784394,0.21407950255385305,0.03647811826399089
KIAA0513,2.2825801,0.60119545,0.022455107563701428,0.10300508056743775,other T,other_T,0.12044609665427511,0.08334126455378957,0.03710483210048554
FOSL2,2.265065,0.42034078,0.023508689090236443,0.10722321135797694,other T,other_T,0.16654275092936807,0.1280416230449542,0.03850112788441387
PHLDB2,2.257121,0.9139729,0.024000511293272155,0.10921734376915657,other T,other_T,0.08178438661710037,0.045239681482186496,0.036544705134913875
PPP3CA,2.255253,0.2426186,0.02411744134417241,0.10954669921878618,other T,other_T,0.5687732342007435,0.5147996573712765,0.05397357682946702
RP11-398K22.12,2.2441134,0.6026155,0.024825104152013992,0.11233078801816286,other T,other_T,0.12044609665427511,0.08435646077218364,0.036089635882091464
RP11-463D19.1,2.2329707,0.51422274,0.025550874059344048,0.11508653029582629,other T,other_T,0.14498141263940523,0.10976809111386064,0.035213321525544586
SNX24,2.2272718,0.6248102,0.025929118142194778,0.11627407238652367,other T,other_T,0.12342007434944238,0.08848069540940963,0.03493937894003275
SLC15A4,2.212103,0.37020135,0.026959564630512724,0.12062445024837908,other T,other_T,0.2029739776951673,0.16741220138954988,0.03556177630561744
AC037445.1,2.1943293,1.0917677,0.028211741278896172,0.12580486634959273,other T,other_T,0.07137546468401489,0.036229815043938976,0.03514564964007591
ADCY7,2.1691182,0.42263332,0.03007371393719421,0.13297517122294097,other T,other_T,0.16208178438661713,0.1256939817899179,0.03638780259669924
ABCG2,2.169102,2.103964,0.0300749390217209,0.13297517122294097,other T,other_T,0.04684014869888474,0.012023730211604966,0.034816418487279774
FASLG,2.168961,0.83584195,0.030085632489190398,0.13297517122294097,other T,other_T,0.07806691449814128,0.04235271723612831,0.03571419726201297
AFF1,2.1598933,0.1910878,0.0307809353297087,0.13574833662495567,other T,other_T,0.4892193308550187,0.46448399479711955,0.024735336057899127
SOCS1,2.1576717,0.33287024,0.03095336236049923,0.13607379064972486,other T,other_T,0.23568773234200746,0.2047523872973574,0.030935345044650064
PITPNC1,2.1576278,0.25914246,0.03095678737281241,0.13607379064972486,other T,other_T,0.776208178438662,0.7211382887598745,0.055069889678787454
SLAMF7,2.1540637,0.3718988,0.03123518082813441,0.13668058002060834,other T,other_T,0.17546468401486992,0.13813013546524544,0.03733454854962448
SLC9A3R1,2.1536748,0.47277638,0.03126568267971416,0.13668058002060834,other T,other_T,0.1479553903345725,0.11271850512356846,0.03523688521100404
CTNNAL1,2.1503851,0.8859896,0.031524764163548484,0.13766272560501522,other T,other_T,0.08550185873605949,0.051362583674375836,0.034139275061683655
TAOK3,2.1497953,0.16455947,0.03157141272501302,0.13771608604149627,other T,other_T,0.592565055762082,0.5658767171092289,0.026688338652853028
EVA1B,2.1473024,1.2005492,0.03176922114160506,0.13835663463715964,other T,other_T,0.0758364312267658,0.04263824117255165,0.03319819005421415
UEVLD,2.1470735,0.7734407,0.031787436807887426,0.13835663463715964,other T,other_T,0.10260223048327138,0.06935059166904606,0.033251638814225326
PIK3CG,2.1218388,0.40369663,0.03385128006737615,0.14614416420270693,other T,other_T,0.16951672862453535,0.1343231496462676,0.03519357897826775
KIF9-AS1,2.1151435,0.46183708,0.034417721484290884,0.14819255752116633,other T,other_T,0.15390334572490708,0.12106214904349485,0.03284119668141222
DYNLL1,2.1140988,0.283178,0.0345068340832213,0.14828614675532076,other T,other_T,0.2698884758364313,0.23701659211319448,0.032871883723236794
WWC2,2.1090717,0.9824667,0.034938386956671924,0.14978944032871136,other T,other_T,0.07657992565055761,0.042987214872624614,0.033592710777933
CACNA1C,2.0960274,1.1036664,0.03607975517034233,0.15435189377686556,other T,other_T,0.0691449814126394,0.03575394181656675,0.033391039596072654
CHST12,2.0920467,0.346625,0.03643434113317712,0.15570231253494493,other T,other_T,0.1843866171003718,0.14691792773071927,0.03746868936965253
PLCXD2,2.0794322,0.5487175,0.037577636559294386,0.1599048364225293,other T,other_T,0.11375464684014872,0.07953427873481175,0.03422036810533696
MAP2K6,2.0771534,0.9341323,0.0377873889393178,0.1606265204646878,other T,other_T,0.0758364312267658,0.04251134164525239,0.03332508958151341
PIK3R5,2.0742264,0.24281436,0.038058299858832106,0.161473708221592,other T,other_T,0.4416356877323421,0.38415659401668745,0.05747909371565463
IRS2,2.070385,0.36843342,0.038416315477971336,0.16278099778801414,other T,other_T,0.2029739776951673,0.17334475429079035,0.02962922340437696
JAKMIP1,2.0251656,1.0267054,0.04285036429592594,0.18042258650916185,other T,other_T,0.06394052044609665,0.030995209542844463,0.03294531090325219
RGS3,2.002107,0.6871995,0.04527323170895751,0.1895287731556194,other T,other_T,0.08773234200743495,0.05488404555693032,0.032848296450504626
RP1-167A14.2,1.9679466,0.5797152,0.049074172767650866,0.20341626017679115,other T,other_T,0.11078066914498141,0.07953427873481175,0.03124639041016966
AC015849.2,1.958311,0.94255,0.05019354126402053,0.20762581701766508,other T,other_T,0.06840148698884758,0.036737413153136014,0.03166407383571157
SRPK2,1.9509817,0.19590008,0.05105921816795502,0.2107707664311869,other T,other_T,0.6490706319702604,0.6102281019003206,0.03884253006993976
CTC-550B14.7,1.9334768,0.48370722,0.05317748497046774,0.21816404090448302,other T,other_T,0.13754646840148702,0.10767424891342284,0.029872219488064178
HIST1H1E,1.9230032,0.40574887,0.05447964457321205,0.22259303196409416,other T,other_T,0.15613382899628256,0.12547190761714416,0.030661921379138396
CCL4,1.909862,0.22889286,0.056150974631754044,0.2280242624639758,other T,other_T,0.22230483271375467,0.18292566860188453,0.039379164111870146
ZFAND3,1.9053237,0.16151133,0.05673800561046997,0.2297085247387448,other T,other_T,0.7650557620817846,0.7347482630627203,0.030307499019064266
SYT11,1.9031374,0.54224885,0.057022615310143215,0.23039440529350794,other T,other_T,0.11152416356877323,0.08077154912597953,0.030752614442793702
EIF4A3,1.8829194,0.38589647,0.05971128143966605,0.2388451257586642,other T,other_T,0.19776951672862458,0.17372545287268815,0.024044063855936437
AC023590.1,1.8724312,1.0213096,0.0611469716354765,0.24337103138498112,other T,other_T,0.06617100371747213,0.036547063862187125,0.029623939855285004
FLNA,1.8481181,0.19903281,0.06458527279661677,0.25527775808939435,other T,other_T,0.342007434944238,0.3108086672377146,0.03119876770652341
MCTP2,1.8435723,0.21092081,0.06524549456246273,0.2573786767750009,other T,other_T,0.2892193308550186,0.24872307350655126,0.040496257348467346
VASH1,1.8353612,0.8865902,0.06645217550991864,0.2616227382280261,other T,other_T,0.06765799256505577,0.03803813330795344,0.029619859257102324
DOCK3,1.8288641,0.65475386,0.06741997300893861,0.2643920510154455,other T,other_T,0.09442379182156134,0.06557533073189305,0.028848461089668292
AGFG2,1.8259456,0.6812638,0.06785845456435997,0.2658509483422526,other T,other_T,0.08624535315985131,0.057041337521017754,0.029204015638833555
PEAK1,1.8168865,0.31393898,0.06923449552267966,0.2701833971616767,other T,other_T,0.21933085501858737,0.19504457345896392,0.02428628155962345
BCL9L,1.8021445,0.27974367,0.07152267239591834,0.27775795105211004,other T,other_T,0.2163568773234201,0.18654230512991346,0.02981457219350664
EHD1,1.8003808,0.2519504,0.07180052831150018,0.2785665501901074,other T,other_T,0.254275092936803,0.22845087402049435,0.02582421891630865
SMAD5,1.797229,0.49725837,0.07229926469327293,0.2799584305644644,other T,other_T,0.12788104089219332,0.10028235144824088,0.02759868944395244
CDK8,1.7865471,0.26701182,0.07401071957587978,0.2860317664768301,other T,other_T,0.26840148698884764,0.24700992988801126,0.021391557100836373
PIEZO1,1.773472,0.7251141,0.07615053339872352,0.2937339764656645,other T,other_T,0.08178438661710037,0.05361505028393771,0.02816933633316266
CNNM2,1.7563868,0.340933,0.07902240184600272,0.30307731308181995,other T,other_T,0.19628252788104095,0.17156816090860066,0.024714366972440283
HIST1H3D,1.7527522,0.44421664,0.07964455200061041,0.3051515402322238,other T,other_T,0.1338289962825279,0.10646870340407986,0.02736029287844803
CCDC18,1.7497383,0.3289776,0.0801634716406567,0.30684582446184383,other T,other_T,0.19851301115241637,0.17508962279115517,0.023423388361261205
CRADD,1.7302145,0.23632544,0.08359196942216093,0.3184455977987083,other T,other_T,0.27434944237918224,0.24824720027917904,0.026102242100003198
CADM1,1.7273943,0.5326773,0.08409687622255513,0.320064229200971,other T,other_T,0.0929368029739777,0.06433806034072526,0.028598742633252447
PRR5L,1.7150573,0.2631736,0.08633473814947068,0.3276460650833802,other T,other_T,0.16579925650557623,0.13267345579137724,0.03312580071419899
PIK3R3,1.7096106,1.2515572,0.08733790654164506,0.33051241832221406,other T,other_T,0.05130111524163568,0.023952285777735487,0.02734882946390019
SIPA1L3,1.7000936,0.22015946,0.08911330820476762,0.33691231835450897,other T,other_T,0.2944237918215614,0.2688683734653089,0.025555418356252524
ZNF569,1.6992984,0.34000602,0.08926297577376174,0.3371594930075987,other T,other_T,0.16951672862453535,0.14349164049363922,0.02602508813089613
STAM,1.6975214,0.20262682,0.08959811220400626,0.3381060837887029,other T,other_T,0.3174721189591079,0.2919640874337744,0.025508031525333486
KIAA1324L,1.6886927,0.5287766,0.09127832909627238,0.34315161314388115,other T,other_T,0.09665427509293681,0.0692554170235716,0.027398858069365206
ARHGAP18,1.6787386,0.8025912,0.09320300801808633,0.3487483929582276,other T,other_T,0.07286245353159852,0.04615970305510614,0.026702750476492385
PLA2G16,1.6745626,0.51376,0.09402007932691771,0.35114875565608855,other T,other_T,0.08996282527881043,0.061958694203864115,0.028004131074946315
JAK2,1.6662959,0.32727566,0.09565450543569622,0.3569197964018515,other T,other_T,0.1851301115241636,0.16046445226991535,0.02466565925424824
COMMD1,1.6566586,0.21510749,0.09758851778793878,0.36345816680796567,other T,other_T,0.3011152416356878,0.2804796802131913,0.020635561422496507
FUT10,1.6499516,0.802345,0.09895284343582054,0.3679213851458372,other T,other_T,0.06691449814126395,0.04035404968116495,0.026560448460099
RP11-478C1.7,1.6491989,0.91084266,0.09910690627853695,0.36808507438639537,other T,other_T,0.060223048327137554,0.03372354937977857,0.026499498947358986
RP11-83A24.2,1.6474336,0.23396495,0.09946893899103772,0.3687449082151537,other T,other_T,0.2788104089219331,0.2582722629358206,0.020538145986112477
NME7,1.641538,0.34808418,0.10068577460503059,0.37222097820713707,other T,other_T,0.1643122676579926,0.13952603026553728,0.024786237392455307
RTKN2,1.6399813,1.0859748,0.10100906632297214,0.37307134375982326,other T,other_T,0.06319702602230483,0.03781605913517973,0.0253809668871251
MPPED2,1.6194508,1.3938695,0.10535031303285233,0.38731732732666296,other T,other_T,0.043866171003717466,0.01789283334919578,0.025973337654521686
RFX2,1.5888282,0.50819284,0.11209919157623627,0.40986907340488576,other T,other_T,0.11524163568773235,0.09136765965546781,0.023873976032264543
ARSJ,1.583518,3.3821054,0.1133034462726859,0.41351622727257625,other T,other_T,0.02825278810408922,0.002791789600583739,0.025460998503505482
ATRN,1.5819935,0.2803387,0.11365105939388569,0.4144067799230107,other T,other_T,0.21486988847583646,0.19215760921290576,0.022712279262930707
ASCL2,1.5813391,1.4590553,0.11380053283962695,0.4145738901261455,other T,other_T,0.04312267657992565,0.017797658703721336,0.025325017876204312
KCNQ3,1.577103,2.0780475,0.11477183603256687,0.41768734827998105,other T,other_T,0.03420074349442378,0.00888296691094826,0.025317776583475518
NSMCE2,1.5665869,0.1501375,0.11721130318377848,0.42467863472383505,other T,other_T,0.466914498141264,0.44595666381142746,0.020957834329836555
LINC01057,1.5639207,2.2643893,0.11783618759802773,0.4265563351964805,other T,other_T,0.03420074349442378,0.009200215729196413,0.025000527765227366
RP11-259O18.4,1.5565593,2.2921832,0.11957516081829603,0.4315365318846621,other T,other_T,0.03197026022304832,0.006947749119634533,0.02502251110341379
CAMK4,1.5343986,0.57397926,0.12493161974209406,0.44618435622176444,other T,other_T,0.8379182156133831,0.6986136226642559,0.13930459294912723
APOBEC3C,1.52628,0.37222067,0.12694014049490468,0.45174427222386004,other T,other_T,0.12639405204460968,0.10142444719393424,0.02496960485067544
KLHDC10,1.5215362,0.2094662,0.12812532398922435,0.4539674562591373,other T,other_T,0.27509293680297403,0.2546239015259669,0.020469035277007108
GDPD1,1.5121588,0.84052205,0.13049349102622163,0.4602388601195702,other T,other_T,0.05873605947955389,0.03448494654357413,0.024251112935979757
GAB2,1.511635,0.18510614,0.1306267712289771,0.4602388601195702,other T,other_T,0.2840148698884759,0.25544874845341203,0.028566121435063874
JARID2,1.5065874,0.16723712,0.1319164568706383,0.46408604000224557,other T,other_T,0.4929368029739778,0.44510009200215744,0.04783671097182035
CFH,1.5052859,2.0324016,0.13225059564215175,0.46485270875976015,other T,other_T,0.03271375464684014,0.008533993210875293,0.02417976143596485
TMEM154,1.4838809,0.34675425,0.13784052677729217,0.48028058110554767,other T,other_T,0.13903345724907065,0.1159227181878748,0.02311073906119586
CLSTN3,1.4807556,0.60551345,0.13867173306052008,0.4819486691627061,other T,other_T,0.0691449814126394,0.04482725801846389,0.02431772339417551
SLC2A13,1.4770007,0.25322035,0.13967545085157376,0.48498420434574224,other T,other_T,0.21412639405204464,0.19225278385838018,0.02187361019366446
RP1-91J24.3,1.4729348,1.5557053,0.1407686167908106,0.48835599927427786,other T,other_T,0.036431226765799254,0.0127216776117509,0.023709549154048354
LINC01146,1.460407,1.698221,0.1441782558478464,0.49888669843545475,other T,other_T,0.0349442379182156,0.011484407220583108,0.023459830697632487
PRKX-AS1,1.4574914,0.4330851,0.14498076969409082,0.49950308249471426,other T,other_T,0.1100371747211896,0.08705307572729296,0.02298409899389664
CDK6,1.4354863,0.28127643,0.15114856247743555,0.5178524623002908,other T,other_T,0.1680297397769517,0.14514133434852958,0.02288840542842213
FKBP5,1.4267969,0.15366445,0.15363842674152015,0.5252595786034877,other T,other_T,0.45501858736059486,0.4252403159798231,0.02977827138077177
BARD1,1.4237949,0.3975992,0.1545058629595726,0.5277740835510593,other T,other_T,0.10855018587360596,0.08556200628152663,0.022988179592079327
CTSD,1.4184744,0.15852425,0.1560522996060005,0.5321476542404109,other T,other_T,0.3018587360594796,0.2719774118841408,0.029881324175338786
UST,1.4156044,0.39494464,0.15689136674781015,0.5340982697797793,other T,other_T,0.12565055762081787,0.10431141143999242,0.02133914618082544
TMTC2,1.414991,0.44080466,0.1570711193554825,0.5342555080118453,other T,other_T,0.1033457249070632,0.08118397258970213,0.022161752317361075
B3GALNT2,1.3941642,0.5129447,0.1632680348055544,0.5520474549638357,other T,other_T,0.08996282527881043,0.06801814663240381,0.021944678646406618
BRE,1.375594,0.15947905,0.16894736573732827,0.5673616107447427,other T,other_T,0.3553903345724908,0.34212112559880725,0.013269208973683555
DTNB,1.3704776,0.17962742,0.1705378889219139,0.5713162107936814,other T,other_T,0.2825278810408922,0.260270930490784,0.022256950550108234
NETO2,1.3642048,0.80741715,0.172503117330144,0.5769335027764014,other T,other_T,0.06617100371747213,0.04501760730941279,0.02115339640805934
PTPN9,1.3635842,0.33686128,0.17269848866042337,0.5771043898426845,other T,other_T,0.1442379182156134,0.12398083817137785,0.020257080044235556
PPP1R12B,1.3579776,0.26030686,0.17447080062869125,0.5815693354289708,other T,other_T,0.18066914498141268,0.15884648329684978,0.0218226616845629
ATP2B1,1.3523607,0.15007412,0.17625994181922788,0.586883482497345,other T,other_T,0.46171003717472126,0.419593287015006,0.04211675015971528
WHSC1,1.3505442,0.29082292,0.1768414787816186,0.5880015919588315,other T,other_T,0.1717472118959108,0.1524697820500619,0.019277429845848904
NFIA,1.3440734,0.4672534,0.17892464603561498,0.593522207184379,other T,other_T,0.08624535315985131,0.06436978522255006,0.02187556793730125
SRBD1,1.3358331,0.28135794,0.18160384659271223,0.5995901399543829,other T,other_T,0.1680297397769517,0.14799657371276298,0.02003316606418873
VCL,1.335613,0.31445378,0.18167581240617803,0.5995901399543829,other T,other_T,0.14200743494423793,0.12106214904349485,0.02094528590074307
ROR2,1.3291143,2.871403,0.18381027020307417,0.6051366920265816,other T,other_T,0.025278810408921933,0.003933885346277087,0.02134492506264485
CPEB3,1.3246845,0.3906034,0.18527581808555293,0.608959139147257,other T,other_T,0.12118959107806693,0.10123409790298535,0.01995549317508158
FOS,1.3212833,1.260629,0.1864069239439785,0.6115359190050171,other T,other_T,0.040892193308550165,0.01982805114050951,0.021064142168040655
KIF13B,1.3183765,0.1938528,0.18737762219874154,0.6128458616475602,other T,other_T,0.26171003717472124,0.24358364265093121,0.01812639452379003
ATXN7L1,1.3100013,0.2016269,0.19019542796457678,0.6195290813178397,other T,other_T,0.2565055762081785,0.2391104343136323,0.01739514189454619
CMC1,1.3081553,0.19141659,0.19082062662091237,0.6210598099948327,other T,other_T,0.24237918215613385,0.22017067986421757,0.022208502291916288
TNFRSF18,1.3071502,0.778905,0.1911616922204219,0.6216640397412094,other T,other_T,0.06171003717472119,0.041210621490434966,0.020499415684286225
SAMSN1,1.2999649,0.15289189,0.19361301308405454,0.628613678844333,other T,other_T,0.5278810408921935,0.489292852384125,0.038588188508068444
FAM53B,1.2693232,0.24436568,0.20432581644386505,0.6596475107146571,other T,other_T,0.14572490706319705,0.12318771612575748,0.02253719093743957
ARHGAP32,1.2655375,0.48481423,0.20567869387256676,0.6634796576534412,other T,other_T,0.0929368029739777,0.07376035024269538,0.019176452731282323
SLC4A4,1.2552253,0.90776056,0.20939696176354183,0.6738438029397966,other T,other_T,0.04237918215613383,0.022017067986421758,0.02036211416971207
CHODL,1.2376852,0.5153456,0.21583279627213559,0.6923265317470266,other T,other_T,0.07137546468401489,0.051362583674375836,0.02001288100963905
SOX13,1.2265161,1.184357,0.22000450812226668,0.7034516646595258,other T,other_T,0.0349442379182156,0.015132768630436857,0.01981146928777874
RP11-204L24.2,1.2115085,0.67914414,0.22570055232270714,0.7182197369059894,other T,other_T,0.05799256505576207,0.03867263094444975,0.019319934111312324
B4GALNT3,1.2098182,1.2808396,0.22634864637623964,0.7191378756989346,other T,other_T,0.03345724907063196,0.013958948002918695,0.019498301067713265
DPYD,1.2035822,0.12572066,0.22875110077700123,0.725043108643427,other T,other_T,0.6460966542750931,0.6227594302211226,0.02333722405397054
PPP2R3A,1.202495,0.37810552,0.2291718275463982,0.7258015124193135,other T,other_T,0.11449814126394053,0.09669743980203677,0.017800701461903767
MICALCL,1.1973667,1.5395502,0.23116365141900763,0.7310787988250155,other T,other_T,0.03197026022304832,0.012816852257225347,0.019153407965822974
OTUD7A,1.1847215,0.77687365,0.23612757594473244,0.74488194304332,other T,other_T,0.04981412639405204,0.03080486025189557,0.01900926614215647
NTRK1,1.1740806,2.1292531,0.24036272941691406,0.7558576396758303,other T,other_T,0.02453531598513011,0.005647028964817108,0.018888287020313005
SCARNA17,1.1622996,0.49141726,0.2451137613962845,0.7677799887119326,other T,other_T,0.06245353159851301,0.04339963833634722,0.01905389326216579
USP28,1.1600547,0.29009032,0.24602653760609128,0.7700361114431652,other T,other_T,0.11449814126394053,0.0948573966561975,0.019640744607743038
TWSG1,1.156228,0.41885594,0.24758792073376445,0.7743171875958232,other T,other_T,0.09070631970260225,0.07245963008787795,0.018246689614724296
RP11-401F2.3,1.149788,1.6398803,0.25023120491452144,0.7813620762358203,other T,other_T,0.02825278810408922,0.009802988483867901,0.01844979962022132
MAST2,1.1453186,0.50098145,0.25207721042215214,0.7852872598820939,other T,other_T,0.08475836431226767,0.06747882364138195,0.017279540670885718
NLK,1.1433084,0.18456188,0.25291057671273753,0.7866580924190902,other T,other_T,0.23122676579925652,0.21404777767202826,0.017178988127228262
FAM135A,1.1399717,0.30260488,0.2542980764769225,0.7891328982992164,other T,other_T,0.13085501858736062,0.11367025157831291,0.01718476700904771
CTD-2113L7.1,1.1262451,0.48008725,0.26006177689234145,0.8032796197446841,other T,other_T,0.07286245353159852,0.05488404555693032,0.017978407974668202
KLHL25,1.1257007,0.65978205,0.26029220257758945,0.8033709956098439,other T,other_T,0.0550185873605948,0.03695948732590973,0.01805910003468507
ST7-AS2,1.1115003,0.71056354,0.2663530990934605,0.8182890909169294,other T,other_T,0.052788104089219315,0.03505599441642081,0.017732109672798507
NINJ2,1.0934685,0.6127335,0.2741881348959714,0.8397798924838327,other T,other_T,0.052044609665427496,0.034326322134450055,0.017718287530977442
DLEU7,1.0771126,1.8981007,0.28142999785349243,0.8546176402987671,other T,other_T,0.025278810408921933,0.00802639510167825,0.017252415307243682
ZNF16,1.0755924,0.5127723,0.2821095873928948,0.8555256630565423,other T,other_T,0.0691449814126394,0.0521239808381714,0.017021000574468002
BZRAP1,1.0751023,0.41630816,0.2823289199036919,0.8555421815263391,other T,other_T,0.06691449814126395,0.0490149424193395,0.01789955572192445
PACSIN1,1.0709807,2.7325108,0.2841781206198192,0.8598430275940065,other T,other_T,0.020817843866171006,0.0036166365280289347,0.01720120733814207
NDRG1,1.0558953,0.36574522,0.29101603279890376,0.8758947563548646,other T,other_T,0.1130111524163569,0.09768091113860605,0.015330241277750845
GADD45A,1.0519894,0.47690183,0.2928044203611353,0.8806147980786023,other T,other_T,0.07360594795539034,0.057041337521017754,0.016564610434372587
SUPT3H,1.0497297,0.14321822,0.29384238674815033,0.8830725371845239,other T,other_T,0.3063197026022305,0.28936264712413956,0.016957055478090954
IFIT2,1.0481246,0.23160903,0.2945812447911489,0.8846283627361828,other T,other_T,0.11821561338289963,0.10037752609371534,0.01783808728918429
ABHD3,1.046801,0.15092261,0.2951913670032784,0.8857955498973096,other T,other_T,0.2788104089219331,0.26582278481012667,0.012987624111806428
H2AFX,1.0422758,0.5622125,0.2972838076216622,0.891405720004984,other T,other_T,0.06617100371747213,0.0498397893467847,0.01633121437068743
PELI2,1.0412986,0.21642324,0.29773697576108715,0.8914866088296,other T,other_T,0.19925650557620822,0.18641540560261421,0.012841099973594006
CDKL5,1.0407763,0.31901804,0.2979793990012938,0.8914866088296,other T,other_T,0.10185873605947957,0.08533993210875293,0.016518803950726635
GARNL3,1.0352739,1.0083543,0.30054102390317783,0.8951333548866056,other T,other_T,0.03345724907063196,0.016782462485327245,0.016674786585304715
TBX21,1.0303701,0.32508257,0.3028362760527431,0.9010625060194948,other T,other_T,0.07657992565055761,0.05910345483963075,0.017476470810926868
TEX14,1.0300591,0.5546404,0.3029822676490551,0.9010625060194948,other T,other_T,0.06691449814126395,0.05098188509247805,0.015932613048785897
RGS9,1.0238583,0.78812796,0.3059022214998437,0.9067055964784653,other T,other_T,0.035687732342007436,0.019003204213064312,0.016684528128943124
ABCA2,1.0223323,0.6861516,0.3066236605489744,0.9071788091388678,other T,other_T,0.04312267657992565,0.026490276323720703,0.016632400256204945
TMEM156,1.0139731,0.15629303,0.3105956070200938,0.9155360560651254,other T,other_T,0.21263940520446098,0.1949493988134895,0.017690006390971486
ESM1,1.0118147,2.4413083,0.3116266793242469,0.9172234858697481,other T,other_T,0.020074349442379184,0.003806985818977826,0.01626736362340136
GPHN,1.0106893,0.15497181,0.3121651889771523,0.9175016654466632,other T,other_T,0.2587360594795539,0.2471368294153105,0.011599230064243404
CD226,1.0080422,0.20491718,0.3134341909048026,0.9201091058707962,other T,other_T,0.14572490706319705,0.1284857713905016,0.017239135672695444
SUSD4,1.0078485,1.3251741,0.3135271778254738,0.9201091058707962,other T,other_T,0.026765799256505577,0.010532660765838652,0.016233138490666925
ADAMTS17,0.9971563,0.6450937,0.31868864190136525,0.9332024653041442,other T,other_T,0.04684014869888474,0.03074141048824594,0.0160987382106388
RP11-384C4.7,0.99277204,0.2612322,0.320821070006608,0.9379984188030275,other T,other_T,0.12267657992565056,0.10637352875860542,0.01630305116704514
BBS9,0.9924052,0.16274436,0.32099990771215015,0.9379984188030275,other T,other_T,0.22750929368029743,0.21252498334443715,0.014984310335860285
STRBP,0.9912607,0.10559633,0.321558299864237,0.9382614192740524,other T,other_T,0.3189591078066915,0.2936772310523144,0.025281876754377097
CTNND2,0.99042284,2.6927137,0.32196747340197285,0.938680680472224,other T,other_T,0.019330855018587362,0.0034262872370800436,0.01590456778150732
RP11-197K3.1,0.98332554,0.40802792,0.3254472502616854,0.9460675879700158,other T,other_T,0.08104089219330855,0.06573395514101713,0.015306937052291428
GNAO1,0.9774123,0.46560052,0.32836507558763195,0.9497182229577208,other T,other_T,0.05724907063197025,0.041210621490434966,0.016038449141535287
RCOR1,0.97153723,0.14969175,0.33128082574169615,0.9553881059601907,other T,other_T,0.2401486988847584,0.22581770882903468,0.014330990055723719
FAM160A1,0.96912205,1.4363962,0.33248429948344904,0.9581680100387581,other T,other_T,0.026765799256505577,0.011262333047809402,0.015503466208696175
PHLDA1,0.9677663,0.459913,0.3331611184968404,0.9594272670895331,other T,other_T,0.07509293680297398,0.060309000348973726,0.014783936454000252
PRKCE,0.96582353,0.07636284,0.3341324816564696,0.9608410687461383,other T,other_T,0.27434944237918224,0.24555058532406976,0.02879885705511248
LAYN,0.96002185,0.92614657,0.33704422339018003,0.9665873161076595,other T,other_T,0.03345724907063196,0.01801973287649504,0.01543751619413692
KHDC1,0.9591092,0.39433974,0.33750374730197874,0.9665873161076595,other T,other_T,0.06617100371747213,0.05031566257415693,0.015855341143315202
RP11-431M7.2,0.9517463,1.3342656,0.34122568366769546,0.9756274014801871,other T,other_T,0.026022304832713755,0.010723010056787542,0.015299294775926214
EXOC6B,0.94852996,0.117522456,0.34285974249833373,0.978371194013877,other T,other_T,0.35464684014869896,0.33901208717997533,0.01563475296872363
PIK3CB,0.94174075,0.10760275,0.3463253986558962,0.9852785168019806,other T,other_T,0.34795539033457257,0.3303829193236256,0.017572471010946944
CTD-2175A23.1,0.93757945,2.0707474,0.34846057203596104,0.9892422201162839,other T,other_T,0.020817843866171006,0.00577392849211637,0.015043915374054636
SCD5,0.935961,1.262346,0.3492932555505469,0.990902852625665,other T,other_T,0.025278810408921933,0.010183687065765685,0.015095123343156248
RFTN1,0.9346287,0.115795836,0.34997967576326183,0.9921464940134992,other T,other_T,0.57546468401487,0.5469052377779895,0.02855944623688056
USP46,0.92716604,0.3047021,0.3538403439610278,0.9990285255320437,other T,other_T,0.07806691449814128,0.06256146695853561,0.015505447539605671
PGM2L1,0.9270398,0.26789537,0.3539058551697265,0.9990285255320437,other T,other_T,0.1271375464684015,0.11325782811459031,0.013879718353811188
PACSIN2,0.9141217,0.1336564,0.3606528992928425,0.9998208771676015,other T,other_T,0.24460966542750934,0.2316868119666255,0.012922853460883843
SNX10,0.91335726,0.14815375,0.36105468705674126,0.9998208771676015,other T,other_T,0.2066914498141264,0.19263348244027798,0.014057967373848429
KIFC3,0.9110286,0.40906844,0.36228028801245604,0.9998208771676015,other T,other_T,0.06617100371747213,0.05142603343802546,0.01474497027944667
FAM179A,0.9060545,0.86456656,0.3649070180343801,0.9998208771676015,other T,other_T,0.03345724907063196,0.018876304685765052,0.014580944384866908
EPN2,0.90540594,0.52913845,0.36525037483761424,0.9998208771676015,other T,other_T,0.05427509293680298,0.0398147266901431,0.014460366246659882
RNU11,0.90101427,0.916916,0.3675807183759954,0.9998208771676015,other T,other_T,0.03271375464684014,0.018273531931093562,0.01444022271574658
SLC41A2,0.8996541,0.42820626,0.3683043529878265,0.9998208771676015,other T,other_T,0.08550185873605949,0.07242790520605313,0.013073953530006358
TMEM135,0.89456844,0.14193888,0.3710178291627352,0.9998208771676015,other T,other_T,0.2371747211895911,0.2207734526188891,0.01640126857070201
CRIM1,0.8927607,0.44626227,0.3719853237171894,0.9998208771676015,other T,other_T,0.07434944237918216,0.060753148694521135,0.013596293684661025
NNMT,0.88994646,3.46458,0.37349464667387,0.9998208771676015,other T,other_T,0.015613382899628254,0.0013007201548174234,0.014312662744810831
SMIM14,0.8852701,0.2785206,0.3760109464330601,0.9998208771676015,other T,other_T,0.13085501858736062,0.11871450778845853,0.01214051079890209
GPD2,0.8815652,0.2721984,0.37801197515855545,0.9998208771676015,other T,other_T,0.12936802973977696,0.11722343834269222,0.012144591397084736
L2HGDH,0.88144046,0.31100562,0.3780794504508427,0.9998208771676015,other T,other_T,0.09219330855018588,0.07836045810729358,0.0138328504428923
RAP2C-AS1,0.88012725,0.1891404,0.37879037582058706,0.9998208771676015,other T,other_T,0.1895910780669145,0.17880143396465853,0.010789644102255969
ADAM22,0.8769212,0.5416504,0.38052944009189915,0.9998208771676015,other T,other_T,0.047583643122676586,0.03343802544335524,0.014145617679321348
IER5L,0.87031686,0.46800247,0.38412725943698045,0.9998208771676015,other T,other_T,0.04907063197026022,0.03480219536182229,0.014268436608437934
STX8,0.841122,0.13369498,0.40027960805423757,0.9998208771676015,other T,other_T,0.254275092936803,0.2416801497414423,0.012594943195360697
SLAMF6,0.8301172,0.15854935,0.40647251949251584,0.9998208771676015,other T,other_T,0.16654275092936807,0.15215253323181374,0.01439021769755433
BHLHE40,0.8102177,0.16788352,0.41781508974621084,0.9998208771676015,other T,other_T,0.17249070631970265,0.16052790203356498,0.011962804286137663
QSOX1,0.809531,0.30287156,0.4182098007896663,0.9998208771676015,other T,other_T,0.09962825278810408,0.08749722407284036,0.012131028715263725
RORB,0.80665356,1.3513728,0.41986609340266756,0.9998208771676015,other T,other_T,0.02230483271375465,0.009358840138320487,0.012945992575434162
FCHO2,0.8033683,0.2974773,0.4217618949810571,0.9998208771676015,other T,other_T,0.10706319702602232,0.09561879381999305,0.011444403206029269
GK5,0.8030059,0.26710644,0.42197134129780856,0.9998208771676015,other T,other_T,0.07434944237918216,0.060753148694521135,0.013596293684661025
PCCA,0.79796714,0.15978579,0.42488954986989946,0.9998208771676015,other T,other_T,0.19033457249070637,0.1796897306557534,0.010644841834952984
LRRC2,0.7973626,0.77065516,0.42524045734175364,0.9998208771676015,other T,other_T,0.03791821561338289,0.025348180578027357,0.012570035035355535
DISP1,0.7968007,0.3728206,0.4255668167607375,0.9998208771676015,other T,other_T,0.07434944237918216,0.061990419085688926,0.012359023293493233
RP11-190P13.2,0.79484767,0.56350046,0.42670211604728703,0.9998208771676015,other T,other_T,0.040892193308550165,0.02807652041496147,0.012815672893588696
CALCB,0.7891296,0.5515645,0.43003626477115153,0.9998208771676015,other T,other_T,0.03866171003717471,0.025887503569049217,0.012774206468125493
RPS6KC1,0.78797483,0.14962666,0.43071142821610575,0.9998208771676015,other T,other_T,0.22973977695167289,0.2218520986009328,0.007887678350740085
SYNM,0.7859118,0.1741512,0.43191915838602746,0.9998208771676015,other T,other_T,0.13085501858736062,0.11715998857904258,0.013695030008318038
C5orf42,0.778499,0.16413136,0.43627489850958745,0.9998208771676015,other T,other_T,0.1479553903345725,0.13489419751911427,0.013061192815458228
POU3F1,0.7756832,0.7221719,0.4379360360851805,0.9998208771676015,other T,other_T,0.03271375464684014,0.020177024840582477,0.012536729806257665
ANO6,0.7737625,0.15935127,0.4390712254927991,0.9998208771676015,other T,other_T,0.1643122676579926,0.15272358110466044,0.011588686553332145
TET1,0.7716262,0.4952686,0.44033587936538343,0.9998208771676015,other T,other_T,0.0453531598513011,0.03289870245233338,0.012454457398967722
TCAIM,0.76661676,0.20421383,0.44330939257263835,0.9998208771676015,other T,other_T,0.12639405204460968,0.1148757970876559,0.011518254956953786
AFAP1,0.7535534,0.21347743,0.45111743665616844,0.9998208771676015,other T,other_T,0.09665427509293681,0.0842612861267092,0.012392988966227605
PTGDR,0.74951684,0.51946396,0.4535457466450111,0.9998208771676015,other T,other_T,0.03791821561338289,0.02566542939627551,0.012252786217107382
ZNF541,0.74809945,0.95637167,0.4544001820039588,0.9998208771676015,other T,other_T,0.025278810408921933,0.013229275720947946,0.012049534687973987
ST3GAL4,0.74267334,0.5048508,0.4576794657247012,0.9998208771676015,other T,other_T,0.052044609665427496,0.040322324799340135,0.011722284866087361
TMEM65,0.7411048,0.1644924,0.4586298943168402,0.9998208771676015,other T,other_T,0.1888475836431227,0.1799435297103519,0.0089040539327708
RGS18,0.7404034,1.8176398,0.4590552332154436,0.9998208771676015,other T,other_T,0.016356877323420074,0.00444148345547413,0.011915393867945944
ZFR2,0.7392663,1.5844086,0.45974532117555,0.9998208771676015,other T,other_T,0.01858736059479554,0.006725674946860826,0.011861685647934713
SPATS2,0.7369597,0.22287923,0.4611468688103223,0.9998208771676015,other T,other_T,0.10780669144981414,0.09631674122013899,0.011489950229675153
ATP10D,0.7350698,0.30101585,0.46229698800426644,0.9998208771676015,other T,other_T,0.08996282527881043,0.07893150598014026,0.01103131929867017
FBXL17,0.7274076,0.076418325,0.46697633330492117,0.9998208771676015,other T,other_T,0.4847583643122677,0.47517527997208225,0.009583084340185455
C2CD4B,0.7236248,2.1619787,0.4692960860866645,0.9998208771676015,other T,other_T,0.015613382899628254,0.0039973351099267165,0.011616047789701538
HLCS,0.72255224,0.15699857,0.46995501706261456,0.9998208771676015,other T,other_T,0.15613382899628256,0.14491926017575588,0.011214568820526682
MICAL3,0.71662873,0.16689786,0.4736032020070272,0.9998208771676015,other T,other_T,0.13234200743494426,0.12077662510707152,0.011565382327872742
RP3-510L9.1,0.71187323,0.58077484,0.47654328585455563,0.9998208771676015,other T,other_T,0.03866171003717471,0.027283398369341086,0.011378311667833624
AL161784.1,0.70850575,1.2243267,0.47863123418483966,0.9998208771676015,other T,other_T,0.020074349442379184,0.008660892738174553,0.011413456704204631
ITGAV,0.689783,0.2380911,0.49033066570679906,0.9998208771676015,other T,other_T,0.10483271375464684,0.09415944925605155,0.010673264498595292
NR4A2,0.68752337,0.36115512,0.4917529931613809,0.9998208771676015,other T,other_T,0.07509293680297398,0.06481393356809748,0.010279003234876502
RP1-111C20.4,0.6852358,0.355947,0.49319512127442067,0.9998208771676015,other T,other_T,0.06617100371747213,0.055613717838901074,0.010557285878571056
RP5-884C9.2,0.67822945,0.6981654,0.49762621770358817,0.9998208771676015,other T,other_T,0.02825278810408922,0.01729006059452429,0.01096272750956493
PRKCA,0.67364705,0.08968986,0.5005357175882325,0.9998208771676015,other T,other_T,0.4966542750929369,0.47593667713587784,0.020717597957059075
BCAS3,0.67273587,0.076946445,0.5011153369137525,0.9998208771676015,other T,other_T,0.45799256505576214,0.44747945813901857,0.010513106916743564
C11orf49,0.66897666,0.08595532,0.5035103715360336,0.9998208771676015,other T,other_T,0.3360594795539034,0.32936772310523155,0.006691756448671871
ZNF600,0.6652996,0.13687661,0.5058588902105978,0.9998208771676015,other T,other_T,0.17843866171003722,0.1679197994987469,0.010518862211290309
TUFT1,0.6649797,0.89816236,0.5060634629385232,0.9998208771676015,other T,other_T,0.02453531598513011,0.013863773357444249,0.010671542627685862
TNF,0.6563872,0.44971827,0.5115750223417239,0.9998208771676015,other T,other_T,0.05130111524163568,0.04111544684496052,0.01018566839667516
C15orf41,0.65510625,0.20793235,0.5123993495140722,0.9998208771676015,other T,other_T,0.07286245353159852,0.06173662003109041,0.011125833500508116
CD52,0.64224386,0.12356971,0.5207148459268718,0.9998208771676015,other T,other_T,0.6364312267657994,0.5999809650709053,0.03645026169489418
CDH1,0.6395367,1.4057658,0.5224738412111444,0.9998208771676015,other T,other_T,0.017843866171003718,0.007582246756130836,0.010261619414872882
BRSK1,0.63863283,2.562901,0.5230618054558447,0.9998208771676015,other T,other_T,0.012639405204460967,0.0023793661368611413,0.010260039067599825
GATA6,0.6382015,2.4696944,0.5233425444528665,0.9998208771676015,other T,other_T,0.012639405204460967,0.0023793661368611413,0.010260039067599825
LDOC1L,0.63413703,0.78652316,0.5259913932373486,0.9998208771676015,other T,other_T,0.026022304832713755,0.01583071603058279,0.010191588802130964
NRG2,0.6315737,0.8423514,0.5276655017499139,0.9998208771676015,other T,other_T,0.025278810408921933,0.015164493512261672,0.010114316896660262
RBKS,0.6313917,0.35357475,0.5277844311741725,0.9998208771676015,other T,other_T,0.052044609665427496,0.04194029377240571,0.010104315893021784
FAM13A,0.62864053,0.25132218,0.5295844231106751,0.9998208771676015,other T,other_T,0.07509293680297398,0.06513118238634563,0.009961754416628346
NHSL2,0.62352407,0.6159055,0.5329402072413042,0.9998208771676015,other T,other_T,0.026765799256505577,0.01662383807620317,0.010141961180302406
SOX4,0.6182124,0.39727402,0.536435329994635,0.9998208771676015,other T,other_T,0.06840148698884758,0.059388978776054084,0.0090125082127935
RP11-517I3.1,0.61759025,0.6359581,0.5368454567545552,0.9998208771676015,other T,other_T,0.02973977695167286,0.019859776022334324,0.009880000929338537
MYO6,0.61123246,0.12392309,0.5410456994290505,0.9998208771676015,other T,other_T,0.0788104089219331,0.06760572316868121,0.011204685753251883
F8,0.61044014,0.9687535,0.5415703028098003,0.9998208771676015,other T,other_T,0.020074349442379184,0.010247136829415315,0.009827212612963869
SLC18A2,0.60788554,0.51896936,0.5432633901434052,0.9998208771676015,other T,other_T,0.03420074349442378,0.024428159005107718,0.00977258448931606
MTMR7,0.60764635,0.57887495,0.5434220391637299,0.9998208771676015,other T,other_T,0.03197026022304832,0.02220741727737065,0.009762842945677672
NUMB,0.60309184,0.058120552,0.5464475775126398,0.9998208771676015,other T,other_T,0.2498141263940521,0.23308270676691736,0.01673141962713473
RP11-160O5.1,0.59883374,2.179255,0.5492837499049488,0.9998208771676015,other T,other_T,0.012639405204460967,0.003013863773357446,0.00962554143110352
TDRD3,0.5908604,0.096598536,0.5546139359201623,0.9998208771676015,other T,other_T,0.2163568773234201,0.20503791123378073,0.011318966089639365
ROCK2,0.5906785,0.16494437,0.5547358615364752,0.9998208771676015,other T,other_T,0.16579925650557623,0.15837061006947756,0.007428646436098668
ZCCHC24,0.58968365,0.8764554,0.5554027509806926,0.9998208771676015,other T,other_T,0.02379182156133829,0.014371371466641292,0.009420450094696997
ZFP37,0.5870924,0.46847934,0.5571416471944539,0.9998208771676015,other T,other_T,0.035687732342007436,0.026236477269122184,0.009451255072885252
MT1E,0.5800112,0.32101426,0.5619070597111321,0.9998208771676015,other T,other_T,0.06617100371747213,0.05729513657561627,0.008875867141855856
CLSPN,0.5743562,0.89367145,0.5657267679092051,0.9998208771676015,other T,other_T,0.021561338289962827,0.012340979029853118,0.009220359260109709
RP11-191G24.1,0.5708934,0.48618415,0.5680719090041528,0.9998208771676015,other T,other_T,0.03866171003717471,0.029662764506202227,0.008998945530972483
ZNF704,0.57063514,0.31108454,0.5682469870653187,0.9998208771676015,other T,other_T,0.055762081784386616,0.04666730116430318,0.00909478062008344
RDX,0.55624384,0.065697715,0.5780441644833949,0.9998208771676015,other T,other_T,0.17620817843866174,0.16462041178896614,0.011587766649695602
AC006960.7,0.5558183,0.5327652,0.5783350499200077,0.9998208771676015,other T,other_T,0.02825278810408922,0.019257003267662835,0.008995784836426386
QPCT,0.55553955,0.72856885,0.5785256673431067,0.9998208771676015,other T,other_T,0.02825278810408922,0.019447352558611727,0.008805435545477493
AC069363.1,0.5433463,0.8759664,0.5868914124197038,0.9998208771676015,other T,other_T,0.026022304832713755,0.01744868500364837,0.008573619829065387
TMEM200A,0.53880644,1.3452129,0.5900204209989678,0.9998208771676015,other T,other_T,0.01412639405204461,0.005456679673868217,0.008669714378176393
CP,0.52610254,0.31350255,0.5988169649540378,0.9998208771676015,other T,other_T,0.048327137546468404,0.03984645157196791,0.008480685974500496
LMNA,0.5188086,0.27372575,0.6038942332576757,0.9998208771676015,other T,other_T,0.0788104089219331,0.07144443386948386,0.007365975052449236
RGMA,0.51611316,1.0682696,0.6057753856872213,0.9998208771676015,other T,other_T,0.015613382899628254,0.0072967228197075,0.008316660079920754
HEXIM1,0.5155966,0.18675521,0.6061361453199331,0.9998208771676015,other T,other_T,0.11078066914498141,0.10310586593064945,0.007674803214331963
IL17C,0.51163787,2.4573586,0.6089044713062391,0.9998208771676015,other T,other_T,0.010408921933085503,0.00218901684591225,0.008219905087173253
MAGED1,0.51066357,0.07856528,0.6095866410079638,0.9998208771676015,other T,other_T,0.28550185873605954,0.27749754132165866,0.008004317414400886
RP11-44I10.3,0.5106196,0.2231067,0.6096174699474466,0.9998208771676015,other T,other_T,0.0721189591078067,0.0640208115224771,0.008098147585329604
RP11-125B21.2,0.5090657,2.154882,0.6107061751567779,0.9998208771676015,other T,other_T,0.010408921933085503,0.0022207417277370655,0.008188180205348438
CDK19,0.5081252,0.11708763,0.6113655740469484,0.9998208771676015,other T,other_T,0.2267657992565056,0.22274039529202766,0.004025403964477953
THEMIS,0.50557643,0.16200866,0.6131540150439083,0.9998208771676015,other T,other_T,0.5739776951672864,0.5204149614542687,0.053562733713017674
LIPC,0.50334615,0.59296054,0.6147209217873635,0.9998208771676015,other T,other_T,0.025278810408921933,0.017194885949049846,0.008083924459872088
PLEKHG6,0.50033087,0.59765863,0.6168421356373374,0.9998208771676015,other T,other_T,0.025278810408921933,0.01722661083087466,0.008052199578047273
HIST1H2BD,0.4971336,0.39240217,0.6190948428361586,0.9998208771676015,other T,other_T,0.040148698884758346,0.03223247993401225,0.007916218950746096
TOX2,0.49424154,0.3192658,0.6211356013362435,0.9998208771676015,other T,other_T,0.06171003717472119,0.05415437327495957,0.0075556638997616235
ZNF609,0.49297526,0.062048707,0.6220300646450028,0.9998208771676015,other T,other_T,0.3620817843866172,0.3583325402112878,0.0037492441753294026
AC004593.3,0.49173245,1.4061202,0.622908487733212,0.9998208771676015,other T,other_T,0.012639405204460967,0.004727007391897468,0.007912397812563499
CDKN1C,0.48831952,1.0949075,0.6253235397420752,0.9998208771676015,other T,other_T,0.016356877323420074,0.008533993210875293,0.007822884112544781
S100B,0.48732764,0.55925363,0.6260261771635771,0.9998208771676015,other T,other_T,0.0275092936802974,0.019732876495035065,0.007776417185262334
OSBP2,0.48124126,0.3045587,0.6303450449145513,0.9998208771676015,other T,other_T,0.05130111524163568,0.04365343739094574,0.007647677850689941
AKT3,0.48075852,0.071907595,0.6306881412168367,0.9998208771676015,other T,other_T,0.6572490706319704,0.6407791630976176,0.016469907534352735
ATP6V0B,0.4793631,0.05708533,0.6316803352463276,0.9998208771676015,other T,other_T,0.2973977695167287,0.2857142857142858,0.011683483802442884
TLR3,0.4760294,1.3369765,0.6340534353506686,0.9998208771676015,other T,other_T,0.012639405204460967,0.004980806446495989,0.007658598757964978
RP11-762E8.1,0.47566256,0.5818151,0.6343147904680418,0.9998208771676015,other T,other_T,0.02304832713754647,0.01538656768503538,0.007661759452511092
MBNL3,0.47474992,0.10335724,0.6349652398316334,0.9998208771676015,other T,other_T,0.14646840148698886,0.13854255892896802,0.00792584255802084
HDAC8,0.4721645,0.15511812,0.6368093600469052,0.9998208771676015,other T,other_T,0.14721189591078068,0.14209574569334735,0.005116150217433335
SLC2A8,0.47181678,0.75292295,0.63705757780639,0.9998208771676015,other T,other_T,0.019330855018587362,0.011738206275181629,0.007592648743405733
SEC14L6,0.46542373,3.7391453,0.6416280376320412,0.9998208771676015,other T,other_T,0.008178438661710037,0.0006979474001459346,0.0074804912615641025
COL27A1,0.46354267,2.2965865,0.6429754456957721,0.9998208771676015,other T,other_T,0.009665427509293681,0.0022207417277370655,0.007444685781556616
LPP,0.45825157,0.06851382,0.6467717156890171,0.9998208771676015,other T,other_T,0.28996282527881045,0.28263697217727873,0.007325853101531721
ATP2C1,0.45815766,0.07856376,0.6468391761201866,0.9998208771676015,other T,other_T,0.2639405204460967,0.2596681577361125,0.004272362709984212
KIAA0754,0.45162818,1.0415889,0.6515368749494189,0.9998208771676015,other T,other_T,0.015613382899628254,0.008375368801751215,0.007238014097877039
ZBTB20-AS4,0.45063773,0.94349825,0.6522506629925616,0.9998208771676015,other T,other_T,0.014869888475836432,0.007613971637955652,0.007255916837880781
MME,0.44799513,0.8350984,0.6541567130683108,0.9998208771676015,other T,other_T,0.028996282527881043,0.02214396751372102,0.0068523150141600216
LMCD1-AS1,0.44794232,1.4223105,0.6541948359558689,0.9998208771676015,other T,other_T,0.012639405204460967,0.005456679673868217,0.0071827255305927495
KREMEN2,0.44699442,2.6808279,0.6548790832384292,0.9998208771676015,other T,other_T,0.008921933085501859,0.0017448685003648358,0.007177064585137023
RP11-174G6.1,0.4413189,0.21325472,0.6589821422679976,0.9998208771676015,other T,other_T,0.07360594795539034,0.06687605088671046,0.00672989706867988
RP11-68I3.2,0.43888023,0.06566838,0.660748309070879,0.9998208771676015,other T,other_T,0.29219330855018594,0.2858411852415851,0.006352123308600854
GPR114,0.4357446,0.13118033,0.6630220249253196,0.9998208771676015,other T,other_T,0.060223048327137554,0.05272675359284289,0.007496294734294667
FSIP1,0.4349156,0.571158,0.6636236914985754,0.9998208771676015,other T,other_T,0.020817843866171006,0.01380032359379462,0.007017520272376386
FOCAD,0.43068242,0.123858325,0.6666992935494822,0.9998208771676015,other T,other_T,0.16356877323420077,0.15830716030582792,0.00526161292837285
AGPAT4,0.42986807,0.09636486,0.6672916055742331,0.9998208771676015,other T,other_T,0.13605947955390335,0.12816852257225345,0.007890956981649905
AC090505.6,0.42984754,2.7231832,0.6673065494614345,0.9998208771676015,other T,other_T,0.008178438661710037,0.0012689952729926083,0.006909443388717429
RP5-1043L13.1,0.42865756,0.41781425,0.6681724525568082,0.9998208771676015,other T,other_T,0.03271375464684014,0.025887503569049217,0.006826251077790925
RP11-390D11.1,0.42768472,0.53564817,0.6688806646141057,0.9998208771676015,other T,other_T,0.030483271375464683,0.023761936486786595,0.006721334888678088
HHAT,0.42502013,0.33502614,0.6708220109399141,0.9998208771676015,other T,other_T,0.04163568773234201,0.03492909488912155,0.006706592843220463
BRIP1,0.41734612,0.23598371,0.6764252538478963,0.9998208771676015,other T,other_T,0.05055762081784386,0.043875511563719445,0.0066821092541244145
FSTL4,0.411474,1.28856,0.6807250132620708,0.9998208771676015,other T,other_T,0.011152416356877325,0.004536658100948577,0.006615758255928748
EPHX4,0.40889007,1.2471064,0.6826203392007353,0.9998208771676015,other T,other_T,0.011895910780669145,0.005329780146568956,0.006566130634100189
XYLT1,0.40345517,0.059976555,0.686613400026548,0.9998208771676015,other T,other_T,0.34646840148698893,0.34158180260778537,0.004886598879203563
SLC9A1,0.40177217,0.27395004,0.6878516941461519,0.9998208771676015,other T,other_T,0.06765799256505577,0.061895244440214485,0.005762748124841281
ARHGAP11B,0.40163425,0.17860682,0.6879532131401853,0.9998208771676015,other T,other_T,0.06171003717472119,0.05520129437517847,0.006508742799542722
MAML3,0.39094642,0.10533414,0.6958368316701279,0.9998208771676015,other T,other_T,0.1241635687732342,0.11817518479743667,0.005988383975797526
RP11-4F5.2,0.3897139,0.5677893,0.6967481177634455,0.9998208771676015,other T,other_T,0.019330855018587362,0.013038926429999053,0.006291928588588309
RP11-111E14.1,0.38628483,0.89612454,0.6992857456989173,0.9998208771676015,other T,other_T,0.013382899628252789,0.007169823292408239,0.00621307633584455
NUGGC,0.38534135,0.540048,0.6999845373981116,0.9998208771676015,other T,other_T,0.020817843866171006,0.014625170521239815,0.0061926733449311905
NCEH1,0.3840149,0.4710843,0.7009674051170416,0.9998208771676015,other T,other_T,0.03420074349442378,0.028266869705910358,0.0059338737885134205
SORBS1,0.38340157,0.3616915,0.7014220421120498,0.9998208771676015,other T,other_T,0.031226765799256505,0.025094381523428834,0.006132384275827671
TCF7L2,0.38272074,0.061600138,0.7019268361419817,0.9998208771676015,other T,other_T,0.15464684014869892,0.14704482725801854,0.007602012890680382
ZNF532,0.38247716,0.33494553,0.702107462518398,0.9998208771676015,other T,other_T,0.0453531598513011,0.03952920275371975,0.00582395709758135
WWC3-AS1,0.3824493,0.35913408,0.7021281376951762,0.9998208771676015,other T,other_T,0.02973977695167286,0.02360331207766252,0.006136464874010341
NTNG2,0.38132387,0.3451955,0.7029629458547015,0.9998208771676015,other T,other_T,0.02453531598513011,0.018336981694743196,0.006198334290386916
EFNB2,0.37769082,1.4029962,0.7056602824575592,0.9998208771676015,other T,other_T,0.010408921933085503,0.004346308809999684,0.006062613123085819
FAM167A,0.3723572,0.7865101,0.7096269267134043,0.9998208771676015,other T,other_T,0.014869888475836432,0.00888296691094826,0.005986921564888172
RP11-887P2.5,0.37200943,0.1099061,0.7098858246199109,0.9998208771676015,other T,other_T,0.07360594795539034,0.06709812505948418,0.006507822895906165
CDH20,0.3680932,2.5061686,0.712803736354252,0.9998208771676015,other T,other_T,0.007434944237918216,0.00152279432759113,0.0059121499103270865
FBXW7,0.3674153,0.034371566,0.7133092510697456,0.9998208771676015,other T,other_T,0.44014869888475844,0.4389454649281433,0.0012032339566151462
IFNG,0.3658233,0.9404377,0.7144969394869081,0.9998208771676015,other T,other_T,0.012639405204460967,0.006757399828685642,0.005882005375775325
RP11-328M4.2,0.36356366,1.0048543,0.7161838781446926,0.9998208771676015,other T,other_T,0.011152416356877325,0.005298055264744141,0.005854361092133184
ACER2,0.35677004,0.49012542,0.7212639682034825,0.9998208771676015,other T,other_T,0.020074349442379184,0.014307921702991663,0.005766427739387521
CDC14B,0.35473928,0.21500881,0.7227849117372955,0.9998208771676015,other T,other_T,0.048327137546468404,0.04260651629072683,0.005720621255741576
LYN,13.808444,3.3755653,2.2667349471727153e-43,3.0223132628969537e-41,other,other,0.7641509433962264,0.20986709132112458,0.5542838520751018
GAB2,13.694877,3.3791919,1.0894535704894802e-42,1.3618169631118503e-40,other,other,0.7264150943396226,0.2535677099283396,0.472847384411283
FNDC3B,13.399497,3.002824,6.087445623549409e-41,7.161700733587539e-39,other,other,0.7547169811320754,0.31408097017210757,0.44063601095996785
TMEM164,12.917076,4.252965,3.6058365521332667e-38,4.0064850579258524e-36,other,other,0.5943396226415097,0.11119617810987936,0.4831434445316304
ATP8B4,12.847155,5.6318455,8.923199213251659e-38,9.646701852163956e-36,other,other,0.5377358490566039,0.03515648925093404,0.5025793598056698
RNF130,12.843357,3.0135565,9.372083302037238e-38,9.865350844249724e-36,other,other,0.7075471698113207,0.2418999203772892,0.4656472494340315
SIPA1L1,12.823051,2.6803396,1.2181061396607054e-37,1.2181061396607054e-35,other,other,0.8113207547169811,0.43526061125742643,0.37606014345955463
SWAP70,12.721024,3.562237,4.51903112266293e-37,4.303839164440885e-35,other,other,0.6320754716981132,0.14240215593801678,0.48967331576009643
FOXO3,12.525718,2.6714706,5.400035885279002e-36,5.023289195608375e-34,other,other,0.7547169811320754,0.3374777975133215,0.4172391836187539
JARID2,12.391387,2.3821,2.9096597101412043e-35,2.6451451910374584e-33,other,other,0.7924528301886792,0.444815336559074,0.34763749362960517
BASP1,11.548837,3.4859598,7.482657281167626e-31,6.368218962695851e-29,other,other,0.5754716981132076,0.13419489189685796,0.4412768062163497
ZEB2,11.14986,2.5961256,7.171914464712158e-29,5.854624052826251e-27,other,other,0.7971698113207546,0.36393703681019174,0.43323277451056286
NUMB,11.092262,2.653721,1.3678356151962346e-28,1.0942684921569876e-26,other,other,0.6509433962264151,0.23105898205426598,0.41988441417214906
GNAQ,11.046285,2.5400867,2.2847515841994195e-28,1.7575012186149382e-26,other,other,0.6698113207547169,0.2711765786733632,0.39863474208135374
MED13L,11.028293,1.5154932,2.791135749899685e-28,2.106517547094102e-26,other,other,0.9245283018867924,0.7340295216512527,0.19049878023553968
ZMIZ1,10.96393,3.579782,5.697015278587149e-28,4.143283838972472e-26,other,other,0.518867924528302,0.09475102590800516,0.42411689862029683
SLCO3A1,10.949588,2.5554254,6.675097897886043e-28,4.7679270699186016e-26,other,other,0.6509433962264151,0.27270778465119133,0.37823561157522373
RAB31,10.94377,3.650522,7.117700755368005e-28,4.9948777230652663e-26,other,other,0.5235849056603775,0.0996508850370552,0.4239340206233223
GAB1,10.832817,4.7791886,2.406369069321457e-27,1.6314366571670896e-25,other,other,0.46698113207547165,0.042996263857414105,0.42398486821805753
ETV6,10.680527,2.0619888,1.2555783820942675e-26,8.233300866191918e-25,other,other,0.7452830188679245,0.4324431922582226,0.3128398266097019
HIPK2,10.666717,2.1713004,1.4568306336815414e-26,9.39890731407446e-25,other,other,0.740566037735849,0.37499234397011094,0.365573693765738
RIN3,10.646459,2.5050266,1.8112468287247067e-26,1.1499979864918771e-24,other,other,0.6415094339622641,0.2608868745023581,0.38062255945990603
MAP3K8,10.611411,2.6387713,2.6373604347935035e-26,1.622991036796002e-24,other,other,0.6320754716981132,0.24349237459423045,0.3885830971038827
DOCK5,10.607697,3.5436945,2.744321103820486e-26,1.663224911406355e-24,other,other,0.5047169811320754,0.08694187542108164,0.41777510571099374
NAMPT,10.427384,2.5399656,1.8593672274916978e-25,1.0937454279362928e-23,other,other,0.6415094339622641,0.25001531205977834,0.3914941219024858
CHN2,10.215782,3.1758235,1.6851423252941955e-24,9.768941016198234e-23,other,other,0.5283018867924528,0.13823727567832428,0.39006461111412855
EMR2,10.009312,6.2289944,1.387146818358461e-23,7.926553247762634e-22,other,other,0.410377358490566,0.01613891100630857,0.3942384474842574
CDK14,9.925435,3.0035245,3.2269128936282217e-23,1.8179790950018152e-21,other,other,0.518867924528302,0.12675323084461323,0.3921146936836888
SSBP2,9.859425,2.600878,6.24059368578513e-23,3.46699649210285e-21,other,other,0.5707547169811321,0.2114595455380658,0.35929517144306633
ADRBK2,9.757913,3.174154,1.7063169811491585e-22,9.223335033238696e-21,other,other,0.48584905660377353,0.10568383658969807,0.3801652200140755
SLC7A11,9.754989,3.6519186,1.7561953130408518e-22,9.366375002884544e-21,other,other,0.4622641509433962,0.08136828566178722,0.38089586528160896
TRIO,9.74456,2.7981725,1.9461929311784108e-22,1.0243120690412689e-20,other,other,0.5283018867924528,0.1469957738715012,0.3813061129209516
AHI1,9.500489,2.4458766,2.0890716470365996e-21,1.0316403195242467e-19,other,other,0.5754716981132076,0.22000367489434686,0.3554680232188608
BACH1,9.494266,1.8401736,2.217700926370896e-21,1.0818053299370224e-19,other,other,0.7594339622641508,0.4526244870459975,0.3068094752181533
SRGN,9.400465,1.4879774,5.432236931847494e-21,2.6179455093240935e-19,other,other,0.8160377358490565,0.6546824278801986,0.1613553079688579
SSH1,9.313209,2.2163234,1.240277698659041e-20,5.906084279328766e-19,other,other,0.5849056603773587,0.20414038096404732,0.3807652794133114
RAPGEF2,9.236011,2.3146048,2.558599097705557e-20,1.1900460919560731e-18,other,other,0.5754716981132076,0.22269859741532436,0.35277310069788326
ZFAND3,9.226497,1.1945316,2.796280719344943e-20,1.2856463077448015e-18,other,other,0.8867924528301886,0.7350094934770627,0.1517829593531259
ACSL4,9.207495,2.0897255,3.338246338225094e-20,1.5173846991932245e-18,other,other,0.6273584905660377,0.280853800453237,0.34650469011280066
NFAT5,9.183562,1.6841011,4.170625304864596e-20,1.874438339264987e-18,other,other,0.7877358490566038,0.5063391927482086,0.28139665630839517
CD63,9.178508,2.1500084,4.371080796503748e-20,1.942702576223888e-18,other,other,0.6226415094339622,0.28155815520303795,0.3410833542309243
ANPEP,9.152599,3.7117183,5.557992820533728e-20,2.4430737672675726e-18,other,other,0.41981132075471694,0.058277699516138926,0.361533621238578
AGPAT9,9.121476,4.664164,7.410771701134059e-20,3.2220746526669823e-18,other,other,0.3915094339622641,0.032339070251730266,0.35917036371053385
NEAT1,9.074366,1.0078743,1.1434131189110663e-19,4.917905887789532e-18,other,other,0.9056603773584905,0.8191645740184971,0.0864958033399934
KLHL2,9.022596,2.306207,1.8368296581707329e-19,7.8162964177478e-18,other,other,0.5518867924528305,0.21152079377717894,0.34036599867565154
MAML3,9.004321,2.9988048,2.17004486970461e-19,9.1370310303352e-18,other,other,0.4622641509433962,0.1161879095975991,0.34607624134579706
MYO9B,8.976462,1.7481501,2.7961132636546075e-19,1.1530363973833432e-17,other,other,0.7075471698113207,0.4277883260856251,0.2797588437256956
ST3GAL6,8.968645,4.8398843,3.0018461980068007e-19,1.2252433461252247e-17,other,other,0.3820754716981132,0.0318184602192687,0.35025701147884447
MXD1,8.948456,2.5473287,3.604900607386184e-19,1.4565254979338118e-17,other,other,0.5141509433962265,0.16552336620322167,0.3486275771930048
KIF13A,8.908429,3.3428812,5.176052813784304e-19,2.0704211255137212e-17,other,other,0.4245283018867924,0.0748147240766828,0.3497135778101096
ZSWIM6,8.757664,1.9409841,1.9933820942276814e-18,7.81718468324581e-17,other,other,0.6556603773584906,0.3528511055307161,0.3028092718277745
ATP10D,8.754047,3.926859,2.0583451423225094e-18,7.993573368242756e-17,other,other,0.410377358490566,0.07723402952165126,0.33314332896891474
TNFRSF18,8.711559,4.3031387,2.9972286378727865e-18,1.1527802453356872e-16,other,other,0.3820754716981132,0.039841979543088143,0.342233492155025
RCOR1,8.655055,2.1701992,4.926741919052342e-18,1.8768540644008924e-16,other,other,0.556603773584906,0.22426042751270905,0.33234334607219695
STAM,8.585198,1.9312453,9.067944024801484e-18,3.421865669736409e-16,other,other,0.6226415094339622,0.290867887548233,0.33177362188572923
PACSIN2,8.43614,2.1076143,3.279897445328328e-17,1.2036320900287443e-15,other,other,0.5471698113207549,0.23017088258712567,0.3169989287336292
LIMS1,8.40496,1.8509307,4.2800984237276314e-17,1.5563994268100478e-15,other,other,0.6367924528301887,0.3115391682489129,0.3252532845812758
SAMSN1,8.340416,1.6369765,7.40298781958532e-17,2.6439242212804713e-15,other,other,0.7028301886792452,0.48949592699209904,0.21333426168714614
RTN3,8.290698,2.0401163,1.1258592813077366e-16,3.985342588699952e-15,other,other,0.5424528301886794,0.21345011330924238,0.32900271687943705
ALCAM,8.261634,2.978442,1.4369156270950416e-16,5.0418092178773385e-15,other,other,0.4245283018867924,0.10546946775280212,0.3190588341339903
GLUL,8.228561,2.872893,1.8947486741861266e-16,6.533616117883195e-15,other,other,0.4150943396226415,0.08663563422551603,0.32845870539712546
IL3RA,8.199306,2.8982809,2.417799687401395e-16,8.265981837269726e-15,other,other,0.41981132075471694,0.1091137379800331,0.31069758277468384
FOSL2,8.188252,2.5634143,2.650470325284761e-16,8.984645170456817e-15,other,other,0.44811320754716977,0.12754945795308387,0.3205637495940859
AHR,8.186041,2.1503875,2.6996024372401e-16,9.074293906689412e-15,other,other,0.518867924528302,0.20067985545415573,0.31818806907414626
ITGB8,8.164843,3.4383202,3.2185585430580095e-16,1.0728528476860033e-14,other,other,0.3915094339622641,0.06902676548049244,0.32248266848177165
PALLD,8.123219,4.381453,4.539819427695168e-16,1.5007667529570802e-14,other,other,0.35377358490566035,0.03604458871807435,0.317728996187586
BCL2L11,8.086678,2.2573018,6.131411059214705e-16,2.0102987079392476e-14,other,other,0.48113207547169806,0.1642984014209592,0.31683367405073887
ATP1B3,8.05883,1.9811293,7.702772883663784e-16,2.504966791435377e-14,other,other,0.5518867924528305,0.24226740981196795,0.30961938264086253
SYTL3,8.032603,2.1817164,9.54261991610245e-16,3.078264489065307e-14,other,other,0.5141509433962265,0.21044894959269925,0.30370199380352725
PKM,8.019283,1.7267896,1.0636353640318518e-15,3.403633164901926e-14,other,other,0.5896226415094342,0.3417039260121272,0.24791871549730704
RASGRP3,7.956316,3.6034243,1.7723746443308385e-15,5.626586172478852e-14,other,other,0.37264150943396224,0.06617872236173211,0.3064627870722301
PGD,7.9550924,2.4663637,1.789980873702456e-15,5.637735035283326e-14,other,other,0.4433962264150943,0.13100998346297546,0.3123862429521188
ACSL1,7.8867393,2.297109,3.101841123301416e-15,9.693253510316925e-14,other,other,0.4622641509433962,0.14613829852391746,0.3161258524194787
CNR2,7.8852253,3.7876663,3.1396866629897286e-15,9.735462520898382e-14,other,other,0.3632075471698113,0.05950266429840143,0.30370488287140984
DENND5A,7.867676,1.8644772,3.6129012028890214e-15,1.1116619085812374e-13,other,other,0.5660377358490566,0.2674710602070191,0.2985666756420375
EPS15L1,7.814022,1.8336651,5.539142920878889e-15,1.6913413498866835e-13,other,other,0.5660377358490566,0.2597844061983218,0.30625332965073476
SIK3,7.792355,1.1323199,6.577168477062311e-15,1.9930813566855487e-13,other,other,0.8396226415094339,0.6838365896980463,0.1557860518113876
FRY,7.7910876,3.7168748,6.6434821197286966e-15,1.9980397352567507e-13,other,other,0.3584905660377358,0.05794083420101674,0.30054973183671907
SLC6A6,7.783887,1.8929907,7.032955413779034e-15,2.0993896757549355e-13,other,other,0.5377358490566039,0.23966435964966012,0.2980714894069437
ADAM9,7.740789,3.1236045,9.880182645314816e-15,2.9059360721514164e-13,other,other,0.37264150943396224,0.06535187113370491,0.30728963830025735
CMIP,7.7307086,1.6093751,1.0694939737137344e-14,3.1226101422298814e-13,other,other,0.740566037735849,0.42775770196606855,0.3128083357697804
TPST1,7.7270484,3.366153,1.1006861661110734e-14,3.190394684379923e-13,other,other,0.36792452830188677,0.06538249525326148,0.30254203304862526
TBXAS1,7.6999674,3.5428665,1.3610085804229555e-14,3.888595944065587e-13,other,other,0.3584905660377358,0.05870643718993081,0.29978412884780503
PDE4A,7.698239,3.327578,1.3795410487813987e-14,3.913591627748649e-13,other,other,0.3632075471698113,0.06094199791755988,0.3022655492522514
ELL2,7.687084,1.994474,1.50526128929469e-14,4.240172645900536e-13,other,other,0.5094339622641509,0.205212225148527,0.30422173711562395
MGLL,7.612747,3.2778292,2.6833030101645224e-14,7.505742685774889e-13,other,other,0.3632075471698113,0.06186072150425676,0.30134682566555454
JAK2,7.606676,2.2551003,2.8123533916250893e-14,7.812092754514138e-13,other,other,0.4575471698113207,0.15955166288969194,0.2979955069216288
ZFYVE16,7.5890465,1.9605063,3.222676712690911e-14,8.890142655699066e-13,other,other,0.5141509433962265,0.2229129662522203,0.2912379771440062
MCTP2,7.5681205,1.9027107,3.786631263433295e-14,1.0303758539954545e-12,other,other,0.5330188679245284,0.24854535432106334,0.284473513603465
ARSB,7.5650883,2.1098142,3.876011303628595e-14,1.047570622602323e-12,other,other,0.46698113207547165,0.159337294052796,0.30764383802267564
RNF24,7.5361915,2.044745,4.83895375346083e-14,1.299047987506263e-12,other,other,0.48584905660377353,0.18867520058798312,0.2971738560157904
ANTXR2,7.532266,2.7475471,4.986710771293943e-14,1.326247963920554e-12,other,other,0.3915094339622641,0.09848716849390582,0.2930222654683583
STXBP5,7.531747,1.6417636,5.0065860638000915e-14,1.326247963920554e-12,other,other,0.6462264150943395,0.37003123660194776,0.2761951784923918
LMNA,7.5232973,3.0057847,5.341174055068268e-14,1.4055721197548074e-12,other,other,0.36792452830188677,0.06982299258896307,0.2981015357129237
PLXDC2,7.481267,4.9509044,7.36095603390947e-14,1.911936632184278e-12,other,other,0.3160377358490566,0.020855025418019237,0.29518271043103733
EVI5,7.477414,2.444015,7.579924733951138e-14,1.956109608761584e-12,other,other,0.410377358490566,0.11569792368469409,0.2946794348058719
CREG1,7.4709506,2.4916008,7.96174780827877e-14,2.0414737969945563e-12,other,other,0.40094339622641506,0.10093709805843085,0.3000062981679842
TRPS1,7.461604,1.6076193,8.547537689379813e-14,2.177716608759188e-12,other,other,0.6415094339622641,0.3693268818521468,0.2721825521101173
CHST11,7.4189963,1.1496642,1.1801131708439095e-13,2.9876282806174927e-12,other,other,0.830188679245283,0.6913701231089607,0.1388185561363222
ATP13A3,7.4158225,1.7103897,1.2087224704296434e-13,3.0408112463638826e-12,other,other,0.5849056603773587,0.2967783426226496,0.28812731775470907
SLC24A3,7.3704257,4.4942746,1.7008380233808367e-13,4.252095058452092e-12,other,other,0.32075471698113206,0.03429901390335028,0.2864557030777818
CTBP2,7.333257,2.824944,2.2462490026610768e-13,5.512267491192826e-12,other,other,0.37264150943396224,0.08348134991119006,0.2891601595227722
TMCC3,7.319924,3.3033943,2.481117685498001e-13,6.051506549995123e-12,other,other,0.35377358490566035,0.0728241563055062,0.28094942860015415
ABTB2,7.300577,3.591805,2.865361722531496e-13,6.946331448561202e-12,other,other,0.33962264150943394,0.056072762908066405,0.28354987860136754
CCDC88A,7.2932277,2.9266744,3.026162558890751e-13,7.291957973230725e-12,other,other,0.3632075471698113,0.07686654008697251,0.28634100708283877
LCORL,7.289611,1.7507008,3.1085133292556015e-13,7.44554090839665e-12,other,other,0.556603773584906,0.26385741409934466,0.2927463594855613
CPEB4,7.252188,1.8776597,4.100911981276225e-13,9.764076145895773e-12,other,other,0.4952830188679245,0.22459729282783125,0.2706857260400932
FNIP2,7.247584,2.2858205,4.2427132694754564e-13,1.004192489816676e-11,other,other,0.4245283018867924,0.14028909168861398,0.28423921019817844
GK,7.233183,2.621546,4.718034656762301e-13,1.1064418677969264e-11,other,other,0.38679245283018865,0.10246830403625898,0.28432414879392964
FCHO2,7.2328377,2.5650115,4.730038984831861e-13,1.1064418677969264e-11,other,other,0.3820754716981132,0.0942304158755436,0.2878450558225696
ABCA1,7.2240396,2.188072,5.046554816020776e-13,1.1736173990745992e-11,other,other,0.4386792452830188,0.16200159245421694,0.27667765282880186
MTSS1,7.219185,2.0274582,5.230015826696902e-13,1.2092522142651798e-11,other,other,0.4764150943396226,0.1962699822380107,0.28014511210161186
RGS2,7.2170315,2.5358887,5.31346781425288e-13,1.2214868538512368e-11,other,other,0.3962264150943396,0.11765786733631411,0.2785685477580255
RFTN1,7.210129,1.1306938,5.589903320163598e-13,1.2776921874659653e-11,other,other,0.6933962264150944,0.5471305199975501,0.14626570641754422
OGFRL1,7.207431,2.0829463,5.701743267473786e-13,1.2958507426076787e-11,other,other,0.4433962264150943,0.159337294052796,0.2840589323622983
ASAP1,7.1549063,1.5377988,8.373021658926141e-13,1.892208284503083e-11,other,other,0.5896226415094342,0.39557175231212105,0.19405088919731317
BAZ2B,7.1094766,1.7482176,1.1648371856306674e-12,2.6176116531026237e-11,other,other,0.518867924528302,0.2401237214430086,0.2787442030852934
NR4A3,7.1083293,4.7074695,1.174560419970251e-12,2.6247160222798906e-11,other,other,0.3018867924528302,0.021345011330924236,0.2805417811219059
EXT1,7.096815,2.3146908,1.2766483609289286e-12,2.8369963576198414e-11,other,other,0.41981132075471694,0.1548049243584247,0.26500639639629225
DOCK4,7.05896,2.837739,1.677531536037684e-12,3.666735597896577e-11,other,other,0.37264150943396224,0.09720095547253019,0.2754405539614321
BMP2K,7.043655,2.0347126,1.8726166820754003e-12,4.070905830598696e-11,other,other,0.4386792452830188,0.16074600355239788,0.27793324173062095
PIK3CB,7.0252957,1.5536658,2.1361328942953713e-12,4.6186657173953976e-11,other,other,0.5990566037735853,0.3293624058308324,0.26969419794275284
MLTK,6.9809813,2.7073443,2.931256152946342e-12,6.303776673002887e-11,other,other,0.35377358490566035,0.07524346175047467,0.27853012315518566
PIK3AP1,6.956438,1.8665165,3.489832240730269e-12,7.464881798353516e-11,other,other,0.46698113207547165,0.18447969620873403,0.2825014358667376
TNFRSF4,6.9521027,4.785813,3.5988147569332635e-12,7.657052674326092e-11,other,other,0.29245283018867924,0.016628896919213577,0.27582393326946564
PDLIM5,6.9225016,2.131567,4.437372332493109e-12,9.391264195752611e-11,other,other,0.4245283018867924,0.15606051326024376,0.26846778862654863
SEMA3C,6.8515525,3.9155786,7.305284450193756e-12,1.5299025026583781e-10,other,other,0.30660377358490565,0.03757579469590249,0.26902797888900315
RHOQ,6.8440723,1.9849286,7.697309699623954e-12,1.603606187421657e-10,other,other,0.4292452830188679,0.16356342255160167,0.2656818604672662
DRAM1,6.8380337,2.189075,8.028757473548806e-12,1.6639911862277318e-10,other,other,0.3915094339622641,0.11226802229435906,0.27924141166790506
PSTPIP2,6.813255,2.9887726,9.541505196170286e-12,1.9673206590041825e-10,other,other,0.33962264150943394,0.07968395908617629,0.2599386824232577
IRS2,6.8122306,2.0879872,9.609688697829657e-12,1.9712181944265961e-10,other,other,0.4292452830188679,0.1729037790163533,0.2563415040025146
SUSD1,6.804859,3.7978537,1.0114798464324772e-11,2.064244584556076e-10,other,other,0.30660377358490565,0.03932136951062658,0.26728240407427906
UBE2E2,6.803501,1.6503992,1.0210654615869259e-11,2.0732293636282758e-10,other,other,0.5660377358490566,0.2993201445458443,0.26671759130321226
MOB1B,6.7620845,1.9158643,1.3602041390721558e-11,2.747887149640719e-10,other,other,0.4292452830188679,0.1501194340662706,0.2791258489525973
SYK,6.7539434,2.081772,1.4387993334795835e-11,2.892058961768007e-10,other,other,0.3962264150943396,0.11735162614074848,0.2788747889535911
ANO6,6.7519174,1.9943407,1.4590415914443652e-11,2.91808318288873e-10,other,other,0.4245283018867924,0.15143627120720282,0.2730920306795896
SPIRE1,6.745025,3.4276547,1.5300040995637504e-11,3.040337162063878e-10,other,other,0.3113207547169811,0.0445580939547988,0.2667626607621823
TFPI,6.744517,4.215272,1.5353702668422586e-11,3.040337162063878e-10,other,other,0.29245283018867924,0.02642861517731366,0.2660242150113656
IQGAP1,6.7269783,1.2481494,1.7322241059397073e-11,3.4132494698319356e-10,other,other,0.7264150943396226,0.5080235193238195,0.21839157501580309
EMILIN2,6.726136,2.7767978,1.7422773175684458e-11,3.4162300344479333e-10,other,other,0.33962264150943394,0.07322226985974153,0.26640037164969244
RP11-452H21.1,6.7167892,2.064831,1.8577213875972348e-11,3.6248222197019216e-10,other,other,0.4150943396226415,0.1525999877503522,0.2624943518722893
TAOK3,6.6949954,1.1885967,2.1567865694202742e-11,4.16770351578797e-10,other,other,0.7735849056603773,0.5656274882097141,0.2079574174506632
PLCB1,6.628941,1.6624433,3.3810380348713365e-11,6.440072447373974e-10,other,other,0.5518867924528305,0.27111533043425007,0.2807714620185804
HS2ST1,6.6244636,1.662443,3.48511064587329e-11,6.606844826300076e-10,other,other,0.48113207547169806,0.2010473448888345,0.28008473058286354
RDX,6.622797,1.9983224,3.5246483549895965e-11,6.622637355618875e-10,other,other,0.41981132075471694,0.16344092607337543,0.2563703946813415
MYO1F,6.6227174,1.548973,3.526554391867051e-11,6.622637355618875e-10,other,other,0.5801886792452832,0.3144178354872298,0.2657708437580534
LRP12,6.60068,3.0462835,4.09276989750098e-11,7.614455623257637e-10,other,other,0.3160377358490566,0.05230599620260919,0.2637317396464474
CTNNA1,6.5949388,2.4656408,4.2543122196466067e-11,7.878355962308531e-10,other,other,0.35377358490566035,0.09404667115820421,0.25972691374745616
CDK6,6.59203,2.1079082,4.338520735343385e-11,7.9972732448726e-10,other,other,0.40094339622641506,0.1444233478287499,0.2565200483976652
MACF1,6.586395,1.3259743,4.506347878717797e-11,8.26852821783082e-10,other,other,0.6415094339622641,0.4225209775218963,0.2189884564403678
MANBA,6.576264,1.566967,4.8241629725453524e-11,8.811256570859091e-10,other,other,0.5235849056603775,0.2869786243645496,0.23660628129582795
FAM129A,6.541485,1.5457729,6.09110909111588e-11,1.1074743802028873e-09,other,other,0.6084905660377358,0.32914803699393647,0.2793425290437993
STX7,6.5329695,1.5392694,6.447824051012049e-11,1.167026977558742e-09,other,other,0.49999999999999994,0.2166656458626815,0.28333435413731844
BCAT1,6.5203733,2.565478,7.013271067447521e-11,1.2636524445851388e-09,other,other,0.33490566037735847,0.0696392478716237,0.2652664125057348
LPCAT2,6.514636,6.7869263,7.28661858134608e-11,1.3070167858916736e-09,other,other,0.2641509433962264,0.0062166962699822395,0.2579342471262442
RP11-519G16.3,6.4937425,2.7391725,8.372995376145788e-11,1.4907596991505995e-09,other,other,0.330188679245283,0.06905738960004901,0.261131289645234
KYNU,6.493517,2.832241,8.385523307722123e-11,1.4907596991505995e-09,other,other,0.33962264150943394,0.09239296870214983,0.2472296728072841
BMP6,6.4843483,3.899758,8.911604413627763e-11,1.5772751174562413e-09,other,other,0.28773584905660377,0.0313284743063637,0.25640737475024006
PHTF1,6.481349,2.0523396,9.090604333734154e-11,1.601868605063287e-09,other,other,0.3820754716981132,0.11689226434740005,0.2651832073507131
ANXA2,6.469646,1.9238833,9.82328269577731e-11,1.7233829290837386e-09,other,other,0.41981132075471694,0.16334905371470573,0.2564622670400112
CD58,6.4569697,1.5560371,1.0682036626883342e-10,1.86585792609316e-09,other,other,0.5235849056603775,0.2602743921112268,0.2633105135491507
NLK,6.4059553,1.6147423,1.4943053723172923e-10,2.576388572960849e-09,other,other,0.4716981132075471,0.21308262387456361,0.2586154893329835
LATS2,6.4046774,2.4512012,1.5068770814099146e-10,2.5869134444805397e-09,other,other,0.33962264150943394,0.0829607398787285,0.25666190163070546
MIR4435-1HG,6.34875,2.2967675,2.1707098139567006e-10,3.7106150665926502e-09,other,other,0.3490566037735849,0.0920867275065842,0.2569698762670007
VAV3,6.3340516,1.6506069,2.3880585101912254e-10,4.064780442878682e-09,other,other,0.4716981132075471,0.21345011330924238,0.2582479998983047
CSF2RB,6.329345,5.4966297,2.462033399108609e-10,4.172937964590863e-09,other,other,0.2641509433962264,0.015128315060942001,0.2490226283352844
PLAGL1,6.3247414,2.8918617,2.5365741860602734e-10,4.2665595909350415e-09,other,other,0.3113207547169811,0.06060513260243769,0.25071562211454346
RUFY3,6.324618,2.0080736,2.5386029566063494e-10,4.2665595909350415e-09,other,other,0.38679245283018865,0.13183683469100266,0.254955618139186
SAT1,6.311916,1.427641,2.756019456035247e-10,4.612584863657317e-09,other,other,0.5707547169811321,0.3594046671158205,0.21135004986531164
BHLHE40,6.296131,1.7900046,3.0516589662883495e-10,5.0860982771472495e-09,other,other,0.41981132075471694,0.159337294052796,0.26047402670192094
PEAK1,6.2711744,1.7167003,3.583349834164213e-10,5.9474686044219304e-09,other,other,0.44811320754716977,0.19440191094506037,0.2537112966021094
CRIM1,6.2669044,3.0008004,3.6829666345828676e-10,6.087548156335319e-09,other,other,0.30660377358490565,0.05971703313529737,0.2468867404496083
IGF2BP2,6.25978,4.014838,3.855213432195324e-10,6.346030341062261e-09,other,other,0.27358490566037735,0.025877381025295527,0.24770752463508183
KIF1B,6.2018304,2.024167,5.581024689443062e-10,9.149220802365676e-09,other,other,0.3820754716981132,0.1331842959514914,0.24889117574662178
PLIN2,6.1869535,1.5535825,6.133806807132293e-10,1.0014378460624153e-08,other,other,0.4952830188679245,0.24652416243033015,0.24875885643759432
PLCG2,6.179375,1.7326965,6.435576976782705e-10,1.0421987006935555e-08,other,other,0.410377358490566,0.1511912782507503,0.2591860802398157
TALDO1,6.176837,1.4520272,6.539850479709784e-10,1.0548145935015781e-08,other,other,0.5235849056603775,0.3026275494579531,0.2209573562024244
RP11-383H13.1,6.1704497,3.1204383,6.809596644562954e-10,1.0939111075603139e-08,other,other,0.2971698113207547,0.055031542843143266,0.24213826847761144
MIR155HG,6.1576357,2.710465,7.38390480035847e-10,1.1814247680573553e-08,other,other,0.3113207547169811,0.06633184295951491,0.2449889117574662
RBM47,6.1451263,2.6016579,7.989995979791358e-10,1.2682533301256124e-08,other,other,0.32547169811320753,0.08363447050897288,0.24183722760423465
CSF2RA,6.132392,3.3850086,8.6567609040153e-10,1.3686578504372015e-08,other,other,0.28773584905660377,0.04991731487719729,0.23781853417940646
AMPD3,6.1295886,2.073037,8.810665190070102e-10,1.3875063291448978e-08,other,other,0.3632075471698113,0.11808660501010598,0.2451209421597053
RPS6KC1,6.125376,1.5520251,9.046949584545763e-10,1.4159089794640086e-08,other,other,0.4716981132075471,0.220554909046365,0.25114320416118213
PLEK,6.125115,1.6525319,9.061817468569656e-10,1.4159089794640086e-08,other,other,0.4386792452830188,0.18833833527286092,0.2503409100101579
CD82,6.109479,1.5902389,9.995679185628716e-10,1.5557477331717847e-08,other,other,0.4622641509433962,0.21397072334170397,0.2482934276016922
MCTP1,6.1062837,2.8150163,1.0197763222577631e-09,1.5810485616399428e-08,other,other,0.30660377358490565,0.06737306302443805,0.2392307105604676
PDE8A,6.0944824,1.4359092,1.0979202535684521e-09,1.6956297352408526e-08,other,other,0.4952830188679245,0.22569976113186752,0.26958325773605696
PAPSS1,6.0827975,2.2471569,1.1810349271180168e-09,1.816976810950795e-08,other,other,0.3443396226415094,0.10381576529674773,0.24052385734476167
CD83,6.073952,1.5280216,1.2480005485833806e-09,1.9126445189017326e-08,other,other,0.48113207547169806,0.27062534452134507,0.210506730950353
IRAK3,6.071828,2.639717,1.2646252914335422e-09,1.9307256357764e-08,other,other,0.30660377358490565,0.06201384210203957,0.24458993148286606
MAN1A1,6.0224986,1.5380758,1.7174489843413008e-09,2.5826300516410536e-08,other,other,0.45283018867924524,0.20144545844306982,0.2513847302361754
EREG,6.0138564,2.21278,1.8116098326083294e-09,2.7140222211360738e-08,other,other,0.33962264150943394,0.09230109634348013,0.2473215451659538
ETS2,5.9897237,2.4231596,2.1019772776146432e-09,3.1256167696872014e-08,other,other,0.32547169811320753,0.09542475653824954,0.23004694157495797
CAPG,5.9879375,2.2245767,2.1251901538455087e-09,3.1484298575489016e-08,other,other,0.32075471698113206,0.07564157530471,0.24511314167642206
FAM101B,5.9849524,2.930349,2.1645309330121492e-09,3.194879605921991e-08,other,other,0.3018867924528302,0.07453910700067373,0.22734768545215644
CA8,5.982596,7.578558,2.19609229243951e-09,3.229547488881632e-08,other,other,0.24056603773584903,0.003093036075212839,0.2374730016606362
AHRR,5.980777,2.8823256,2.2207624696457518e-09,3.25386442438938e-08,other,other,0.29245283018867924,0.0553377840387089,0.23711504614997034
ZC3H12C,5.979451,2.8985376,2.2389055241847782e-09,3.2684752177879974e-08,other,other,0.28773584905660377,0.04835548477981259,0.23938036427679119
SLC44A1,5.9682527,2.0643866,2.3980765561033035e-09,3.4881113543320773e-08,other,other,0.35377358490566035,0.11609603723892942,0.23767754766673094
CLIP2,5.9336514,2.5154662,2.9627031506576887e-09,4.293772682112592e-08,other,other,0.3113207547169811,0.07499846879402217,0.23632228592295895
SLC41A2,5.9316654,2.577508,2.9987747489901653e-09,4.330360648361249e-08,other,other,0.30660377358490565,0.07144607092546089,0.23515770265944475
TCF4,5.924552,2.0737634,3.1315018361300836e-09,4.505758037597242e-08,other,other,0.3443396226415094,0.1008146015802046,0.2435250210613048
PIK3R5,5.92331,1.2645799,3.1552523306358505e-09,4.5236592553919e-08,other,other,0.5707547169811321,0.38531267226067256,0.18544204472045955
PILRA,5.9198895,2.5925262,3.2215808164151013e-09,4.60225830916443e-08,other,other,0.3113207547169811,0.08234825748759725,0.22897249722938387
ERN1,5.8892355,1.3264998,3.879867744674004e-09,5.503358503083694e-08,other,other,0.5801886792452832,0.3409076989036566,0.2392809803416266
WARS,5.880706,1.6855166,4.085209853538125e-09,5.75381669512412e-08,other,other,0.40094339622641506,0.15829607398787288,0.24264732223854218
FAM49A,5.869896,2.234107,4.360692469082794e-09,6.120270132046027e-08,other,other,0.330188679245283,0.09683346603785142,0.23335521320743158
NRP2,5.859892,2.926065,4.631685026805943e-09,6.477881156371949e-08,other,other,0.28773584905660377,0.05656274882097141,0.23117310023563237
ICAM1,5.8557997,2.4558666,4.747203269908371e-09,6.616311177572643e-08,other,other,0.30660377358490565,0.0711092056103387,0.23549456797456694
ARHGAP21,5.849376,2.3733842,4.934202362312419e-09,6.853058836545027e-08,other,other,0.3160377358490566,0.08240950572671037,0.23362823012234624
FSD1L,5.833018,2.8520918,5.443376883178958e-09,7.50810604576408e-08,other,other,0.28773584905660377,0.05745084828811173,0.23028500076849204
KIAA0247,5.814782,1.293902,6.071291101617725e-09,8.316837125503734e-08,other,other,0.5471698113207549,0.30541434433760034,0.2417554669831546
EEPD1,5.7711573,3.0679686,7.872886471181505e-09,1.0747967878746082e-07,other,other,0.2783018867924528,0.05310222331107982,0.225199663481373
EBI3,5.7566037,3.3071773,8.58230191040685e-09,1.1676601238648775e-07,other,other,0.2688679245283019,0.04281251914007473,0.22605540538822716
PELI1,5.730866,1.3345386,9.991906747880883e-09,1.345711346515944e-07,other,other,0.5235849056603775,0.29576774667728306,0.22781715898309446
GALNT7,5.719929,1.6652937,1.0656847513978883e-08,1.4304493307354206e-07,other,other,0.38679245283018865,0.14972132051203527,0.23707113231815338
MEGF9,5.693567,1.8725687,1.2441236687608568e-08,1.6643794899810794e-07,other,other,0.3820754716981132,0.167881423409077,0.21419404828903618
FABP5,5.687122,1.908736,1.291983894059363e-08,1.7226451920791508e-07,other,other,0.37264150943396224,0.1492925828382434,0.22334892659571884
GNA12,5.6409445,1.4967762,1.691200363452403e-08,2.247442343458343e-07,other,other,0.4433962264150943,0.21191890733141425,0.23147731908368005
GTDC1,5.632607,1.3083745,1.7750543049741525e-08,2.3507701388096874e-07,other,other,0.5094339622641509,0.2703191033257794,0.23911485893837153
SH3KBP1,5.632059,0.8635864,1.7807083801483382e-08,2.3507701388096874e-07,other,other,0.7830188679245282,0.6522324983156735,0.1307863696088547
LGALS3,5.626369,1.7482336,1.840425530599623e-08,2.4179932060899814e-07,other,other,0.3962264150943396,0.1775280210693943,0.2186983940249453
CPD,5.62606,1.5775557,1.8437198196436107e-08,2.4179932060899814e-07,other,other,0.410377358490566,0.18273412139400996,0.22764323709655604
SPI1,5.6059327,2.3768497,2.0713636801181405e-08,2.6988451858216814e-07,other,other,0.29245283018867924,0.06648496355729773,0.22596786663138152
ARHGAP10,5.5910306,1.8279498,2.2572590468987384e-08,2.922018183687687e-07,other,other,0.36792452830188677,0.14598517792613463,0.22193935037575213
IL18R1,5.586154,2.5641012,2.321535538123935e-08,2.995529726611529e-07,other,other,0.28773584905660377,0.06636246707907148,0.22137338197753229
PTPN9,5.5726604,1.7605478,2.5087815824230284e-08,3.22672872337367e-07,other,other,0.35377358490566035,0.12332332945427821,0.23045025545138215
AKAP12,5.569251,6.4459047,2.558369169925739e-08,3.279960474263768e-07,other,other,0.22641509433962262,0.005879830954860049,0.22053526338476256
SLC25A13,5.5396132,1.5846548,3.0314010553453895e-08,3.873994958907846e-07,other,other,0.3915094339622641,0.16390028786672386,0.22760914609554025
IL2RA,5.5335274,2.3733122,3.138535956947058e-08,3.9925476622583424e-07,other,other,0.29245283018867924,0.07006798554541557,0.22238484464326366
STK3,5.5332155,1.825403,3.144131284028445e-08,3.9925476622583424e-07,other,other,0.3443396226415094,0.11820910148833223,0.22613052115317717
TXN,5.526705,1.023743,3.263015875065611e-08,4.130399841855204e-07,other,other,0.6179245283018868,0.5382801494457035,0.07964437885618336
PTPN22,5.5247912,1.2535679,3.298779975632605e-08,4.1624983919654323e-07,other,other,0.5801886792452832,0.3662032216573774,0.21398545758790577
SPECC1,5.514682,3.297224,3.4941134675426797e-08,4.381333501620915e-07,other,other,0.25471698113207547,0.03595271635940467,0.2187642647726708
AFF1,5.5069113,1.1065555,3.65184268234756e-08,4.5648033529344495e-07,other,other,0.6792452830188679,0.4641085318797085,0.21513675113915937
ADAM19,5.4776587,2.2940981,4.309904704849846e-08,5.370597763052767e-07,other,other,0.3018867924528302,0.08452256997611321,0.21736422247671697
C15orf48,5.4730396,1.9429363,4.4238058463324555e-08,5.495410989232863e-07,other,other,0.3443396226415094,0.12745758559441417,0.21688203704709524
BCAR3,5.4715295,2.6628592,4.46168583492054e-08,5.525307535505313e-07,other,other,0.27358490566037735,0.055827769951613905,0.21775713570876346
TIAM1,5.4696593,1.7840816,4.5090163133515644e-08,5.56668680660687e-07,other,other,0.37264150943396224,0.16233845776933914,0.2103030516646231
CYP1B1,5.4687915,2.1344953,4.531146349740742e-08,5.576795507373221e-07,other,other,0.3113207547169811,0.08590065535615853,0.22542009936082258
PELI2,5.4226503,1.5764905,5.872178670330049e-08,7.183093174715656e-07,other,other,0.40094339622641506,0.18555154039321373,0.21539185583320133
PDGFC,5.3975625,4.060219,6.755226368581835e-08,8.213041177607095e-07,other,other,0.23584905660377356,0.022876217308752375,0.2129728392950212
TEC,5.387755,2.6193101,7.13432232153328e-08,8.647663420040339e-07,other,other,0.2688679245283019,0.05313284743063638,0.2157350770976655
DNAJC3,5.3863244,1.1240298,7.191315947314508e-08,8.681573327169302e-07,other,other,0.6650943396226414,0.4186623384577694,0.24643200116487202
ID2,5.385965,1.46414,7.20570586155052e-08,8.681573327169302e-07,other,other,0.4433962264150943,0.25341458933055677,0.18998163708453752
TNFSF10,5.3813677,1.7160803,7.392199104364722e-08,8.879518443681347e-07,other,other,0.3584905660377358,0.1460158020456912,0.21247476399204462
SPRED2,5.3790073,3.3829432,7.48975772367205e-08,8.94299429692185e-07,other,other,0.2452830188679245,0.032247197893060575,0.21303582097486393
RUNX1,5.3774824,0.97466975,7.553457561218249e-08,8.965528262573589e-07,other,other,0.7122641509433962,0.570251730262755,0.14201242068064124
INPP5D,5.3666687,1.1463935,8.020410587199395e-08,9.491610162366148e-07,other,other,0.6179245283018868,0.3883138359772157,0.22961069232467113
IRF4,5.362471,1.9876308,8.209103256783878e-08,9.686257530128468e-07,other,other,0.330188679245283,0.12019966925950881,0.2099890099857742
CD97,5.352402,1.3165451,8.679427533320578e-08,1.0211091215671267e-06,other,other,0.46698113207547165,0.24588105591964232,0.22110007615582933
PREX1,5.3233128,1.1219617,1.0189424342479043e-07,1.1917455371320517e-06,other,other,0.6226415094339622,0.4147118270349728,0.20792968239898946
RFX2,5.3135524,2.0162969,1.0750851631536358e-07,1.2537436304998668e-06,other,other,0.30660377358490565,0.09095363508299137,0.21565013850191428
FSCN1,5.305586,4.7246847,1.1231182999882077e-07,1.305951511614195e-06,other,other,0.22169811320754715,0.010595945366570714,0.21110216784097643
MICAL3,5.2947936,1.7385604,1.1915075275625163e-07,1.3814580029710334e-06,other,other,0.33962264150943394,0.11983217982483005,0.2197904616846039
ANKRD33B,5.2836246,2.5013583,1.2665277720601276e-07,1.464193956138876e-06,other,other,0.27358490566037735,0.06391253751454645,0.2096723681458309
CTSB,5.2753816,1.569324,1.324800486855102e-07,1.5271475352796565e-06,other,other,0.37264150943396224,0.15667299565137502,0.21596851378258722
B4GALT5,5.267121,1.3744437,1.3857999829215575e-07,1.5928735435879972e-06,other,other,0.4575471698113207,0.24165492742083672,0.215892242390484
PTPN12,5.254299,1.3072778,1.4858913214590546e-07,1.7030273025318678e-06,other,other,0.45283018867924524,0.22459729282783125,0.22823289585141399
DUSP10,5.252709,1.3186768,1.498784115988085e-07,1.7128961325578117e-06,other,other,0.43396226415094336,0.21737000061248243,0.21659226353846092
CPNE8,5.244132,2.7492673,1.5701975568300695e-07,1.7843154054887154e-06,other,other,0.25943396226415094,0.050897286703007305,0.20853667556114364
ST3GAL1,5.2319493,1.2162625,1.677315891947862e-07,1.900641237334688e-06,other,other,0.5141509433962265,0.3113554235315735,0.20279551986465294
PTGIR,5.2220693,4.9850683,1.769348939316877e-07,1.9992643382111603e-06,other,other,0.21698113207547168,0.009554725301647578,0.2074264067738241
ZNRF1,5.218961,1.4152402,1.7992978103496308e-07,2.027377814478457e-06,other,other,0.4150943396226415,0.19100263367428189,0.2240917059483596
TBC1D8,5.2096725,1.8634589,1.8917438685544263e-07,2.1255549084881196e-06,other,other,0.32075471698113206,0.11168616402278436,0.2090685529583477
L3MBTL4,5.185859,2.6646283,2.1502113479715768e-07,2.4092003898841196e-06,other,other,0.25471698113207547,0.04544619342193912,0.20927078771013635
ZNF804A,5.1835246,3.0038407,2.177316798762916e-07,2.4327561997351016e-06,other,other,0.24999999999999997,0.04517057634593006,0.20482942365406992
S100A11,5.181571,1.1549678,2.2002494475640063e-07,2.4456262096086063e-06,other,other,0.5613207547169815,0.37744227353463594,0.18387848118234557
PLXNC1,5.175376,1.6961045,2.2745228664957786e-07,2.5202469434856274e-06,other,other,0.32547169811320753,0.11119617810987936,0.21427552000332817
MAP4K3,5.172918,1.529037,2.3046636228958035e-07,2.546589638558899e-06,other,other,0.36792452830188677,0.15820420162920318,0.2097203266726836
SOX4,5.168415,2.5887218,2.3608734318196096e-07,2.6015134234926827e-06,other,other,0.2641509433962264,0.05843082011392174,0.20572012328230466
IER3,5.163266,1.5789784,2.426775836217479e-07,2.6667866332060206e-06,other,other,0.3490566037735849,0.13006063575672203,0.21899596801686286
PLAUR,5.105037,2.1601627,3.3072965137947283e-07,3.614531709065277e-06,other,other,0.2830188679245283,0.07585594414160593,0.20716292378292236
CD86,5.1007485,4.1200976,3.383125237096456e-07,3.6873299586882353e-06,other,other,0.22169811320754715,0.020426287744227355,0.2012718254633198
NCS1,5.094612,2.247828,3.4945611338875667e-07,3.7984360150951813e-06,other,other,0.2688679245283019,0.06066638084155082,0.20820154368675106
CPEB3,5.0836387,1.8928977,3.7027195895356217e-07,4.013788172938343e-06,other,other,0.30660377358490565,0.10072272922153491,0.20588104436337074
IL15,5.075632,2.3100805,3.8621010455366607e-07,4.175244373553147e-06,other,other,0.2783018867924528,0.07907147669504502,0.1992304100974078
ACVR1,5.066536,1.9334415,4.051202156337264e-07,4.367872944838021e-06,other,other,0.30660377358490565,0.10476511300300119,0.20183866058190447
GBE1,5.052814,1.4061791,4.3534815262338254e-07,4.681162931434221e-06,other,other,0.40566037735849053,0.1922275984565444,0.21343277890194612
PFKFB3,5.051162,1.1811588,4.391311778027182e-07,4.709181531396442e-06,other,other,0.5047169811320754,0.3026581735775097,0.20205880755456573
ABR,5.014592,1.4591897,5.314602442141043e-07,5.653832385256429e-06,other,other,0.3915094339622641,0.18601090218656216,0.20549853177570196
DUSP5,5.013234,2.580562,5.352266013567235e-07,5.678796831371071e-06,other,other,0.25471698113207547,0.056042138788509846,0.19867484234356564
CTSZ,5.0049734,1.834558,5.586974013376165e-07,5.912141813096471e-06,other,other,0.3160377358490566,0.11670851963006067,0.1993292162189959
SKAP2,5.0027437,1.6172267,5.652000732992539e-07,5.965172277564686e-06,other,other,0.33490566037735847,0.12681447908372634,0.20809118129363213
ABL2,5.001317,1.4186988,5.694004395162455e-07,5.99368883701311e-06,other,other,0.3915094339622641,0.18815459055552156,0.20335484340674256
CD109,4.999236,2.93915,5.755786049261885e-07,6.042819999225076e-06,other,other,0.24056603773584903,0.042536902064065664,0.19802913567178337
SLC43A2,4.991825,1.6975814,5.981143098820574e-07,6.262977066827826e-06,other,other,0.330188679245283,0.1262019966925951,0.2039866825526879
NRP1,4.9692535,2.6211257,6.72110589113085e-07,7.019431740084439e-06,other,other,0.25471698113207547,0.05742022416855517,0.1972967569635203
MPZL1,4.930404,2.0905037,8.205970383564974e-07,8.503596252398937e-06,other,other,0.28773584905660377,0.0933116922888467,0.19442415676775707
TYROBP,4.922332,1.5925089,8.551896107687297e-07,8.839169103552761e-06,other,other,0.33490566037735847,0.12696759968150917,0.2079380606958493
FBXW7,4.9203057,1.0588312,8.640908178976043e-07,8.896469224906676e-06,other,other,0.6320754716981132,0.437741164941508,0.19433430675660518
FCER1G,4.8698254,1.8043232,1.1169681138780129e-06,1.145608321926167e-05,other,other,0.29245283018867924,0.08948367734427637,0.20296915284440287
HSDL2,4.8556385,1.6737767,1.1999935667445338e-06,1.2276149020404438e-05,other,other,0.3160377358490566,0.11811722912966255,0.19792050671939404
CXXC5,4.852875,1.6634214,1.216841854444178e-06,1.2416753616777326e-05,other,other,0.3113207547169811,0.1101855821645128,0.20113517255246832
FAM135A,4.8498106,1.5789014,1.235793880969635e-06,1.2578054768138777e-05,other,other,0.3160377358490566,0.11306424940282969,0.2029734864462269
KIF13B,4.839941,1.1567343,1.2987756608619386e-06,1.3185539704182117e-05,other,other,0.45283018867924524,0.2429717645617689,0.20985842411747635
ZNF521,4.810587,5.6065774,1.5048772727367564e-06,1.51624914129648e-05,other,other,0.1981132075471698,0.007686654008697251,0.19042655353847254
ALOX5AP,4.8057795,1.6251923,1.5414987752780636e-06,1.549245000279461e-05,other,other,0.330188679245283,0.14191217002511178,0.18827650922017122
MIR181A1HG,4.799272,1.3793666,1.5924319030477466e-06,1.5964229604488686e-05,other,other,0.3490566037735849,0.14365774483983584,0.20539885893374904
LGALS1,4.789904,1.4982388,1.6686121054993104e-06,1.6686121054993103e-05,other,other,0.35377358490566035,0.15838794634654257,0.19538563855911778
RAPGEF1,4.7766685,0.7605572,1.7822335498556273e-06,1.7777890771627205e-05,other,other,0.7311320754716981,0.6066331842959516,0.12449889117574653
DACH1,4.773121,4.5082145,1.8139299521481538e-06,1.8049054250230386e-05,other,other,0.20283018867924527,0.013719605561340114,0.18911058311790516
ARMC9,4.769221,2.0403743,1.849398195050733e-06,1.8310873218324088e-05,other,other,0.2971698113207547,0.11698413670606973,0.180185674614685
NR3C1,4.766937,0.78512865,1.8704789802593464e-06,1.8473866471697246e-05,other,other,0.8632075471698113,0.7329883015863295,0.13021924558348175
ATF3,4.7587194,2.4998462,1.9482489494125765e-06,1.9161879814610616e-05,other,other,0.2452830188679245,0.05613401114717953,0.18914900772074497
CDK19,4.758567,1.1824056,1.94972127113663e-06,1.9161879814610616e-05,other,other,0.43396226415094336,0.221534880872175,0.21242738327876837
HDC,4.7201495,8.408308,2.3567141543686488e-06,2.3079840098879535e-05,other,other,0.18867924528301885,0.0010105959453665706,0.1876686493376523
RFX8,4.7198734,2.559625,2.359913650110432e-06,2.3079840098879535e-05,other,other,0.23584905660377356,0.04667115820420163,0.18917789839957194
CCL22,4.7188206,3.433184,2.3721606125939477e-06,2.3143030366770224e-05,other,other,0.22169811320754715,0.03791266001102468,0.18378545319652245
SESTD1,4.697041,1.6927702,2.6395773307493665e-06,2.568931708758508e-05,other,other,0.29245283018867924,0.09857904085257552,0.19387378933610372
PBX3,4.6927304,1.141993,2.6958235434289117e-06,2.617304411096031e-05,other,other,0.44811320754716977,0.2558645188950818,0.19224868865208794
MARCKS,4.674219,1.8301542,2.950743156727201e-06,2.8578626215275554e-05,other,other,0.2971698113207547,0.11003246156672997,0.18713734975402474
SMAD5,4.672792,1.5353315,2.9713268374229546e-06,2.870847185915898e-05,other,other,0.2971698113207547,0.10014087094996021,0.1970289403707945
OSBPL8,4.654883,0.6985249,3.2416453096667593e-06,3.12447740690772e-05,other,other,0.820754716981132,0.7124088932443193,0.10834582373681267
INSR,4.646789,2.5054953,3.3714122276478163e-06,3.2339038604725926e-05,other,other,0.2311320754716981,0.04376186684632817,0.1873702086253699
ITGAV,4.646764,1.787204,3.371827491087176e-06,3.2339038604725926e-05,other,other,0.2830188679245283,0.09337294052795983,0.18964592739656846
RIPK2,4.646299,1.4153385,3.379429534193859e-06,3.2339038604725926e-05,other,other,0.32075471698113206,0.12179212347645008,0.19896259350468198
SERTAD2,4.6410413,1.4129722,3.466580347305939e-06,3.3093845797670064e-05,other,other,0.3584905660377358,0.17106633184295955,0.18742423419477627
CDYL2,4.6359577,1.8253393,3.5528886143961877e-06,3.383703442282084e-05,other,other,0.2971698113207547,0.11753537085808786,0.17963444046266686
FER,4.6280923,1.4803983,3.6904920945942457e-06,3.506405790588357e-05,other,other,0.32547169811320753,0.13339866478838736,0.19207303332482017
MCU,4.6218543,1.5752234,3.803253486487164e-06,3.604979608044705e-05,other,other,0.3113207547169811,0.12148588228088444,0.18983487243609667
DYNLL1,4.606603,1.0989588,4.092997249030342e-06,3.870446571187084e-05,other,other,0.4433962264150943,0.2370306853677957,0.2063655410472986
RGL1,4.588767,2.2780461,4.458715306921682e-06,4.2063351952091345e-05,other,other,0.24056603773584903,0.055613401114717964,0.18495263662113107
GK5,4.5802193,2.3868492,4.644884718098886e-06,4.3511800637928674e-05,other,other,0.24056603773584903,0.060145770809089255,0.18042026692675978
EPB41L3,4.573244,2.35125,4.802305014179355e-06,4.477673672894504e-05,other,other,0.24056603773584903,0.057113982972989544,0.18345205476285947
CACNA1D,4.5629096,7.1830864,5.044952408201248e-06,4.6929789843732543e-05,other,other,0.18396226415094338,0.0029092913578734627,0.18105297279306992
CORO1C,4.5558033,1.872781,5.218570382044939e-06,4.84322077219948e-05,other,other,0.2688679245283019,0.08593127947571509,0.18293664505258678
RASAL2,4.5486503,3.0987186,5.399111822757148e-06,4.9876321688287744e-05,other,other,0.21698113207547168,0.03800453236969437,0.1789765997057773
ITGAX,4.5466495,2.8913,5.450669077569515e-06,5.02365813600877e-05,other,other,0.22169811320754715,0.04235315734672629,0.17934495586082086
SLC9A7,4.541395,2.022501,5.588319222787274e-06,5.138684342792896e-05,other,other,0.24999999999999997,0.0643718993078949,0.18562810069210506
DDIT4,4.5327964,1.7210019,5.820788045840754e-06,5.327952444705495e-05,other,other,0.3018867924528302,0.12427267716053167,0.1776141152922985
AHNAK,4.530022,1.2333318,5.897745470985652e-06,5.386068923274568e-05,other,other,0.3915094339622641,0.19960801126967603,0.1919014226925881
HLA-DRB1,4.51691,1.4831939,6.274849024373518e-06,5.717402300112545e-05,other,other,0.33490566037735847,0.14396398603540145,0.19094167434195702
DAPK1,4.5025563,2.6220462,6.714096512189074e-06,6.089883457767867e-05,other,other,0.22641509433962262,0.04878422245360447,0.17763087188601814
ARNTL2,4.4948435,3.7197404,6.962106044391746e-06,6.300548456463119e-05,other,other,0.1981132075471698,0.01978318123353954,0.17833002631363026
ITM2C,4.4930463,1.4799176,7.021151256132937e-06,6.339639960390914e-05,other,other,0.32547169811320753,0.14047283640595334,0.1849988617072542
AHCYL2,4.481637,1.165679,7.407258263340133e-06,6.673205642648768e-05,other,other,0.40094339622641506,0.20551846634409263,0.19542492988232243
LMO4,4.4786015,1.3258907,7.513361760833086e-06,6.753583605243224e-05,other,other,0.35377358490566035,0.16809579224597293,0.18567779265968742
PRKCE,4.472483,1.1118941,7.731651865726499e-06,6.934216919934079e-05,other,other,0.43396226415094336,0.24551356648496359,0.18844869766597977
ARL15,4.460032,0.94486004,8.194746957738379e-06,7.316738355123552e-05,other,other,0.6273584905660377,0.43357628468181547,0.19378220588422218
LINC00152,4.459048,1.2256613,8.232455466474468e-06,7.33403605031133e-05,other,other,0.3820754716981132,0.19121700251117785,0.19085846918693533
ISPD,4.449418,3.7494295,8.61032942937141e-06,7.653626159441253e-05,other,other,0.1981132075471698,0.02260060023274331,0.17551260731442647
CREB5,4.44603,4.181653,8.747168210771547e-06,7.758020586050152e-05,other,other,0.19339622641509432,0.018221351136154834,0.1751748752789395
BCL2,4.438601,1.1214584,9.054557701409627e-06,8.012882921601439e-05,other,other,0.4386792452830188,0.268665400869725,0.1700138444132938
PTK2B,4.4352856,0.9797058,9.19503220816056e-06,8.119233737890119e-05,other,other,0.5471698113207549,0.3620077172781283,0.18516209404262662
PKD2,4.4336042,1.8986378,9.267062895142663e-06,8.164813123473711e-05,other,other,0.25943396226415094,0.07995957616218535,0.1794743861019656
LRMP,4.4247117,1.2028643,9.657118822334405e-06,8.455464242800845e-05,other,other,0.38679245283018865,0.20659031052857232,0.18020214230161632
ROCK2,4.424639,1.3248788,9.660367897399965e-06,8.455464242800845e-05,other,other,0.3443396226415094,0.15746922275984568,0.18687039988166373
ENTPD1,4.419788,2.2721632,9.879786603574326e-06,8.628634588274521e-05,other,other,0.2311320754716981,0.05291847859374044,0.17821359687795765
RHOBTB3,4.3963885,2.4532175,1.1006678109866705e-05,9.591876348467716e-05,other,other,0.2311320754716981,0.057695841244564235,0.17343623422713386
SIRPA,4.352332,2.820066,1.346971526081439e-05,0.00011712795878969035,other,other,0.2122641509433962,0.040638206651558775,0.17162594429183742
AC007319.1,4.346638,4.2724733,1.3823994083485651e-05,0.00011994788792612279,other,other,0.18396226415094338,0.010810314203466651,0.17315194994747674
NFKB1,4.3412933,0.61606073,1.4164657012952144e-05,0.00012263772305586273,other,other,0.6556603773584906,0.588748698474919,0.06691167888357163
CCDC50,4.325625,1.6958207,1.5210015459666303e-05,0.00013112082292815778,other,other,0.2641509433962264,0.08596190359527164,0.17818903980095477
MBOAT2,4.31378,4.22742,1.604866994550414e-05,0.0001380530748000356,other,other,0.18396226415094338,0.012372144300851354,0.17159011985009204
TLE1,4.3089867,2.150988,1.640041425277757e-05,0.0001407760880066744,other,other,0.23584905660377356,0.06360629631898083,0.17224276028479274
LIMK2,4.3069425,1.6465496,1.6552663194783924e-05,0.00014177869974118991,other,other,0.3113207547169811,0.15312059778281376,0.15820015693416736
DUSP4,4.300323,1.1599997,1.7054943130099317e-05,0.00014576874470170355,other,other,0.36792452830188677,0.18380596557848966,0.1841185627233971
CAMK1D,4.299593,0.8457619,1.7111204044491673e-05,0.00014593777436666675,other,other,0.6839622641509433,0.5492129601273964,0.1347493040235469
SVIL,4.298529,1.5801888,1.7193533125600753e-05,0.0001463279414944745,other,other,0.2783018867924528,0.10197831812335398,0.17632356866909885
FMNL2,4.297527,3.2660494,1.727143057654869e-05,0.00014667881593671925,other,other,0.20283018867924527,0.035401482207386537,0.16742870647185873
DENND5B,4.292621,1.752271,1.765760966864232e-05,0.000149324394660823,other,other,0.25943396226415094,0.08332822931340725,0.1761057329507437
SLC1A4,4.2792478,1.4254526,1.8752609277560474e-05,0.00015808681812775626,other,other,0.2830188679245283,0.10237643167758928,0.18064243624693901
MIR146A,4.279008,1.3585101,1.8772809652671055e-05,0.00015808681812775626,other,other,0.3018867924528302,0.12163900287866726,0.18024778957416293
GCSAML,4.2493997,8.437171,2.143442456880649e-05,0.00018012121486392008,other,other,0.16981132075471697,0.0008574753475837568,0.1689538454071332
MFSD12,4.240347,1.8781708,2.231743691274109e-05,0.00018714831792655004,other,other,0.24999999999999997,0.08032706559686409,0.16967293440313588
WDFY3,4.237497,2.7136664,2.260257509930398e-05,0.00018914288786028434,other,other,0.20754716981132074,0.038433270043486255,0.16911389976783447
SLC12A6,4.22701,1.0527487,2.3681722910468093e-05,0.00019775969027530766,other,other,0.43396226415094336,0.2597844061983218,0.17417785795262153
SIPA1L2,4.200219,2.8869789,2.6665659885531102e-05,0.00022221383237942585,other,other,0.20283018867924527,0.03711643290255405,0.16571375577669123
PSD3,4.198331,2.784282,2.6888931545953335e-05,0.00022265404551871036,other,other,0.20754716981132074,0.04213878850983035,0.16540838130149038
MICAL2,4.198026,2.0638866,2.6925164867364305e-05,0.00022265404551871036,other,other,0.22641509433962262,0.05576652171250078,0.17064857262712185
CKB,4.1978917,3.8085756,2.694113950776395e-05,0.00022265404551871036,other,other,0.18396226415094338,0.017241379310344827,0.16672088484059855
SNTB1,4.1954155,1.0007118,2.7237210015514538e-05,0.0002246367836331096,other,other,0.4764150943396226,0.32078765235499485,0.15562744198462775
RUSC2,4.193019,3.278937,2.752667366387093e-05,0.00022655698488782658,other,other,0.19339622641509432,0.02759233172046304,0.16580389469463128
SRC,4.1894493,2.2997706,2.7963227060304444e-05,0.0002296774296534246,other,other,0.21698113207547168,0.04878422245360447,0.1681969096218672
ATP2B1,4.179253,0.9268634,2.9246816913007022e-05,0.0002397280074836641,other,other,0.6084905660377358,0.42010167207692783,0.18838889396080793
ARHGAP31,4.1666384,1.563968,3.091242717870336e-05,0.0002523463443159458,other,other,0.2830188679245283,0.1145342071415447,0.16848466078298358
ACER3,4.1573644,1.1010379,3.2194022173315915e-05,0.0002622730930616368,other,other,0.3443396226415094,0.16016414528082318,0.18417547736068623
MB21D2,4.1535406,1.9570705,3.273697865164929e-05,0.0002661097101172596,other,other,0.24056603773584903,0.07420224168555153,0.1663637960502975
NEDD4L,4.15276,1.9379469,3.2848902981090604e-05,0.0002661097101172596,other,other,0.2452830188679245,0.07870398726036626,0.16657903160755824
MIR29A,4.1526513,0.75765485,3.2864549199481556e-05,0.0002661097101172596,other,other,0.6226415094339622,0.49222147363263313,0.1304200358013291
LAT2,4.1462674,1.616101,3.379388201777077e-05,0.00027308187489107695,other,other,0.2641509433962264,0.09591474245115454,0.16823620094507186
RP11-426C22.5,4.144423,1.0438604,3.4067040969380616e-05,0.0002747342013659727,other,other,0.3962264150943396,0.21816622772095307,0.17806018737338652
MAMLD1,4.143697,3.2431293,3.4175158141109634e-05,0.0002750515745763351,other,other,0.18867924528301885,0.023886813254118948,0.1647924320288999
GCNT2,4.077283,2.1552906,4.556502402679389e-05,0.0003659841287292682,other,other,0.22169811320754715,0.05855331659214799,0.16314479661539916
ASAP2,4.074585,4.3194075,4.609646690355941e-05,0.00036951075674195917,other,other,0.17452830188679244,0.013198995528878548,0.1613293063579139
ATP1B1,4.072359,2.4201598,4.6539345059724e-05,0.000372314760477792,other,other,0.20754716981132074,0.0443131009983463,0.16323406881297442
LPP,4.0625257,0.98726344,4.854454234165765e-05,0.00038758117638050017,other,other,0.4575471698113207,0.2818031481594905,0.17574402165183023
EPAS1,4.061742,4.9538336,4.8707962934376015e-05,0.00038811125844124314,other,other,0.16981132075471697,0.008880994671403197,0.16093032608331378
FOS,4.059461,4.0099998,4.918606074671919e-05,0.0003911416361568127,other,other,0.1792452830188679,0.01966068475531329,0.15958459826355462
PRKX,4.049076,0.8552774,5.1420203170424826e-05,0.0004080968505589272,other,other,0.5943396226415097,0.42913578734611385,0.1652038352953959
TJP2,4.0465636,2.343367,5.1975044037965e-05,0.0004116835171323961,other,other,0.20754716981132074,0.04529307282415631,0.16225409698716442
BTBD9,4.0420027,0.6150101,5.2996620068628515e-05,0.00041894561319073923,other,other,0.8066037735849056,0.712990751515894,0.09361302206901168
TBC1D12,4.04116,2.4084718,5.3187388693462044e-05,0.0004196243683902331,other,other,0.20754716981132074,0.046150548171740066,0.16139662163958068
GALNT2,4.040129,0.95873284,5.3421801633966465e-05,0.00042064410735406663,other,other,0.4764150943396226,0.30103509524101185,0.17537999909861074
OSBPL3,4.0395265,1.2903655,5.355927061188431e-05,0.00042089800087924796,other,other,0.3160377358490566,0.1481594904146506,0.167878245434406
EFHD2,4.030953,0.89859,5.555112561051065e-05,0.0004356951028275345,other,other,0.4386792452830188,0.24618729711520795,0.19249194816781087
TFEC,4.029715,2.6964157,5.584454452892044e-05,0.00043713929181151025,other,other,0.19339622641509432,0.03209407729527776,0.16130214911981655
ANXA5,4.0241303,1.1222856,5.7186280226286245e-05,0.0004467678142678613,other,other,0.3632075471698113,0.19360568383658971,0.16960186333322158
NF1,4.014097,0.8697285,5.967372737481188e-05,0.00046529222124609655,other,other,0.5518867924528305,0.35514791449745825,0.1967388779553722
TNS3,4.0054297,2.5544999,6.190483189396177e-05,0.00048081422830261567,other,other,0.1981132075471698,0.037759539413241866,0.16035366813392793
TGFBR1,3.9903243,0.9145446,6.598305530272371e-05,0.0005114965527342923,other,other,0.43396226415094336,0.25418019231947087,0.1797820718314725
CD244,3.9886394,2.4724739,6.645337754686065e-05,0.0005141460545211655,other,other,0.20754716981132074,0.05135664849635574,0.156190521314965
AGO4,3.9841294,1.1566238,6.772796108471698e-05,0.0005219881393812483,other,other,0.3490566037735849,0.18702149813192873,0.16203510564165616
CTSH,3.9774408,1.5367267,6.96609520614079e-05,0.0005358534773954453,other,other,0.2641509433962264,0.10194769400379741,0.162203249392429
NEK7,3.9748228,0.87277436,7.043168762302402e-05,0.0005407423234013361,other,other,0.5613207547169815,0.3890794389661298,0.17224131575085172
PLEKHA5,3.972833,1.176786,7.102287789400971e-05,0.0005442366122146338,other,other,0.30660377358490565,0.1314080970172108,0.17519567656769486
RP11-444D3.1,3.9616454,2.2017334,7.443506008588401e-05,0.0005692930025689026,other,other,0.21698113207547168,0.05879830954860049,0.1581828225268712
ASPH,3.9597862,1.3528512,7.501690628795694e-05,0.0005726481396027247,other,other,0.28773584905660377,0.12200649231334601,0.16572935674325776
SLC7A5,3.9588783,1.0950798,7.530257117704349e-05,0.0005737338756346171,other,other,0.3584905660377358,0.19091076131561222,0.1675798047221236
EIF4A3,3.9509225,1.1068467,7.785052825560729e-05,0.0005920192262783824,other,other,0.3443396226415094,0.17360813376615425,0.17073148887535516
TBL1X,3.9498622,0.72228056,7.819619271501816e-05,0.0005935194892980506,other,other,0.7122641509433962,0.5902186562136339,0.12204549472976234
NPTN,3.944056,0.9617161,8.011493472513251e-05,0.0006069313236752463,other,other,0.3915094339622641,0.21498131928707054,0.17652811467519358
ANXA1,3.9410858,0.9338098,8.111362944386191e-05,0.0006133355723543433,other,other,0.45283018867924524,0.29013290867887553,0.1626972800003697
ITGA1,3.9297566,1.5169375,8.503191709193952e-05,0.0006417503176750152,other,other,0.2641509433962264,0.10314203466650335,0.16100890872972307
ITPR1,3.9270403,0.99474525,8.59975310166605e-05,0.0006478156762083654,other,other,0.4150943396226415,0.25206712807006804,0.16302721155257344
PPP1R15A,3.9218915,0.93975127,8.785657219046818e-05,0.0006605757307553998,other,other,0.4245283018867924,0.23816377779138853,0.18636452409540388
HLA-DRA,3.917574,1.3286536,8.944458813364542e-05,0.0006712539447177892,other,other,0.30660377358490565,0.13832914803699395,0.1682746255479117
TRAK1,3.9113648,0.9933878,9.177604911788498e-05,0.0006874610420815354,other,other,0.3632075471698113,0.18732773932749436,0.17587980784231694
GNG4,3.8903005,5.206292,0.00010012019062342213,0.0007485621728853991,other,other,0.16037735849056603,0.005726710357077235,0.1546506481334888
XRCC4,3.8867564,1.518708,0.00010159260283695296,0.0007581537525145743,other,other,0.25943396226415094,0.1008146015802046,0.15861936068394633
HIP1,3.8628998,1.5720724,0.00011204899793080296,0.0008330780515301335,other,other,0.25943396226415094,0.10510197831812337,0.15433198394602757
ZFHX3,3.8593922,2.1207218,0.0001136694510468227,0.0008435580782695562,other,other,0.20754716981132074,0.05261223739817481,0.15493493241314593
LHFPL2,3.8540542,1.6835464,0.00011617782841072229,0.0008591897633269614,other,other,0.24056603773584903,0.08470631469345258,0.15585972304239645
FAM126A,3.8539963,1.6801136,0.00011620541548997155,0.0008591897633269614,other,other,0.2452830188679245,0.0906780180069823,0.1546050008609422
GM2A,3.8472857,1.5277617,0.00011943361937102133,0.0008814289252473898,other,other,0.25943396226415094,0.10577570894836776,0.1536582533157832
LYPD6B,3.8440323,6.4642673,0.00012102907357727785,0.0008915585530554537,other,other,0.15566037735849056,0.003123660194769402,0.15253671716372116
IRAK2,3.8415341,1.1762723,0.00012226777040074224,0.0008990277235348693,other,other,0.32075471698113206,0.15994977644392724,0.16080494053720482
ST3GAL4,3.8360293,2.4510157,0.00012503953560648204,0.0009177213622494094,other,other,0.19339622641509432,0.03981135542353158,0.15358487099156276
WDFY4,3.829653,1.5612979,0.00012832412063248049,0.0009401034478569998,other,other,0.23584905660377356,0.07778526367366939,0.15806379293010417
ARHGAP6,3.8153825,4.114817,0.00013597215055121743,0.0009943118870290122,other,other,0.1650943396226415,0.013964598517792616,0.1511297411048489
LYST,3.8085413,0.8173209,0.00013978894376335884,0.001018498679514454,other,other,0.5330188679245284,0.3916212408893245,0.14139762703520387
LRRK1,3.7909012,2.4235997,0.00015010162089094036,0.0010916481519341117,other,other,0.18867924528301885,0.036228333435413734,0.15245091184760512
BAALC,3.7898483,2.7825606,0.00015073935737239816,0.0010942966052442697,other,other,0.18396226415094338,0.03344153855576652,0.15052072559517687
DNAJC1,3.7862825,0.82476217,0.0001529178596112791,0.0011081004319657905,other,other,0.5707547169811321,0.4050652293746555,0.16568948760647662
TTLL7,3.7638493,5.410086,0.0001673178203794438,0.001207296528299321,other,other,0.15566037735849056,0.006676058063330681,0.14898431929515987
CDK17,3.7442846,0.70421565,0.00018090855212977224,0.0013015003750343325,other,other,0.7641509433962264,0.6451277025785509,0.11902324081767546
TNFRSF1B,3.735519,1.0311874,0.00018732848850345392,0.0013452674219278558,other,other,0.3820754716981132,0.2285171801310713,0.15355829156704187
FLVCR2,3.7333112,2.783263,0.00018897887301647692,0.0013546872617668595,other,other,0.1792452830188679,0.030593495437006193,0.1486517875818617
ZNF609,3.7288957,0.85381806,0.00019232072384314916,0.0013761769147989204,other,other,0.5283018867924528,0.35738347522508734,0.17091841156736548
XYLT1,3.726107,0.88548785,0.00019445989721045482,0.0013889992657889628,other,other,0.4952830188679245,0.3407852024254303,0.15449781644249416
AK8,3.7203624,3.9935517,0.00019893703103283073,0.0014184458540665293,other,other,0.16037735849056603,0.01255588901819073,0.1478214694723753
SOD2,3.7135649,0.7086135,0.00020435996130289364,0.001454519297529492,other,other,0.6179245283018868,0.5064616892264349,0.11146283907545196
HDAC8,3.7128532,1.0500339,0.00020493570805261846,0.001456026344956437,other,other,0.30660377358490565,0.1412384393948674,0.16536533419003824
CD9,3.7008705,2.2668884,0.00021486113850153145,0.0015231448498202172,other,other,0.1981132075471698,0.051632265572364805,0.146480941974805
NCF2,3.7005365,1.6735543,0.00021514421003710564,0.0015231448498202172,other,other,0.22641509433962262,0.07640717829362406,0.15000791604599856
EBF1,3.699505,1.4488356,0.00021602025015164946,0.0015266448773968162,other,other,0.2783018867924528,0.1298462669198261,0.14845561987262673
PPP3CA,3.6837206,0.749061,0.00022985423599630958,0.0016186918027909127,other,other,0.6745283018867925,0.5159857904085259,0.1585425114782666
CLIC1,3.6782303,1.005281,0.00023485791334681595,0.0016510222379389524,other,other,0.35377358490566035,0.2051509769094139,0.14862260799624646
FURIN,3.6503248,0.97317153,0.00026190887591741286,0.0018347381850606858,other,other,0.3160377358490566,0.15312059778281376,0.16291713806624283
NQO1,3.64673,2.4154227,0.0002655987566526176,0.00185409254207761,other,other,0.18396226415094338,0.03815765296747718,0.14580461118346622
RASGEF1B,3.641857,1.2576996,0.00027067844370534574,0.0018862609317445698,other,other,0.27358490566037735,0.12405830832363572,0.14952659733674162
TNFAIP2,3.6348271,2.5468736,0.00027816715560126783,0.001935075865052298,other,other,0.18396226415094338,0.04030134133643658,0.14366092281450682
MAST4,3.614776,1.7823311,0.00030060759402189536,0.0020839347939126196,other,other,0.22641509433962262,0.08495130764990508,0.14146378668971754
RNF144B,3.6070416,1.8035353,0.00030970814757847294,0.00214330897978182,other,other,0.22169811320754715,0.07821400134746126,0.1434841118600859
C20orf194,3.5984647,1.3616102,0.0003201012717220213,0.0022114077493749313,other,other,0.24999999999999997,0.10191706988424085,0.14808293011575913
MGST1,3.5978546,2.1834483,0.0003208527945161055,0.002212777893214521,other,other,0.18867924528301885,0.04434372511790287,0.14433552016511597
ZNF438,3.5688126,1.5297521,0.00035860263802897933,0.0024688649778242984,other,other,0.2452830188679245,0.10427512709009618,0.14100789177782833
TMEM154,3.5646296,1.5527025,0.00036437033059420927,0.0025042634405100296,other,other,0.24999999999999997,0.11600416488025972,0.13399583511974025
GSN,3.5602686,2.4236712,0.00037047562229025713,0.002541856756708454,other,other,0.18396226415094338,0.04241440558583941,0.141547858565104
FNBP1L,3.5561182,3.8759408,0.0003763747738070016,0.0025779094096369977,other,other,0.15566037735849056,0.014944570343602625,0.14071580701488792
CDK8,3.53086,0.796672,0.0004142110510177498,0.002832212314651281,other,other,0.4245283018867924,0.24673853126722609,0.17778977061956633
HDGFRP3,3.5219927,1.4070452,0.0004283160272043318,0.0029236588887667702,other,other,0.22169811320754715,0.07331414221841123,0.14838397098913592
PLP2,3.5187247,0.9429468,0.00043362658088700115,0.002954865968565596,other,other,0.35377358490566035,0.20567158694187543,0.14810199796378493
KIT,3.5142293,4.0168037,0.00044103202736727593,0.003000217873246775,other,other,0.1509433962264151,0.011239051877258531,0.13970434434915655
GSTO1,3.4982376,1.0188568,0.0004683436144954771,0.00318060179623414,other,other,0.3443396226415094,0.19207447785876158,0.15226514478274783
APLP2,3.4841235,0.80752045,0.0004937518625345478,0.0033474702544715102,other,other,0.37264150943396224,0.21176578673363144,0.1608757227003308
HMOX1,3.4817777,2.709837,0.0004980971359283587,0.003371215810005812,other,other,0.17452830188679244,0.03696331230477124,0.1375649895820212
AVEN,3.4811711,0.8888025,0.000499226235608299,0.0033731502405966152,other,other,0.3160377358490566,0.1587554357812213,0.15728230006783528
IKZF2,3.4761748,1.0378551,0.0005086207256506497,0.003425055391586867,other,other,0.3443396226415094,0.19850554296563977,0.14583407967586964
SLC10A7,3.470757,1.3702995,0.0005189932689149091,0.0034890303792598936,other,other,0.2641509433962264,0.12650823788816074,0.13764270550806568
MEF2C,3.4693155,1.3938776,0.000521786279193279,0.0035019213368676443,other,other,0.2311320754716981,0.08602315183438478,0.14510892363731331
CD274,3.464221,1.4490916,0.00053176941842649,0.0035569860764313715,other,other,0.22641509433962262,0.08357322226985975,0.14284187206976287
EAF2,3.4580626,1.551037,0.0005440749958099569,0.0036271666387330463,other,other,0.1981132075471698,0.05463342928890795,0.14347977825826186
CSF1,3.4542353,3.187957,0.0005518555711885133,0.0036729156152313703,other,other,0.16037735849056603,0.023917437373675514,0.1364599211168905
NEK6,3.45348,2.2385156,0.0005534032101562929,0.0036770977419022786,other,other,0.18396226415094338,0.04599742757395725,0.13796483657698613
GADD45A,3.4516644,2.123046,0.0005571400513009934,0.0036957880683316313,other,other,0.19339622641509432,0.05683836589698048,0.13655786051811386
HLA-DQA1,3.4501648,1.3077029,0.0005602443919465562,0.0037054904975922748,other,other,0.24056603773584903,0.09392417467997796,0.14664186305587107
LINC-PINT,3.4500632,0.2586963,0.0005604554377608316,0.0037054904975922748,other,other,0.891509433962264,0.8845776933913152,0.006931740570948808
RP11-37B2.1,3.448538,1.2332442,0.0005636300234402653,0.003720330187724524,other,other,0.24999999999999997,0.10347889998162554,0.14652110001837443
CLIC4,3.4467442,1.4748282,0.0005673853710647527,0.0037389480795041365,other,other,0.2311320754716981,0.09110675568077418,0.14002531979092392
ARHGEF12,3.4422598,1.4193721,0.0005768759242702465,0.003789004428704411,other,other,0.22641509433962262,0.08455319409566975,0.14186190024395287
PHC2,3.4392605,1.0254266,0.0005833057174810279,0.003824955524465757,other,other,0.3018867924528302,0.15278373246769156,0.14910305998513862
MOB3B,3.3884823,1.9338125,0.0007028053009374869,0.004593498698937823,other,other,0.18867924528301885,0.05184663440926074,0.13683261087375811
SEC24D,3.3855994,1.115418,0.0007102300795295169,0.0046283142490881925,other,other,0.2783018867924528,0.13817602743921115,0.14012585935324168
ATP6V0B,3.3855157,0.7749449,0.0007104462372350375,0.0046283142490881925,other,other,0.4386792452830188,0.2852024254302689,0.1534768198527499
CCR3,3.383653,6.646264,0.0007152834094464769,0.004650474436913887,other,other,0.13679245283018868,0.0023886813254118955,0.13440377150477678
MAP3K5,3.3833117,0.7231065,0.0007161730632847386,0.004650474436913887,other,other,0.5896226415094342,0.45090953635083,0.13871310515860424
PTMS,3.3792665,1.9406276,0.0007267949872687439,0.004704174674878601,other,other,0.18867924528301885,0.0527041097568445,0.13597513552617435
FBXL20,3.3673491,0.70433927,0.0007589454056609856,0.004904332185208308,other,other,0.5849056603773587,0.4217859986525388,0.1631196617248199
PPM1L,3.3649817,1.2211759,0.0007654875893846683,0.004938629608933344,other,other,0.24999999999999997,0.10914436209958966,0.1408556379004103
NCOA2,3.35411,0.7184965,0.0007962071924707589,0.005122185265474012,other,other,0.6933962264150944,0.539015128315061,0.1543810981000333
ZDHHC14,3.3540082,1.1413299,0.0007964998087812089,0.005122185265474012,other,other,0.25943396226415094,0.11655539903227785,0.1428785632318731
RUNX2,3.3518078,0.86374533,0.0008028573684328384,0.00515478246184808,other,other,0.410377358490566,0.2766582960739879,0.1337190624165781
IL1R1,3.3466115,2.1998947,0.0008180573792541332,0.005243957559321367,other,other,0.17452830188679244,0.04033196545599314,0.1341963364307993
OTUD7B,3.3408272,1.3087609,0.0008352919530542858,0.00534586849954743,other,other,0.23584905660377356,0.09606786304893736,0.1397811935548362
CD40,3.3399992,1.6974667,0.0008377860439868798,0.005353265456785174,other,other,0.1981132075471698,0.06210571446070927,0.13600749308646054
EMP3,3.3249807,0.66849077,0.0008842461059875586,0.005641123483174217,other,other,0.5896226415094342,0.4677221779873829,0.1219004635220513
HDAC9,3.3127184,1.5092257,0.0009239394289795234,0.005884964515793143,other,other,0.22641509433962262,0.09401604703864765,0.13239904730097496
TIMP1,3.3088949,1.2712291,0.0009366501139217087,0.005956439516195285,other,other,0.2641509433962264,0.13349053714705703,0.1306604062491694
TMEM38B,3.3057284,0.90825653,0.0009472983800951941,0.006014592889493296,other,other,0.3490566037735849,0.20297666442089796,0.14607993935268693
MED12L,3.2985315,2.7202468,0.0009719196454118173,0.0061513901608342865,other,other,0.16037735849056603,0.029399154774300246,0.13097820371626578
RAB27A,3.2811275,0.6845743,0.0010339302546052956,0.0065232192719577005,other,other,0.5235849056603775,0.36369204385373927,0.15989286180663825
TNFRSF9,3.2765303,4.543163,0.0010509100718571066,0.006619905964454215,other,other,0.13679245283018868,0.006339192748208491,0.1304532600819802
CTC-550B14.7,3.2716756,1.3220944,0.0010691219995889332,0.006724037733263731,other,other,0.24056603773584903,0.1080418937955534,0.13252414394029563
IDO1,3.2673364,2.5079267,0.001085646320747013,0.006817245342210442,other,other,0.1650943396226415,0.03549335456605623,0.12960098505658527
SH3RF1,3.2615554,3.4624388,0.0011080273789347281,0.006946880118713029,other,other,0.14622641509433962,0.016812641636552952,0.12941377345778665
KLF5,3.2532437,3.85051,0.0011409556119869257,0.00714213215641268,other,other,0.14150943396226415,0.01234152018129479,0.12916791378096937
CREB3L2,3.246686,1.0295416,0.0011675715377036224,0.00729732211064764,other,other,0.2641509433962264,0.12696759968150917,0.13718334371471724
SPSB1,3.237274,1.309451,0.001206774872629265,0.007518846558437787,other,other,0.22169811320754715,0.08709499601886446,0.13460311718868267
FAM168A,3.2362864,0.94295025,0.001210958540196476,0.007533179099200472,other,other,0.3018867924528302,0.1620934648128866,0.13979332763994357
HIST1H2BC,3.225669,1.7963458,0.0012567868868252653,0.007806129731833946,other,other,0.18396226415094338,0.05291847859374044,0.13104378555720295
RGS18,3.2196991,5.398854,0.001283251647574172,0.007943100760301056,other,other,0.1320754716981132,0.004103632020579409,0.12797183967753378
SLC15A4,3.2193542,0.6961258,0.0012847965479786958,0.007943100760301056,other,other,0.32547169811320753,0.16785079928952043,0.1576208988236871
NR6A1,3.218686,2.028519,0.0012877936599482618,0.007949343579927541,other,other,0.17452830188679244,0.044986831628590684,0.12954147025820176
BCL2A1,3.2041798,1.2288625,0.0013544792306833036,0.008335256804204945,other,other,0.23584905660377356,0.10213143872113678,0.13371761788263678
FAM46A,3.201841,1.1589894,0.0013655225052577988,0.008390307251968042,other,other,0.23584905660377356,0.1010595945366571,0.13478946206711645
RGS6,3.1937,4.958748,0.001404619246020656,0.008617295987856785,other,other,0.1320754716981132,0.0049917314877197284,0.12708374021039348
LPAR1,3.1840703,3.5472753,0.0014521971711965133,0.008854860799978739,other,other,0.14150943396226415,0.015036442702272312,0.12647299125999184
CASC15,3.17736,3.457455,0.0014862243842567713,0.009048550284668317,other,other,0.14150943396226415,0.015158939180498564,0.12635049478176558
SPATS2L,3.164542,1.923475,0.0015532723814039068,0.009428056943271057,other,other,0.17452830188679244,0.04642616524774913,0.1281021366390433
MYO1B,3.1618333,2.4325812,0.0015677935747458543,0.009501779240883964,other,other,0.16037735849056603,0.03497274453359466,0.12540461395697136
TTC7B,3.160112,3.6208928,0.0015770850123348053,0.009526469624417212,other,other,0.14150943396226415,0.016445152201874196,0.12506428176038994
CCND2,3.1597562,1.0170976,0.001579012340247153,0.009526469624417212,other,other,0.27358490566037735,0.13734917621118392,0.13623572944919343
SLC25A37,3.1568947,1.0866809,0.0015945886311684791,0.009605955609448668,other,other,0.24999999999999997,0.11606541311937285,0.13393458688062712
TTLL5,3.151833,1.0919573,0.0016224905392018326,0.009744687923134128,other,other,0.24056603773584903,0.10497948183989712,0.13558655589595192
SH3BP5,3.14062,0.96452117,0.0016859063815063762,0.010110383097489512,other,other,0.3113207547169811,0.18637839162124092,0.1249423630957402
SOCS3,3.1373374,1.0565038,0.0017048980124842034,0.010208970134635948,other,other,0.22641509433962262,0.09076989036565199,0.13564520397397062
AFF3,3.1342,0.85549545,0.0017232330205368435,0.010303336445661245,other,other,0.30660377358490565,0.16671770686592763,0.13988606671897802
SNCA,3.121963,3.1676629,0.0017964944493600228,0.01072533999617924,other,other,0.14150943396226415,0.017118882832118577,0.12439055113014558
MYO1E,3.1182666,1.5405433,0.0018191816405619702,0.010844599943737527,other,other,0.20283018867924527,0.07735652599987751,0.12547366267936777
SRGAP1,3.1073442,2.9140165,0.0018877652793792962,0.011220001660501017,other,other,0.14622641509433962,0.02260060023274331,0.12362581486159631
NETO2,3.0948458,1.9444257,0.0019691532939504594,0.011686369697035367,other,other,0.16981132075471697,0.04507870398726037,0.1247326167674566
LUZP1,3.0920787,0.64237726,0.001987601253905146,0.011778377800919382,other,other,0.4245283018867924,0.25773259018803213,0.16679571169876029
PHACTR2,3.0810328,0.72946733,0.0020628394721360207,0.012206150722698346,other,other,0.4952830188679245,0.34035646475163844,0.15492655411628603
HEXIM1,3.0765011,1.151888,0.00209445538625423,0.012357873027877338,other,other,0.2311320754716981,0.10259080051448523,0.12854127495721285
HIST1H2AC,3.071984,0.8582544,0.002126411695891483,0.01250891274436296,other,other,0.2830188679245283,0.14411710663318428,0.13890176129134402
MCOLN2,3.060357,1.3846797,0.0022107331448706696,0.01298521670995988,other,other,0.20754716981132074,0.082715746922276,0.12483142288904474
C10orf11,3.058527,3.301328,0.0022242812088439892,0.013045637588527795,other,other,0.14150943396226415,0.02091627365713236,0.12059316030513179
EHF,3.0534542,4.72364,0.002262232781976246,0.013248801065746682,other,other,0.12735849056603774,0.006032951552642864,0.12132553901339488
AGAP3,3.0412571,1.6630813,0.002355925497182393,0.013777342088785923,other,other,0.1792452830188679,0.055980890549396714,0.1232643924694712
GALNT3,3.020516,1.5220187,0.0025234439119497043,0.014692540972050678,other,other,0.18867924528301885,0.06660746003552398,0.12207178524749487
HNRNPLL,3.0174513,0.70941377,0.0025491000610309536,0.014820349192040429,other,other,0.3443396226415094,0.19623935811845414,0.14810026452305528
GPR65,3.0167322,1.1560137,0.002555153366150936,0.014833981806391502,other,other,0.2641509433962264,0.1478226250995284,0.11632831829669801
VCL,3.0158246,0.9072968,0.002562815205816126,0.0148568997438616,other,other,0.25471698113207547,0.12105714460709258,0.1336598365249829
RAB13,3.0011039,1.9205471,0.002690028140474267,0.015549295609677844,other,other,0.16981132075471697,0.050254180192319475,0.1195571405623975
RP6-99M1.2,2.9782674,2.3134766,0.0028988284402373557,0.016732054489104507,other,other,0.15566037735849056,0.037392049978563116,0.11826832737992744
IL7,2.9732893,1.4117624,0.002946266935639132,0.0169813656232803,other,other,0.18867924528301885,0.06608685000306241,0.12259239527995644
SLC30A4,2.966292,1.6640831,0.003014141829759574,0.017322654194020543,other,other,0.18396226415094338,0.06483126110124335,0.11913100304970003
SLCO5A1,2.9534268,3.717194,0.0031426712073189967,0.01803541582392538,other,other,0.12735849056603774,0.009554725301647578,0.11780376526439015
CPA3,2.9515605,8.493287,0.0031617270515983003,0.018118779665319773,other,other,0.1179245283018868,0.0005512341520181294,0.11737329414986866
EMP2,2.9497666,4.8912425,0.0031801406178985684,0.018198229573096244,other,other,0.12264150943396226,0.00545109328106817,0.11719041615289409
EPB41L2,2.947646,0.8976377,0.003202034925216298,0.018278108837029895,other,other,0.25471698113207547,0.12482391131254979,0.1298930698195257
PLA2G7,2.9475298,2.0588615,0.003203238573689489,0.018278108837029895,other,other,0.16037735849056603,0.04229190910761316,0.11808544938295287
RAPH1,2.9469562,1.6247609,0.003209187634193818,0.018285969425605803,other,other,0.16981132075471697,0.04948857720340541,0.12032274355131156
TTC28,2.9430344,1.6319345,0.003250122466652481,0.018492873209971443,other,other,0.18867924528301885,0.07147669504501745,0.1172025502380014
ADCY9,2.9256413,1.0764024,0.0034374710617583594,0.01950338191068573,other,other,0.2311320754716981,0.10644943957861212,0.12468263589308597
TBC1D9,2.920514,1.3769358,0.0034945444490690966,0.019799118691609614,other,other,0.18867924528301885,0.06847553132847431,0.12020371395454454
ARHGAP26,2.9184515,0.6120992,0.003517745360050276,0.019874267570905515,other,other,0.5990566037735853,0.4545844306976175,0.14447217307596777
ADAM8,2.9102814,1.9621028,0.0036110340587382057,0.0203725475810336,other,other,0.16037735849056603,0.04403748392233724,0.1163398745682288
IQGAP2,2.9085603,0.63948965,0.003630971551662112,0.020456177755842887,other,other,0.6226415094339622,0.4805843082011393,0.14205720123282295
PAPSS2,2.9042974,2.109628,0.0036807843594465904,0.020707647591823294,other,other,0.15566037735849056,0.03956636246707908,0.11609401489141148
IL6R,2.8964396,1.1187679,0.0037742340238215944,0.02120356193158199,other,other,0.23584905660377356,0.11778036381454036,0.1180686927892332
PAPLN,2.894526,2.5513892,0.003797315960465017,0.021303315346227304,other,other,0.14622641509433962,0.03194095669749495,0.11428545839684467
ANGPT2,2.8801866,1.3295765,0.003974400344615612,0.022265548149107074,other,other,0.22641509433962262,0.11836222208611505,0.10805287225350757
CTSW,2.876628,1.1645036,0.004019492175623109,0.02245526355096709,other,other,0.23584905660377356,0.12200649231334601,0.11384256429042755
MSRA,2.8757129,0.9747073,0.004031162041059457,0.022489049043567404,other,other,0.25471698113207547,0.13333741654927422,0.12137956458280125
INPP5F,2.8694818,1.0063565,0.004111449538803951,0.02290501135823928,other,other,0.2311320754716981,0.10896061738225028,0.1221714580894478
IL8,2.8683271,0.43609917,0.004126486391457116,0.02292492439698398,other,other,0.7028301886792452,0.628590678018007,0.07423951066123813
PTPRJ,2.8669038,0.51843125,0.004145091050828273,0.022996344248700545,other,other,0.5377358490566039,0.4859129050039812,0.051822944052622666
UBTD2,2.8635485,0.8291722,0.004189246387293473,0.02320912125924362,other,other,0.2830188679245283,0.15716298156428005,0.12585588636024825
KIAA1958,2.8611484,1.0410903,0.004221095037171555,0.023353222888915934,other,other,0.2311320754716981,0.11119617810987936,0.11993589736181873
GFOD1,2.8561845,1.5484047,0.004287658310888956,0.02368871994966274,other,other,0.1792452830188679,0.0625650762540577,0.11668020676481021
B3GALNT2,2.854369,1.1477115,0.004312241555129512,0.023791677545542136,other,other,0.18867924528301885,0.06813866601335211,0.12054057926966674
NDRG1,2.851464,1.1062554,0.004351840664139804,0.023977083548979636,other,other,0.21698113207547168,0.09753782078765239,0.11944331128781929
SHF,2.8502512,2.313033,0.004368470616958886,0.024035601743927847,other,other,0.14150943396226415,0.02691860109021866,0.1145908328720455
ATP2C1,2.848719,0.6411854,0.00438956447927197,0.024118486149845988,other,other,0.3962264150943396,0.25895755497029466,0.13726886012404493
WHSC1,2.8449352,0.7640908,0.004442045309841923,0.02437336246826844,other,other,0.2830188679245283,0.15241624303301282,0.13060262489151547
SLC22A23,2.8394957,1.8439999,0.004518489359139109,0.024758845803501968,other,other,0.16981132075471697,0.05717523121210267,0.11263608954261431
LHFP,2.83792,3.8668528,0.0045408582889444726,0.02484737777808193,other,other,0.12264150943396226,0.009769094138543518,0.11287241529541875
UBE2E1,2.83532,0.60230154,0.0045779812106634945,0.025016290768652975,other,other,0.5330188679245284,0.38561891345623817,0.14739995446829018
CENPP,2.8318086,0.700309,0.00462855419457472,0.025258140215960272,other,other,0.33490566037735847,0.20067985545415573,0.13422580492320274
DPY19L1,2.8264418,1.3593699,0.004706829916959312,0.02558668843310883,other,other,0.18396226415094338,0.06746493538310774,0.11649732876783564
FANCC,2.8263655,1.972835,0.004707950671692025,0.02558668843310883,other,other,0.16981132075471697,0.061493232069578005,0.10831808868513897
AC007246.3,2.8221135,1.2617705,0.004770829717532503,0.02589324134345999,other,other,0.19339622641509432,0.07542720646781405,0.11796901994728028
TNFSF4,2.8203306,4.6320386,0.004797420295974028,0.026002278026959504,other,other,0.1179245283018868,0.005757334476633798,0.112167193825253
SORBS1,2.8187692,2.6852274,0.004820817438960858,0.026093734446337526,other,other,0.13679245283018868,0.024621792123476455,0.11217066070671222
BACE2,2.8132463,4.848214,0.004904408886346092,0.02651031830457347,other,other,0.1179245283018868,0.006339192748208491,0.1115853355536783
ARHGAP22,2.8057044,2.2184107,0.005020674732350802,0.027102157799464517,other,other,0.1509433962264151,0.04008697249954064,0.11085642372687445
PLA2G4A,2.8045714,3.0979154,0.005038353479337796,0.027160935198586502,other,other,0.1320754716981132,0.021130642494028302,0.11094482920408491
ACTG1,2.7996547,0.41689965,0.005115728596727384,0.027540934571883627,other,other,0.6273584905660377,0.5931279475715074,0.03423054299453021
POU2F1,2.7955952,0.6250201,0.005180425111931382,0.027851747913609583,other,other,0.5660377358490566,0.42714521957493723,0.13889251627411936
TSC22D1,2.7823124,0.61775714,0.005397306109024737,0.028939979136861863,other,other,0.3773584905660377,0.2349176211183929,0.1424408694476448
CD68,2.7802572,1.426119,0.005431586773298077,0.029084801998918754,other,other,0.16981132075471697,0.055154039321369516,0.11465728143334745
DUSP6,2.7794437,2.7535698,0.005445207881015121,0.029118758722005995,other,other,0.14150943396226415,0.03368653151221902,0.10782290245004512
MAP4K4,2.7765896,0.47921643,0.005493247654493822,0.029336436072063134,other,other,0.660377358490566,0.5837875911067558,0.07658976738381018
CALCRL,2.7730746,4.0564,0.005552936629299352,0.029615662022929878,other,other,0.1179245283018868,0.007472285171801313,0.11045224313008548
P2RY14,2.7572284,2.692291,0.005829362033816408,0.031048532803283135,other,other,0.1320754716981132,0.02214123843939487,0.10993423325871834
FTH1,2.7558994,0.013482844,0.0058530998711527294,0.03113350995294005,other,other,0.9481132075471697,0.9812886629509403,-0.03317545540377065
NFKBIZ,2.7521956,0.7036354,0.005919714989760461,0.03144602916207416,other,other,0.3584905660377358,0.2306914926195872,0.1277990734181486
NAV2,2.7459137,2.6527224,0.006034263155535558,0.032009966006411754,other,other,0.1320754716981132,0.022692472591413,0.10938299910670021
GRASP,2.7454998,1.7348124,0.006041881083710218,0.032009966006411754,other,other,0.1509433962264151,0.038831383597721564,0.11211201262869352
PCSK5,2.7363493,1.41155,0.006212505032709094,0.032826975073760076,other,other,0.18396226415094338,0.0737428798922031,0.11021938425874028
RP11-556E13.1,2.7298496,4.9673557,0.0063363245346033424,0.0334370687841865,other,other,0.11320754716981132,0.004746738531267227,0.1084608086385441
DGKH,2.7283897,1.3640914,0.006364435630289505,0.03352986518332865,other,other,0.1792452830188679,0.06780180069822993,0.11144348232063798
COBLL1,2.7280667,2.0116224,0.0063706743848324435,0.03352986518332865,other,other,0.15566037735849056,0.04792674710602071,0.10773363025246985
LUCAT1,2.7129211,1.1142796,0.0066692990902155296,0.03500944404312614,other,other,0.20283018867924527,0.08997366325718137,0.1128565254220639
PTPRE,2.686675,0.6144629,0.007216711244686068,0.03783334859599512,other,other,0.43396226415094336,0.32504440497335707,0.10891785917758628
AGPAT4,2.6772196,0.9033767,0.007423596643786413,0.0388669981350074,other,other,0.24056603773584903,0.1277638267899798,0.11280221094586923
BRE,2.6757634,0.57017654,0.007455924109918757,0.03898522410415037,other,other,0.48584905660377353,0.34173455013168375,0.1441145064720898
FLNA,2.6701171,0.6128806,0.007582481117476304,0.03959520165783971,other,other,0.4386792452830188,0.31126355117290383,0.127415694110115
TIMP2,2.6648374,1.9383407,0.007702556792197418,0.04007526562306497,other,other,0.1509433962264151,0.044986831628590684,0.1059565645978244
PHLPP1,2.664754,0.55036557,0.007704469816034241,0.04007526562306497,other,other,0.3443396226415094,0.2063759416916764,0.13796368094983302
RAMP1,2.6503308,3.2716875,0.008041297193666743,0.04177297243463243,other,other,0.1179245283018868,0.012157775463955415,0.10576675283793138
RERE,2.6442704,0.5744536,0.008186720279449519,0.04247325696212461,other,other,0.518867924528302,0.39226434740001226,0.12660357712828973
DMXL2,2.6419902,1.6747756,0.008242045629982273,0.04270489963721385,other,other,0.16037735849056603,0.05463342928890795,0.10574392920165808
CYGB,2.6398368,5.276571,0.008294594426457325,0.04292157529861487,other,other,0.10849056603773584,0.0035217737490047174,0.10496879228873113
AKR1C3,2.631449,1.537962,0.008502165173940729,0.04388214283324247,other,other,0.15566037735849056,0.04811049182336009,0.10754988553513048
FAM129B,2.630327,2.4058497,0.008530280497371971,0.04397051802769057,other,other,0.14150943396226415,0.03907637655417407,0.10243305740809008
ST18,2.6294663,2.816576,0.0085519009771125,0.044025230255405404,other,other,0.12735849056603774,0.023304954982544257,0.10405353558349348
COLEC12,2.6273093,5.036886,0.008606304441999172,0.0442483518868852,other,other,0.10849056603773584,0.00401175966190972,0.10447880637582611
LYZ,2.6233985,2.272903,0.008705734581904446,0.04470210311632578,other,other,0.14150943396226415,0.03815765296747718,0.10335178099478697
INHBA,2.619252,1.7020415,0.008812285850643201,0.04519120949047795,other,other,0.16037735849056603,0.055797145832057346,0.10458021265850868
BCL11A,2.6180246,0.99241894,0.008844044717617143,0.045296003675375895,other,other,0.1981132075471698,0.08782997488822197,0.11028323265894782
XCL1,2.6119459,3.9139783,0.009002847805118324,0.04599595618271894,other,other,0.11320754716981132,0.009462852942977891,0.10374469422683344
SMIM14,2.6119132,0.82220846,0.009003708422767234,0.04599595618271894,other,other,0.2311320754716981,0.1184847185643413,0.11264735690735679
PPP1R12B,2.6095567,0.7652326,0.009065962508015868,0.046254910755182996,other,other,0.27358490566037735,0.1590004287376738,0.11458447692270354
EPSTI1,2.6083765,0.5613919,0.009097281691523506,0.0463152668027592,other,other,0.40094339622641506,0.27874073620383416,0.1222026600225809
CASC5,2.6082385,2.0970988,0.009100949926742184,0.0463152668027592,other,other,0.13679245283018868,0.032124701414834325,0.10466775141535435
MET,2.6059837,1.6524644,0.009161084014066047,0.046562053438709256,other,other,0.16037735849056603,0.05601151466895328,0.10436584382161275
RP11-704M14.1,2.6027954,9.387409,0.0092467096964945,0.04693761267256091,other,other,0.10377358490566037,0.00024499295645250197,0.10352859194920787
MAST2,2.593587,1.281769,0.009498053977319454,0.04815236490402765,other,other,0.17452830188679244,0.0674955595026643,0.10703274238412815
EHD1,2.5716038,0.653477,0.010122864165214913,0.051255008431467915,other,other,0.3490566037735849,0.2287315489679672,0.12032505480561767
AMZ1,2.5688152,1.0593941,0.010204687442572894,0.05160398201048239,other,other,0.18867924528301885,0.0810620444662216,0.10761720081679725
ATRN,2.5681107,0.6934848,0.010225449269459407,0.051643683179087914,other,other,0.3113207547169811,0.19231947081521408,0.11900128390176704
PDE7B,2.563194,1.8635687,0.010371404013648843,0.05227129668240473,other,other,0.16037735849056603,0.06118699087401239,0.09919036761655364
ZNF608,2.5630453,3.1659565,0.01037585239145734,0.05227129668240473,other,other,0.1179245283018868,0.016322655723647946,0.10160187257823886
TRERF1,2.5592363,0.6896091,0.01049024469376435,0.05278110537743069,other,other,0.3018867924528302,0.18772585288172966,0.11416093957110052
ACVR2A,2.5586514,0.8255885,0.010507900528090565,0.05280352024166113,other,other,0.22169811320754715,0.11058369571874811,0.11111441748879904
IGF1R,2.5525584,0.5913545,0.010693495480976326,0.05360148110765075,other,other,0.4386792452830188,0.32850493048324864,0.11017431479977019
SLC35D1,2.548194,0.6257197,0.010828228596063002,0.0541738392840369,other,other,0.2783018867924528,0.160317265878606,0.11798462091384682
SLC22A15,2.5479832,1.9937536,0.01083476785680738,0.0541738392840369,other,other,0.14622641509433962,0.045721810497948184,0.10050460459639143
LIN7A,2.5454378,6.080102,0.010914080761166133,0.054502275960879566,other,other,0.10377358490566037,0.002725546640534085,0.10104803826512629
HLA-DPA1,2.5435967,0.62955946,0.010971765135821734,0.054722020627539815,other,other,0.2971698113207547,0.17477185030930362,0.12239796101145109
PKP4,2.5299473,0.89886737,0.011407966035164585,0.05675604992619196,other,other,0.20283018867924527,0.0943835364733264,0.10844665220591887
HIST1H1C,2.5182986,0.87222326,0.01179233146816527,0.058595435866659724,other,other,0.23584905660377356,0.12672260672505667,0.10912644987871689
MDFIC,2.5137088,0.5750093,0.01194690388530949,0.05928984558466248,other,other,0.45283018867924524,0.36614197341826427,0.08668821526098097
H2AFX,2.511697,1.6532823,0.0120152159371311,0.059554973666077315,other,other,0.1509433962264151,0.049856066638084166,0.10108732958833092
SMAD7,2.5069003,0.5685129,0.012179503441322091,0.06022189762011231,other,other,0.25943396226415094,0.1413915599926502,0.11804240227150073
P2RX4,2.5068896,0.85042334,0.012179878793667717,0.06022189762011231,other,other,0.22641509433962262,0.12127151344398851,0.10514358089563411
ZMIZ1-AS1,2.4945652,2.0169184,0.012611150191190617,0.06227728489476848,other,other,0.1320754716981132,0.03209407729527776,0.09998139440283545
STON2,2.4881272,4.0212283,0.012841775122428286,0.06333797840901743,other,other,0.10849056603773584,0.01001408709499602,0.09847647894273982
FCER1A,2.4843183,9.403941,0.012979975215675068,0.06391032625213773,other,other,0.0990566037735849,0.00024499295645250197,0.0988116108171324
FAM63B,2.4840496,0.75031996,0.012989773810746993,0.06391032625213773,other,other,0.2452830188679245,0.13848226863477678,0.10680075023314772
MFAP3L,2.4703455,4.5321455,0.013498258836084688,0.06616793547100337,other,other,0.10377358490566037,0.005634837998407546,0.09813874690725283
GPD2,2.4668596,0.88118446,0.013630376792633061,0.06673379090640422,other,other,0.22169811320754715,0.11704538494518286,0.10465272826236428
CREM,2.4617615,0.5566253,0.013825656208447237,0.06760712082370288,other,other,0.4386792452830188,0.322104489495927,0.11657475578709181
STAP1,2.4290447,1.6230253,0.01513866001602664,0.07393728945556358,other,other,0.14622641509433962,0.0485086053775954,0.09771780971674421
RP11-24J23.2,2.4239686,3.273583,0.015351937610307629,0.074887500538086,other,other,0.10849056603773584,0.012004654866172599,0.09648591117156324
GPR97,2.4177446,2.886083,0.015617029979405107,0.07601575622035912,other,other,0.11320754716981132,0.016965762234335765,0.09624178493547556
FGD6,2.4176466,2.5943224,0.015621237903283798,0.07601575622035912,other,other,0.1179245283018868,0.02165125252648987,0.09627327577539693
AP1S3,2.4094293,1.1247909,0.01597748909441224,0.07756062667190408,other,other,0.17452830188679244,0.07570282354382313,0.09882547834296931
CSF2,2.40578,2.3080254,0.016137977866788934,0.07824474117230998,other,other,0.12735849056603774,0.0320634531757212,0.09529503739031653
CTSL,2.3920543,0.74315155,0.016754363948159923,0.08096218187084021,other,other,0.24056603773584903,0.13624670790714766,0.10431932982870137
RNF13,2.391949,0.50578916,0.016759171647263923,0.08096218187084021,other,other,0.5283018867924528,0.4118331597966559,0.11646872699579691
FLT3,2.388376,4.5214252,0.016923021227272572,0.08155672880613288,other,other,0.0990566037735849,0.003919887303240032,0.09513671647034487
USP6NL,2.385108,0.569841,0.017074112947407096,0.08218586256272971,other,other,0.24999999999999997,0.13823727567832428,0.1117627243216757
PPM1H,2.3837752,3.3104014,0.017136063719565033,0.08238492172867805,other,other,0.10849056603773584,0.014056470876462305,0.09443409516127353
NHSL1,2.3827076,2.985464,0.01718583403373752,0.08252501336728701,other,other,0.10849056603773584,0.013382740246217925,0.09510782579151791
TVP23A,2.3818617,3.5719197,0.01722536787939414,0.0826156732824659,other,other,0.10377358490566037,0.00891161879095976,0.0948619661147006
TGFA,2.3802712,2.3218505,0.017299900690553323,0.0828737757631297,other,other,0.12264150943396226,0.027990445274698357,0.09465106415926391
FRMD4B,2.3528414,1.7772827,0.01863057483471907,0.08903500518384262,other,other,0.1320754716981132,0.03696331230477124,0.09511215939334197
NRIP3,2.3437128,2.6051714,0.019092869297649206,0.0911354143085881,other,other,0.1179245283018868,0.02535677099283396,0.09256775730905284
PMAIP1,2.3430011,0.6173135,0.019129329184261,0.09120061589635757,other,other,0.30660377358490565,0.20218043731242732,0.10442333627247832
GRN,2.3397331,1.1225406,0.019297529506342007,0.09184085370298835,other,other,0.1792452830188679,0.08250137808538005,0.09674390493348786
DUSP1,2.3395007,1.2347528,0.0193095394910533,0.09184085370298835,other,other,0.1792452830188679,0.08605377595394134,0.09319150706492657
SLC2A13,2.3313742,0.5497388,0.019733641921635594,0.09374651744244938,other,other,0.3018867924528302,0.19244196729344035,0.10944482515938983
SOX5,2.3299325,1.9121473,0.01980971716663491,0.09399628548818464,other,other,0.12735849056603774,0.03408464506645434,0.0932738454995834
TNFSF11,2.3284547,6.4256372,0.019887974370191294,0.0942558027023284,other,other,0.09433962264150943,0.0018374471733937645,0.09250217546811566
BMPR2,2.3260872,0.5632422,0.020013902251114598,0.09474036568574958,other,other,0.3113207547169811,0.19795430881362164,0.11336644590335948
P2RX7,2.3256006,1.8334128,0.020039869178812834,0.09475115450975335,other,other,0.13679245283018868,0.04458871807435537,0.09220373475583331
DHRS7B,2.3238358,0.6203598,0.020134294619729882,0.09508521662210098,other,other,0.2688679245283019,0.16273657132357444,0.10613135320472744
ATG7,2.3087013,0.53846824,0.020960168470633023,0.09875226605716383,other,other,0.4622641509433962,0.3400195994365163,0.1222445515068799
MITF,2.3053715,2.9872084,0.02114578073788517,0.09950955641357727,other,other,0.10849056603773584,0.016996386353892327,0.09149417968384352
FASN,2.3035667,2.490503,0.02124697686034648,0.0998682813647308,other,other,0.11320754716981132,0.021191890733141427,0.0920156564366699
GADD45G,2.2976224,1.9450661,0.021583281611781052,0.10132996061869039,other,other,0.1179245283018868,0.025081153916824896,0.0928433743850619
DOCK1,2.2926042,3.7010872,0.021870797288328876,0.10255942456426202,other,other,0.0990566037735849,0.007809150486923502,0.0912474532866614
GAB3,2.2861881,0.4594095,0.022243260042331448,0.10418388778609577,other,other,0.25471698113207547,0.1446683407852024,0.11004864034687306
CYP1B1-AS1,2.2793252,2.6411142,0.022647743246777884,0.1059543543708907,other,other,0.10849056603773584,0.017639492864580143,0.09085107317315569
HIST2H2AA3,2.273842,2.1511376,0.022975480529979917,0.10736205855130802,other,other,0.12264150943396226,0.031879708458381825,0.09076180097558044
PPIF,2.273341,0.6280163,0.023005637108766547,0.10737753609692671,other,other,0.2971698113207547,0.1937894285539291,0.1033803827668256
ANKRD6,2.270545,1.5298058,0.023174533929103635,0.10803978521726637,other,other,0.14150943396226415,0.04994793899675386,0.09156149496551029
CIITA,2.264855,1.4248322,0.023521577665759876,0.10953004733764786,other,other,0.14622641509433962,0.05423531573467264,0.09199109935966698
LPGAT1,2.2595282,0.50534636,0.023850553070095194,0.11093280497718695,other,other,0.40566037735849053,0.2923990935260612,0.11326128383242934
PPP2R3A,2.2576654,0.83925074,0.02396653165231704,0.11134277190391191,other,other,0.19339622641509432,0.09680284191829486,0.09659338449679947
KCNK13,2.2482898,3.6374242,0.02455772276525686,0.11395695018680677,other,other,0.0990566037735849,0.009769094138543518,0.08928750963504138
ABCC3,2.2414412,3.4587104,0.02499750049213706,0.11586326995196783,other,other,0.0990566037735849,0.009830342377656644,0.08922626139592825
KIAA0513,2.240421,1.1220016,0.025063604360971516,0.11603520537486814,other,other,0.17452830188679244,0.0842775770196607,0.09025072486713175
HK2,2.234829,1.1016113,0.025428575678588212,0.11752131700335337,other,other,0.16037735849056603,0.06801616953512586,0.09236118895544017
HAVCR2,2.234604,1.1933692,0.025443365131226005,0.11752131700335337,other,other,0.16037735849056603,0.06890426900226618,0.09147308948829985
THBS1,2.2336779,0.80028766,0.025504271001323672,0.11766676355858673,other,other,0.1981132075471698,0.10139645985177928,0.09671674769539051
SPIDR,2.2318878,0.55318177,0.025622380096501453,0.11795286928202488,other,other,0.5707547169811321,0.4393948673975624,0.13135984958356972
SLC27A2,2.2318442,4.2274528,0.025625260851519904,0.11795286928202488,other,other,0.09433962264150943,0.005512341520181296,0.08882728112132814
AC069368.3,2.2259545,1.5615027,0.026017230146183033,0.11961944894796797,other,other,0.14150943396226415,0.05242849268083544,0.08908094128142871
JAKMIP2,2.2169638,1.0118935,0.02662556852507363,0.12227586004626236,other,other,0.18867924528301885,0.09958963679794208,0.08908960848507677
SOCS1,2.2143202,0.6207293,0.026806754885123563,0.12296676552808974,other,other,0.3018867924528302,0.2053959698658664,0.09649082258696379
DNAJC6,2.2091784,1.6256319,0.027162223340290847,0.12431223496700616,other,other,0.12735849056603774,0.038096404728364064,0.08926208583767367
NEDD4,2.2060885,1.726186,0.0273778071007983,0.12515568960364937,other,other,0.12735849056603774,0.03837202180437313,0.0889864687616646
SLC1A3,2.2050536,2.4322748,0.02745033536246036,0.1253439970888601,other,other,0.10849056603773584,0.020518160102897046,0.0879724059348388
FAM19A2,2.204458,1.0423852,0.027492146011525692,0.12539177200239768,other,other,0.1792452830188679,0.09021865621363387,0.08902662680523404
THEMIS2,2.2038553,0.78522706,0.027534522479583202,0.12541676137466695,other,other,0.18396226415094338,0.08844245727935324,0.09551980687159015
ZNF704,2.2034886,1.3761737,0.027560333312083064,0.12541676137466695,other,other,0.13679245283018868,0.0464567893673057,0.09033566346288298
STAT1,2.202439,0.44851887,0.027634303393647655,0.1256104699711257,other,other,0.5660377358490566,0.4651803760641883,0.10085735978486832
ARHGAP24,2.2013571,0.8627623,0.027710756284361364,0.12581501150674854,other,other,0.2122641509433962,0.12016904513995226,0.09209510580344395
PID1,2.2004712,1.1903659,0.027773491045423565,0.12595687548944928,other,other,0.1650943396226415,0.07594781650027563,0.08914652312236587
MYOF,2.1984994,2.6858375,0.027913541263847607,0.12644865804687477,other,other,0.10849056603773584,0.02152875604826362,0.08696180998947223
TP53INP1,2.195184,0.5874132,0.028150394229671732,0.1273773494555282,other,other,0.25471698113207547,0.1552949102713297,0.09942207086074578
CSTA,2.1898537,3.7767284,0.028534858165524,0.12897111035265085,other,other,0.09433962264150943,0.007196668095792248,0.08714295454571717
COMMD1,2.1860263,0.45967764,0.02881367864105915,0.13008432795060565,other,other,0.40566037735849053,0.2805169351381148,0.1251434422203757
PRKCDBP,2.1813822,5.296008,0.029155167084595642,0.1313670586587465,other,other,0.08962264150943396,0.0029092913578734627,0.0867133501515605
EVA1B,2.1812694,1.3756571,0.029163487022241724,0.1313670586587465,other,other,0.1320754716981132,0.04342500153120599,0.08865047016690722
CERS6,2.1769302,0.50143653,0.029485768361020067,0.1326693739528462,other,other,0.4575471698113207,0.3503093036075213,0.10723786620379938
NTN1,2.1747298,2.9841278,0.02965036884210826,0.13326008468363262,other,other,0.0990566037735849,0.01234152018129479,0.0867150835922901
NEK1,2.172954,0.5746585,0.029783765508829586,0.13370938500035728,other,other,0.32547169811320753,0.22796594597905318,0.09750575213415436
WNT5A,2.1715162,2.7206242,0.029892170085080008,0.13401590046660433,other,other,0.10377358490566037,0.01745574814724077,0.0863178367584196
WWC2,2.1711605,1.4181465,0.02991904977916942,0.13401590046660433,other,other,0.1320754716981132,0.04379249096588474,0.08828298073222847
KAZN,2.169817,3.819371,0.0300207217363246,0.1343209026233763,other,other,0.09433962264150943,0.008115391682489129,0.08622423095902029
XCL2,2.166302,2.5423756,0.030288123409237973,0.1352148366483838,other,other,0.10849056603773584,0.022723096710969563,0.08576746932676628
TMEM65,2.1654015,0.5258092,0.03035695968536403,0.135313156165319,other,other,0.2830188679245283,0.1796410853187971,0.10337778260573119
SDC2,2.165129,1.7623863,0.030377803559114114,0.135313156165319,other,other,0.12735849056603774,0.04118944080357691,0.08616904976246083
MICU1,2.1609206,0.5156004,0.030701477323748512,0.13660279120688992,other,other,0.33962264150943394,0.2344276352054879,0.10519500630394604
MAF,2.159882,0.8858031,0.030781802556072053,0.13680801136032023,other,other,0.20754716981132074,0.11906657683591598,0.08848059297540475
ARHGAP18,2.156694,1.7051849,0.03102952362071386,0.13775593172347994,other,other,0.1320754716981132,0.0467017823237582,0.08537368937435501
CD70,2.1546714,2.024819,0.03118756245634364,0.13830404636959484,other,other,0.1179245283018868,0.032124701414834325,0.08579982688705247
IL12RB2,2.1541157,1.0583115,0.031231094220235966,0.1383437174761283,other,other,0.18396226415094338,0.09732345195075642,0.08663881220018696
CD226,2.1491702,0.60585636,0.031620915423578935,0.1399155549715882,other,other,0.22641509433962262,0.12856005389845043,0.09785504044117219
CD200R1,2.1486871,2.1406686,0.03165920434705893,0.13993018495937648,other,other,0.1179245283018868,0.03334966619709684,0.08457486210478996
TCF7L2,2.1343696,0.5871884,0.0328125411190888,0.14467608504546753,other,other,0.2452830188679245,0.14672015679549213,0.09856286207243237
G0S2,2.1340065,1.4844753,0.03284225307978961,0.14467608504546753,other,other,0.1320754716981132,0.04599742757395725,0.08607804412415596
HIBCH,2.1335742,0.5863682,0.0328776403265825,0.14467608504546753,other,other,0.25943396226415094,0.16454339437741167,0.09489056788673927
CNNM2,2.1296854,0.513476,0.03319759715461774,0.1459235039763417,other,other,0.27358490566037735,0.1719238071905433,0.10166109846983407
IL1RL1,2.1247542,8.290236,0.033607122374029096,0.14756145938102785,other,other,0.08490566037735849,0.0003981135542353158,0.08450754682312317
SBF2,2.1181312,0.5262957,0.03416397063742008,0.14984197647991263,other,other,0.3820754716981132,0.2792919703558523,0.10278350134226089
CLC,2.117296,7.778194,0.03423474401755567,0.14998792559717708,other,other,0.08490566037735849,0.000734978869357506,0.08417068150800099
CDKN1A,2.1144636,0.91255003,0.03447569180306562,0.15087830110750816,other,other,0.1792452830188679,0.09073926624609543,0.08850601677277248
FBXO34,2.109714,0.4533572,0.034882994610435154,0.15249396551009903,other,other,0.556603773584906,0.4050652293746555,0.15153854421025048
HSPA1A,2.101533,0.955998,0.03559419978197621,0.15543318682085683,other,other,0.15566037735849056,0.06740368714399461,0.08825669021449595
HLA-DMA,2.1009412,0.5550109,0.03564613048755187,0.15549020932410848,other,other,0.2452830188679245,0.14414773075274084,0.10113528811518366
TRPM6,2.0981889,6.4929285,0.035888474106511546,0.15637679349242503,other,other,0.08490566037735849,0.0015312059778281371,0.08337445439953035
HLTF,2.0910826,0.8520417,0.03652066062811253,0.15895826171104474,other,other,0.17452830188679244,0.08577815887793228,0.08875014300886017
ADA,2.0903165,0.62262785,0.03658938505497041,0.15908428284769743,other,other,0.20754716981132074,0.11361548355484782,0.09393168625647291
ENTPD1-AS1,2.086747,0.528928,0.036911010369254135,0.1603084055125044,other,other,0.25943396226415094,0.16546211796410856,0.09397184430004238
PIK3CG,2.084877,0.6719253,0.03708047094056541,0.16086972208488245,other,other,0.22641509433962262,0.13517486372266796,0.09124023061695466
NEGR1,2.0804615,4.0517707,0.037483225740501065,0.1624408482795279,other,other,0.08962264150943396,0.00710479573712256,0.0825178457723114
MEIS1,2.0790017,5.4313097,0.037617189496935134,0.16267470060073522,other,other,0.08490566037735849,0.0021743124885159563,0.08273134788884252
THSD7A,2.0789871,5.91525,0.03761852451392002,0.16267470060073522,other,other,0.08490566037735849,0.0023580572058553326,0.08254760317150316
KCNQ1OT1,2.0738745,1.5210687,0.03809096189329834,0.16453979219567316,other,other,0.12735849056603774,0.043853739204997855,0.08350475136103988
AQP9,2.0685623,0.97611344,0.03858718924129825,0.16632409155732006,other,other,0.13679245283018868,0.050131683714093225,0.08666076911609545
GPR183,2.0680575,0.46207878,0.038634620425244924,0.1663492806253818,other,other,0.410377358490566,0.3135297360200895,0.09684762247047651
QSOX1,2.066783,0.82949317,0.03875461325851721,0.16668650863878368,other,other,0.17452830188679244,0.08743186133398664,0.0870964405528058
MATK,2.0652542,0.99779665,0.03889895381605048,0.16712762112159174,other,other,0.14150943396226415,0.05448030869112514,0.08702912527113901
MAPKAPK2,2.0639398,0.36858088,0.039023431047418414,0.167338459279396,other,other,0.4292452830188679,0.30170882587125625,0.12753645714761164
CXCL2,2.0638525,0.60034835,0.03903169562691912,0.167338459279396,other,other,0.18867924528301885,0.0970172107551908,0.09166203452782805
EFNA5,2.0597131,2.150721,0.03942597918694871,0.16884787660363473,other,other,0.11320754716981132,0.0320634531757212,0.08114409399409012
CCSER1,2.0567245,1.3406295,0.039712721423578706,0.1697124847161483,other,other,0.12735849056603774,0.043455625650762546,0.08390286491527518
P4HA1,2.047465,0.45699984,0.040612431019979016,0.1731197670056888,other,other,0.24056603773584903,0.14316775892693084,0.09739827880891819
RYR3,2.0440483,3.1765122,0.04094877792193719,0.17408934001428553,other,other,0.09433962264150943,0.013352116126661361,0.08098750651484807
AFF2,2.0439901,2.6516178,0.04095451723836067,0.17408934001428553,other,other,0.0990566037735849,0.01794573406014577,0.08111086971343913
TFDP2,2.039749,0.4011325,0.041375332331593996,0.1756914324059193,other,other,0.4952830188679245,0.37735040117596624,0.11793261769195823
PLD1,2.0376937,1.1281793,0.04158056840630894,0.1763756878316392,other,other,0.1509433962264151,0.06752618362222086,0.08341721260419423
ST3GAL6-AS1,2.0281074,4.43905,0.04254927558672388,0.18003147099119426,other,other,0.08490566037735849,0.004226128498805659,0.08067953187855283
TBC1D2,2.0278316,1.4602495,0.04257744288941744,0.18003147099119426,other,other,0.13679245283018868,0.056409628223188596,0.08038282460700008
PLEKHA2,2.0210922,0.4163056,0.043270228506272906,0.18276759664740405,other,other,0.5283018867924528,0.40742328658051086,0.12087860021194197
GADD45B,2.0174682,0.552653,0.043646671797945416,0.1841631721432296,other,other,0.33490566037735847,0.24707539658234828,0.08783026379501019
NLRP3,2.008158,3.2132733,0.04462650782109285,0.18809908459891614,other,other,0.09433962264150943,0.015036442702272312,0.07930317993923712
TESC,2.0064294,2.1214232,0.044810439213069625,0.18846622676753358,other,other,0.10377358490566037,0.023580572058553323,0.08019301284710705
GATA2,2.0061646,8.143372,0.044838703648422566,0.18846622676753358,other,other,0.08018867924528301,0.0003981135542353158,0.0797905656910477
PAWR,2.0058231,1.1939874,0.04487512109370048,0.18846622676753358,other,other,0.13679245283018868,0.054296563973785766,0.08249588885640291
7SK.2,2.0051296,0.48578614,0.04494919508405676,0.18846622676753358,other,other,0.48113207547169806,0.3629876891039383,0.11814438636775976
RTN1,1.998165,4.259272,0.04569877058335047,0.19140846317633706,other,other,0.08490566037735849,0.005481717400624734,0.07942394297673375
RNF217,1.9943087,3.8365173,0.046118323170662466,0.19296369527473836,other,other,0.08490566037735849,0.00545109328106817,0.07945456709629031
SOX13,1.9891815,2.8455594,0.046681165746255915,0.19511459037097562,other,other,0.09433962264150943,0.015434556256507628,0.0789050663850018
CLEC12A,1.9874386,4.22542,0.04687381220058728,0.19564036737035545,other,other,0.08490566037735849,0.0060023274330863,0.07890333294427218
SLC1A2,1.9862404,3.9907687,0.04700664430792255,0.19576794461843222,other,other,0.08490566037735849,0.005879830954860049,0.07902582942249843
HCK,1.9860007,1.1422482,0.04703324869457834,0.19576794461843222,other,other,0.14150943396226415,0.05993140197219331,0.08157803199007084
CSTB,1.9844611,0.41894287,0.04720446396086846,0.19607253981669145,other,other,0.46698113207547165,0.37808538004532377,0.08889575203014788
ADAM10,1.9763454,0.44379473,0.04811566603973314,0.19944317529423064,other,other,0.5518867924528305,0.42613462362957066,0.1257521688232598
UST,1.9719409,0.5623772,0.0486163586496714,0.20130997370464349,other,other,0.19339622641509432,0.10461199240521837,0.08878423400987595
BARD1,1.9693191,0.80590373,0.04891645192481494,0.2023431310230194,other,other,0.16981132075471697,0.08596190359527164,0.08384941715944533
NME7,1.9619843,0.4786312,0.0497643196201943,0.2056376843809682,other,other,0.2311320754716981,0.13995222637349178,0.09117984909820631
RGS16,1.9586145,2.4813695,0.05015794708532498,0.2068368951972164,other,other,0.10377358490566037,0.027071721688001475,0.0767018632176589
RASSF8,1.9560437,2.466286,0.05046000989340244,0.20786821789249205,other,other,0.09433962264150943,0.016230783364978258,0.07810883927653117
AK4,1.9512506,1.8442135,0.05102724841752566,0.2095460015917499,other,other,0.10849056603773584,0.030256630121884003,0.07823393591585184
GLIPR2,1.950735,0.5498335,0.05108858641142724,0.2095460015917499,other,other,0.20283018867924527,0.11514668953267596,0.08768349914656931
GUCY1A3,1.9505316,5.0442533,0.05111279301199423,0.2095460015917499,other,other,0.08018867924528301,0.0025724260427512718,0.07761625320253174
CTSD,1.9503936,0.40910333,0.051129224388386976,0.2095460015917499,other,other,0.3773584905660377,0.27252403993385194,0.10483445063218577
H1FX,1.9464684,0.58534896,0.051598509598096254,0.2111330696981861,other,other,0.2688679245283019,0.18034544006859804,0.08852248445970384
UEVLD,1.9392968,0.9549658,0.05246520882211601,0.21414370947802455,other,other,0.1509433962264151,0.07019048202364182,0.08075291420277327
ITGAM,1.9349104,2.994305,0.053001296186721905,0.21611129943617494,other,other,0.08962264150943396,0.012739633735530106,0.07688300777390385
TOX2,1.9326518,1.2540061,0.05327910822037102,0.21702284407483105,other,other,0.1320754716981132,0.053959698658663575,0.07811577303944964
HLA-DRB1,9.839825,6.9784465,7.584291547511903e-23,2.2592051788627817e-19,DC,DC,1.0,0.14428436538637263,0.8557156346136274
HLA-DQA1,9.7996645,7.0192876,1.129602589431391e-22,2.2592051788627817e-19,DC,DC,1.0,0.093905150619841,0.906094849380159
HLA-DRA,9.730182,7.103156,2.2419189307810187e-22,2.9892252410413583e-19,DC,DC,1.0,0.13849715208187383,0.8615028479181261
ADRBK2,9.644799,6.069894,5.1712360722680995e-22,5.1712360722681e-19,DC,DC,1.0,0.10718528220279613,0.8928147177972039
HLA-DPA1,9.59168,6.124306,8.666225991598348e-22,6.932980793278679e-19,DC,DC,1.0,0.17468246474368737,0.8253175352563127
CD74,9.551377,3.9743605,1.2798348026317322e-21,8.532232017544881e-19,DC,DC,1.0,0.6102159544333099,0.3897840455666901
HLA-DQB1,9.414702,6.3500524,4.7442428796791114e-21,2.7109959312452063e-18,DC,DC,0.9714285714285714,0.096676921202522,0.8747516502260494
HLA-DPB1,9.305283,5.57017,1.3363670571861452e-20,6.6818352859307256e-18,DC,DC,1.0,0.21875666291005452,0.7812433370899454
TXN,9.137048,4.051357,6.418020821271848e-20,2.852453698343044e-17,DC,DC,1.0,0.5383022143705644,0.46169778562943564
MCOLN2,8.876907,6.068976,6.874516430464081e-19,2.7498065721856324e-16,DC,DC,0.9142857142857143,0.08263531418476441,0.8316504001009498
TCF4,8.862184,5.7548127,7.846231714408661e-19,2.853175168875877e-16,DC,DC,0.9428571428571428,0.10148944595047363,0.8413676969066692
CSF2RA,8.6957855,6.380276,3.4443945977379086e-18,1.148131532579303e-15,DC,DC,0.8857142857142858,0.050561968870884225,0.8351523168434015
ALCAM,8.524253,5.213136,1.5379876668799337e-17,4.73226974424595e-15,DC,DC,0.9428571428571428,0.10663701988973835,0.8362201229674044
SLC41A2,8.355699,5.34798,6.504685035588e-17,1.8584814387394283e-14,DC,DC,0.8857142857142858,0.07209649416709817,0.8136177915471876
DUSP5,8.270752,5.6926966,1.3311654384925148e-16,3.549774502646706e-14,DC,DC,0.8571428571428572,0.05647101824495142,0.8006718388979058
SLC7A11,8.190084,5.5463314,2.6104355305554346e-16,6.526088826388586e-14,DC,DC,0.8857142857142858,0.0829703633760775,0.8027439223382082
ETV6,8.173827,3.6399598,2.9875667961370483e-16,7.029568932087172e-14,DC,DC,0.9714285714285714,0.4338887027504492,0.5375398686781222
HLA-DMA,8.079033,4.6147046,6.528228156937184e-16,1.4507173682082633e-13,DC,DC,0.9142857142857143,0.14397977521245164,0.7703059390732626
IL3RA,8.05611,4.845713,7.876080296856361e-16,1.658122167759234e-13,DC,DC,0.8857142857142858,0.11029210197679021,0.7754221837374956
PKM,7.9924026,3.7528021,1.3233399363852973e-15,2.6466798727705945e-13,DC,DC,0.9714285714285714,0.34263348664372084,0.6287950847848506
TFEC,7.9497647,6.9756904,1.8686599774668192e-15,3.493213458812792e-13,DC,DC,0.8,0.03231701745301696,0.7676829825469831
CTSZ,7.9463243,4.676819,1.9212674023470354e-15,3.493213458812792e-13,DC,DC,0.8857142857142858,0.11717583990740457,0.7685384458068812
SPRED2,7.905487,6.2611704,2.6688820838995825e-15,4.448136806499304e-13,DC,DC,0.8,0.032804361731290546,0.7671956382687095
BASP1,7.8144984,4.688166,5.518242029451844e-15,8.82918724712295e-13,DC,DC,0.9142857142857143,0.1362127257774664,0.7780729885082478
CCDC88A,7.796682,5.1673393,6.355617611439989e-15,9.777873248369215e-13,DC,DC,0.8285714285714286,0.07791416648898906,0.7506572620824395
RBM47,7.777618,5.011823,7.39029090239646e-15,1.0948579114661422e-12,DC,DC,0.8571428571428572,0.08437147817611404,0.7727713789667432
MB21D2,7.7599797,5.1002784,8.494290099962934e-15,1.2134700142804191e-12,DC,DC,0.8285714285714286,0.07447229752368188,0.7540991310477467
KYNU,7.7289996,5.0814795,1.0839500280359135e-14,1.4951034869460874e-12,DC,DC,0.8571428571428572,0.09317413420243062,0.7639687229404266
TNFRSF4,7.7048645,6.7092657,1.3098241468221587e-14,1.7464321957628783e-12,DC,DC,0.7714285714285715,0.01760531205263318,0.7538232593759383
CCDC50,7.6458807,4.972975,2.0752002578758947e-14,2.6776777520979286e-12,DC,DC,0.8285714285714286,0.08632085528920837,0.7422505732822202
ENTPD1,7.627503,5.5054092,2.393444224493408e-14,2.99180528061676e-12,DC,DC,0.8,0.05327282141878102,0.7467271785812191
PLAGL1,7.553992,5.2084203,4.221168975882472e-14,5.1165684556151175e-12,DC,DC,0.8,0.06143583807986354,0.7385641619201365
MARCKS,7.4567018,4.981069,8.871518032878368e-14,1.0437080038680432e-11,DC,DC,0.8285714285714286,0.11047485608114281,0.7180965724902858
SPI1,7.4378963,4.8107204,1.0230138796255436e-13,1.1691587195720496e-11,DC,DC,0.8,0.06716213334957813,0.7328378666504219
RUFY3,7.424759,4.2583327,1.1298542346858006e-13,1.255393594095334e-11,DC,DC,0.8571428571428572,0.13270993877737502,0.7244329183654822
CIITA,7.415918,5.536937,1.207854651375964e-13,1.2931554105651558e-11,DC,DC,0.7714285714285715,0.0540647558709756,0.7173638155575959
CD83,7.413672,3.847368,1.228497640036898e-13,1.2931554105651558e-11,DC,DC,0.9142857142857143,0.27129846791142515,0.6429872463742892
SWAP70,7.358307,4.1247044,1.8625776236351245e-13,1.8784335209726578e-11,DC,DC,0.8857142857142858,0.14477170966464623,0.7409425760496395
PGD,7.357175,4.1831484,1.8784335209726578e-13,1.8784335209726578e-11,DC,DC,0.8571428571428572,0.13225305351649352,0.7248898036263637
LYN,7.3044033,4.111757,2.7849997561413083e-13,2.6899083167706717e-11,DC,DC,0.9428571428571428,0.2126648594316347,0.7301922834255081
MOB1B,7.2874336,4.094529,3.159147814357769e-13,2.938742152890948e-11,DC,DC,0.8571428571428572,0.151168103316987,0.7059747538258703
LGALS1,7.2222824,4.4672856,5.112211764390941e-13,4.6474652403554013e-11,DC,DC,0.8285714285714286,0.15893515275197223,0.6696362758194564
MIR155HG,7.19009,4.998103,6.474852456011729e-13,5.75542440534376e-11,DC,DC,0.7714285714285715,0.06716213334957813,0.7042664380789934
ARHGAP10,7.135937,4.1990585,9.61298625353336e-13,8.359118481333356e-11,DC,DC,0.8285714285714286,0.1466906277603484,0.6818808008110802
ADAM19,7.1059017,4.84956,1.195394103667245e-12,1.0173566839721235e-10,DC,DC,0.7714285714285715,0.0851938716457007,0.6862346997828708
RFTN1,7.097934,2.7538736,1.2663571124621074e-12,1.0337609081323325e-10,DC,DC,0.9714285714285714,0.5476226736925466,0.42380589773602484
IRF4,7.073888,4.0107417,1.506522074797045e-12,1.205217659837636e-10,DC,DC,0.8285714285714286,0.12080046297706434,0.7077709655943643
KIF1B,7.066098,4.0939636,1.5935078945842819e-12,1.249810113399437e-10,DC,DC,0.8285714285714286,0.13405013554262737,0.6945212930288013
TALDO1,7.0587187,3.4337294,1.6804514773612771e-12,1.292654982585598e-10,DC,DC,0.9142857142857143,0.30340227224269745,0.6108834420430168
FAM49A,7.0292177,4.6474495,2.076946359815426e-12,1.5675066866531517e-10,DC,DC,0.7714285714285715,0.09762115074167707,0.6738074206868944
AHRR,7.007899,4.9941745,2.4192367358814853e-12,1.7920272117640632e-10,DC,DC,0.7428571428571429,0.056135969053638324,0.6867211738035046
CTSH,6.9641557,4.5265646,3.3037893675627986e-12,2.4027559036820355e-10,DC,DC,0.7714285714285715,0.10228138040266821,0.6691471910259033
CTNNA1,6.8972754,4.283443,5.3009286985309985e-12,3.719949963881402e-10,DC,DC,0.7714285714285715,0.09500167524595655,0.6764268961826149
CD86,6.8591385,6.7164526,6.9277019093029356e-12,4.696747057154533e-10,DC,DC,0.6857142857142857,0.021016722000548264,0.6646975637137374
RAPGEF1,6.838007,2.4618266,8.03025956085488e-12,5.353506373903253e-10,DC,DC,1.0,0.6070177576071396,0.3929822423928604
CDK6,6.7440324,3.919004,1.5405026148991477e-11,1.0101656491141953e-09,DC,DC,0.8,0.1453808900124882,0.6546191099875118
ZMIZ1,6.6970987,3.946645,2.1259826464489543e-11,1.3716017073864222e-09,DC,DC,0.7714285714285715,0.09676829825469829,0.6746602731738731
SOX4,6.682161,4.922197,2.3544410849725097e-11,1.4948832285539744e-09,DC,DC,0.7142857142857143,0.05906003472327982,0.6552256795624345
RGL1,6.6529455,4.6888404,2.872845698905772e-11,1.7955285618161074e-09,DC,DC,0.7142857142857143,0.056105510036246226,0.6581802042494681
AC007319.1,6.6472235,7.5555654,2.986730851946152e-11,1.8379882165822474e-09,DC,DC,0.6571428571428571,0.011239377417684505,0.6459034797251726
PTGIR,6.6361184,7.225459,3.220509221921992e-11,1.951823770861813e-09,DC,DC,0.6571428571428571,0.010203770826353143,0.646939086316504
AHR,6.604871,3.5025682,3.9786380239411146e-11,2.375306282949919e-09,DC,DC,0.8571428571428572,0.20203466236179218,0.6551081947810651
SIRPA,6.573864,4.966967,4.902601604709922e-11,2.8420878867883604e-09,DC,DC,0.6857142857142857,0.04105875544454936,0.6446555302697363
FNDC3B,6.5683203,3.2592704,5.088597301195534e-11,2.8783320258112803e-09,DC,DC,0.9142857142857143,0.31628643659955524,0.597999277686159
CDK14,6.5677233,3.4778576,5.109039345815022e-11,2.8783320258112803e-09,DC,DC,0.8285714285714286,0.12853705339465749,0.7000343751767711
GSN,6.532581,5.102499,6.464588979424835e-11,3.591438321902686e-09,DC,DC,0.6857142857142857,0.0426426243489385,0.6430716613653472
CLECL1,6.527804,5.0465117,6.674109986491475e-11,3.6570465679405342e-09,DC,DC,0.6857142857142857,0.042459870244585904,0.6432544154696999
SERTAD2,6.5227323,3.532567,6.903797366756232e-11,3.731782360408774e-09,DC,DC,0.8285714285714286,0.17157564496969327,0.6569957836017354
FABP5,6.5192833,3.7236266,7.064415464407109e-11,3.767688247683792e-09,DC,DC,0.8,0.15004111967347933,0.6499588803265207
CLIC4,6.513472,3.9770753,7.343319924093923e-11,3.8649052232073286e-09,DC,DC,0.7428571428571429,0.0913161341415126,0.6515410087156303
TFPI,6.4992743,6.127495,8.070831711724936e-11,4.19263985024672e-09,DC,DC,0.6571428571428571,0.027474033687673233,0.6296688234551839
ETS2,6.454729,3.9321103,1.0841255316667935e-10,5.501532164560077e-09,DC,DC,0.7428571428571429,0.09622003594164052,0.6466371069155024
GPR183,6.4543905,3.286117,1.0865526025006151e-10,5.501532164560077e-09,DC,DC,0.8857142857142858,0.31354512503426635,0.5721691606800194
CERS6,6.435906,3.2759461,1.22739117726729e-10,6.136955886336449e-09,DC,DC,0.8857142857142858,0.35043099509609815,0.5352832906181877
PRDX1,6.422555,2.917395,1.3400602766202638e-10,6.617581612939574e-09,DC,DC,0.9142857142857143,0.406719259236697,0.5075664550490173
ZC3H12C,6.4165745,4.583789,1.3937485683546122e-10,6.79877350416884e-09,DC,DC,0.6857142857142857,0.049221772105631875,0.6364925136086539
CALCRL,6.391735,8.738182,1.6401399823057309e-10,7.706162501006181e-09,DC,DC,0.6285714285714286,0.007523377295848436,0.6210480512755802
MLTK,6.3895426,4.128977,1.6638282150044212e-10,7.706162501006181e-09,DC,DC,0.7142857142857143,0.07636075660199201,0.6379249576837223
EBI3,6.3884196,5.648723,1.6760903439688441e-10,7.706162501006181e-09,DC,DC,0.6571428571428571,0.043617312905485664,0.6135255442373715
SAT1,6.383785,3.1193838,1.727636840646943e-10,7.852894730213378e-09,DC,DC,0.9142857142857143,0.3601778806615698,0.5541078336241445
FSCN1,6.357493,7.709538,2.0507334022395583e-10,9.11437067662026e-09,DC,DC,0.6285714285714286,0.011300295452468703,0.6172711331189599
DMD,6.3466015,5.338869,2.2012325790784693e-10,9.67574760034492e-09,DC,DC,0.6571428571428571,0.03792147665316317,0.619221380489694
PBX3,6.286807,3.3303235,3.240620250792479e-10,1.393815161631174e-08,DC,DC,0.8571428571428572,0.25646492644147295,0.6006779307013843
TNFRSF18,6.268723,5.017418,3.6402046594202767e-10,1.5490232593277774e-08,DC,DC,0.6571428571428571,0.04139380463586245,0.6157490525069946
HLA-DMB,6.1633406,3.6566386,7.122606029198388e-10,2.937157125442634e-08,DC,DC,0.7142857142857143,0.07602570741067893,0.6382600068750354
UBE2E2,6.1485457,3.186367,7.819659225609439e-10,3.159458272973511e-08,DC,DC,0.8857142857142858,0.3004172885382717,0.585296997176014
RUNX2,6.1362643,3.157331,8.448463889776264e-10,3.379385555910505e-08,DC,DC,0.8857142857142858,0.27687246809417926,0.6088418176201065
SPATS2,6.1033945,3.7605572,1.0383913819905933e-09,4.1124411167944287e-08,DC,DC,0.7142857142857143,0.09612865888946423,0.6181570553962501
ARSB,6.0800967,3.446827,1.201099187896894e-09,4.7101928937133097e-08,DC,DC,0.7714285714285715,0.16067131674332186,0.6107572546852496
LRRK1,6.0752306,5.340726,1.2380963541944904e-09,4.808141181337827e-08,DC,DC,0.6285714285714286,0.03658127988791081,0.5919901486835177
BMP2K,6.059402,3.3516164,1.366286531800492e-09,5.254948199232662e-08,DC,DC,0.7714285714285715,0.1618896774390058,0.6095388939895656
ATP1B3,6.0511575,3.156922,1.4380857460767777e-09,5.4784218898162966e-08,DC,DC,0.8571428571428572,0.24361122110200722,0.61353163604085
ANKRD33B,6.0372806,4.4307265,1.567328641036876e-09,5.914447702025947e-08,DC,DC,0.6571428571428571,0.06463403490603392,0.5925088222368232
DENND5B,6.030926,4.035687,1.630227262931329e-09,6.094307524976932e-08,DC,DC,0.6857142857142857,0.08382321586305626,0.6018910698512294
TTC28,6.0051417,4.416982,1.911645882763137e-09,7.015214248672062e-08,DC,DC,0.6571428571428571,0.0716091498888246,0.5855337072540325
TYROBP,5.998814,3.9237516,1.987638718539162e-09,7.227777158324225e-08,DC,DC,0.7142857142857143,0.1276842009076787,0.5866015133780356
TNFAIP2,5.9942865,4.842045,2.043809101547188e-09,7.36507784341329e-08,DC,DC,0.6285714285714286,0.04060187018366787,0.5879695583877607
LPAR1,5.991577,6.3014765,2.0781593334001113e-09,7.421997619286112e-08,DC,DC,0.6,0.015229508696049464,0.5847704913039505
SLC9A7,5.9891706,4.2607074,2.109138871102359e-09,7.465978304787111e-08,DC,DC,0.6571428571428571,0.06493862507995492,0.5922042320629022
ITM2C,5.97647,3.5207376,2.28024376919573e-09,7.931282675463407e-08,DC,DC,0.7428571428571429,0.14102525052541803,0.6018318923317248
HDGFRP3,5.931381,4.30978,3.00396785350176e-09,1.0269975567527384e-07,DC,DC,0.6571428571428571,0.0736499040540952,0.5834929530887619
PDGFC,5.903966,5.6237316,3.548651431550467e-09,1.1928240106051992e-07,DC,DC,0.6,0.023636197496268767,0.5763638025037312
DAPK1,5.8924155,4.620733,3.8059106653758995e-09,1.2686368884586332e-07,DC,DC,0.6285714285714286,0.04931314915780817,0.5792582794136204
SLC6A6,5.888369,3.0752788,3.9002544637488264e-09,1.2893403185946534e-07,DC,DC,0.8285714285714286,0.2409612865888946,0.587610141982534
BHLHE40,5.8717203,3.112626,4.312959929531007e-09,1.4140852227970516e-07,DC,DC,0.7714285714285715,0.16036672656940085,0.6110618448591706
JAK2,5.8573,3.0762253,4.704536904761271e-09,1.5299307007353727e-07,DC,DC,0.7714285714285715,0.16082361183028235,0.6106049595982891
PLEK,5.8069077,3.2525752,6.363713760710298e-09,2.0525957720270777e-07,DC,DC,0.7714285714285715,0.18933325210928692,0.5820953193192846
DRAM1,5.785678,3.2973218,7.222042640639518e-09,2.2746590994140213e-07,DC,DC,0.7142857142857143,0.11342938076817641,0.6008563335175379
GRN,5.7829685,3.83689,7.3393766874233984e-09,2.293555214819812e-07,DC,DC,0.6571428571428571,0.08251347811519602,0.5746293790276611
TRIO,5.77148,3.2341628,7.857816759987586e-09,2.436532328678321e-07,DC,DC,0.7428571428571429,0.14882275897779534,0.5940343838793476
NFKB1,5.764956,2.2590127,8.16790358567458e-09,2.4978413232883387e-07,DC,DC,0.9714285714285714,0.5887728061892723,0.3826557652392991
PTMS,5.7646976,4.104125,8.18043033376931e-09,2.4978413232883387e-07,DC,DC,0.6285714285714286,0.05296823124486003,0.5756031973265685
GNAQ,5.757051,2.8892963,8.559618231611065e-09,2.593823706548808e-07,DC,DC,0.8857142857142858,0.27309554993755897,0.6126187357767268
SSBP2,5.7541633,3.0292358,8.707207715869849e-09,2.6187090874796536e-07,DC,DC,0.8285714285714286,0.2131217446925162,0.6154496838789124
SMIM14,5.752425,3.610505,8.797224180569633e-09,2.626037068826756e-07,DC,DC,0.6857142857142857,0.11860741372483322,0.5671068719894525
SERPINB9,5.7489047,2.8005292,8.98234608076064e-09,2.66143587578093e-07,DC,DC,0.8857142857142858,0.3539947001309737,0.5317195855833121
CDKN1A,5.746142,3.9083574,9.130278652338191e-09,2.685376074217115e-07,DC,DC,0.6571428571428571,0.09070695379367061,0.5664359033491866
GNA12,5.737559,2.8502474,9.605088540340095e-09,2.804405413237984e-07,DC,DC,0.8571428571428572,0.2127257774664189,0.6444170796764384
ATP6V0B,5.732621,2.7803693,9.88902579872468e-09,2.866384289485414e-07,DC,DC,0.9142857142857143,0.2855228290335354,0.6287628852521789
VIM,5.7067657,2.5547256,1.151430047201978e-08,3.3134677617323107e-07,DC,DC,0.9714285714285714,0.5367183454661753,0.43471022596239617
HIST1H1C,5.6885576,3.5648298,1.2811704475217154e-08,3.6604869929191865e-07,DC,DC,0.6857142857142857,0.12683134842069993,0.5588829372935857
ARHGAP31,5.68534,3.179845,1.3055269578432032e-08,3.7036225754417115e-07,DC,DC,0.7142857142857143,0.11498279065517346,0.5993029236305408
MOB3B,5.6317754,4.6667976,1.7836405955404627e-08,4.95455720983462e-07,DC,DC,0.6,0.05214583777527336,0.5478541622247266
ACSL4,5.6199837,2.7339013,1.9097531528995924e-08,5.268284559723014e-07,DC,DC,0.9142857142857143,0.28241600925954125,0.631869705026173
ABTB2,5.615768,4.812093,1.9569087594347454e-08,5.361393861465057e-07,DC,DC,0.6,0.05732387073193019,0.5426761292680697
RDX,5.612194,3.0744061,1.9977701458513598e-08,5.436109240411863e-07,DC,DC,0.7428571428571429,0.16447869391733422,0.5783784489398087
MAP3K8,5.607301,2.8328142,2.055058332572699e-08,5.554211709655943e-07,DC,DC,0.8571428571428572,0.24534738509335688,0.6117954720495004
PTPRS,5.598549,5.5524073,2.1615326371509706e-08,5.764087032402589e-07,DC,DC,0.5714285714285714,0.025250525418050014,0.5461780460105213
CORO1C,5.5943246,3.4505198,2.214824202414217e-08,5.867083979905211e-07,DC,DC,0.6571428571428571,0.08650360939356097,0.5706392477492962
LGALS3,5.5745387,3.1522856,2.4818693413038107e-08,6.531235108694239e-07,DC,DC,0.7428571428571429,0.1783375468307392,0.5645195960264037
OSBPL3,5.5267315,3.124532,3.262520661833221e-08,8.529465782570512e-07,DC,DC,0.7142857142857143,0.14864000487344275,0.5656457094122715
SYK,5.5189953,2.7630417,3.409436009913252e-08,8.838342356237961e-07,DC,DC,0.7142857142857143,0.11851603667265692,0.5957696776130574
EIF4A3,5.518202,2.5829628,3.42485766304221e-08,8.838342356237961e-07,DC,DC,0.8,0.17404282537845328,0.6259571746215468
ICAM1,5.5154834,3.646277,3.478222080533961e-08,8.918518155215284e-07,DC,DC,0.6285714285714286,0.07203557613231397,0.5565358524391146
SIPA1L1,5.507872,2.639905,3.6319686812602265e-08,9.2534233917458e-07,DC,DC,0.9428571428571428,0.43714781761140387,0.505709325245739
FNIP2,5.488728,3.1093297,4.048385703168659e-08,1.0120964257921646e-06,DC,DC,0.7142857142857143,0.14151259480369166,0.5727731194820227
GALNT2,5.48666,2.6926644,4.096038898357154e-08,1.0176494157409078e-06,DC,DC,0.8857142857142858,0.30154427218177937,0.5841700135325064
AHI1,5.4794497,2.819086,4.26650146171502e-08,1.0534571510407457e-06,DC,DC,0.8,0.221680728579696,0.578319271420304
EVI5,5.464379,3.077489,4.6453082849676946e-08,1.1330020207238279e-06,DC,DC,0.6857142857142857,0.11699308580305198,0.5687211999112337
GM2A,5.456607,3.4276087,4.853190432179489e-08,1.1765310138616943e-06,DC,DC,0.6571428571428571,0.10618013462885686,0.5509627225140002
GLT1D1,5.4555197,6.551812,4.882984509397611e-08,1.176622773348822e-06,DC,DC,0.5428571428571428,0.009746885565471658,0.5331102572916712
TNS3,5.4383717,4.723426,5.376969242091966e-08,1.2802307719266585e-06,DC,DC,0.5714285714285714,0.03822606682708416,0.5332025046014872
MACF1,5.4370885,2.4710531,5.415829092300496e-08,1.2818530395977505e-06,DC,DC,0.9142857142857143,0.4234108007675672,0.49087491351814705
SUSD1,5.435163,4.6857595,5.474629655737407e-08,1.2881481542911544e-06,DC,DC,0.5714285714285714,0.04048003411409948,0.5309485373144719
RNF130,5.4178195,2.7400644,6.033034633396729e-08,1.4112361715547902e-06,DC,DC,0.8571428571428572,0.2442508604672413,0.6128919966756159
FURIN,5.406233,2.964624,6.436408915784451e-08,1.49683928274057e-06,DC,DC,0.7142857142857143,0.15357436569096283,0.5607113485947515
ABL2,5.3855734,2.7490182,7.221401780509699e-08,1.6696882729502197e-06,DC,DC,0.7714285714285715,0.18884590783101335,0.5825826635975582
CRIM1,5.382347,3.8574963,7.352080574127479e-08,1.6901334653166619e-06,DC,DC,0.6,0.06073528067984526,0.5392647193201547
SEMA3C,5.3382564,4.161715,9.384463629445518e-08,2.1350349967640807e-06,DC,DC,0.5714285714285714,0.03874387012274984,0.5326847013058216
MEF2C,5.332,3.65866,9.713702077548117e-08,2.1951869101803654e-06,DC,DC,0.6285714285714286,0.08638177332399256,0.542189655247436
P2RY14,5.313702,5.486136,1.0742007308141042e-07,2.413934226548549e-06,DC,DC,0.5428571428571428,0.022296000731016417,0.5205611421261264
BCL2L11,5.307802,2.9380598,1.1095499318467217e-07,2.4794411884842943e-06,DC,DC,0.7142857142857143,0.1657579726478024,0.548527741637912
SRC,5.288872,4.136917,1.2307313352193796e-07,2.7349585227097325e-06,DC,DC,0.5714285714285714,0.04931314915780817,0.5221154222707632
CD58,5.2852263,2.7797165,1.2554931079748903e-07,2.7745704043643985e-06,DC,DC,0.8,0.261399287258993,0.5386007127410071
INPP5F,5.2824903,3.1367688,1.2743955565374986e-07,2.8008693550274693e-06,DC,DC,0.6571428571428571,0.10916511833328256,0.5479777388095746
HIST1H2AC,5.2663584,2.7289946,1.3915638840840343e-07,3.04166969198696e-06,DC,DC,0.7142857142857143,0.14440620145594102,0.5698795128297733
RARRES2,5.2527757,9.700685,1.498239302670319e-07,3.25704196232678e-06,DC,DC,0.5142857142857142,0.0021016722000548266,0.5121840420856594
SIPA1L3,5.251617,2.6340628,1.507696420274486e-07,3.257141034557172e-06,DC,DC,0.8571428571428572,0.2692881727635466,0.5878546843793107
H1FX,5.2431235,3.0850418,1.578808892465252e-07,3.377131320781288e-06,DC,DC,0.6857142857142857,0.18037830099600985,0.5053359847182759
SLC15A4,5.236412,2.8107374,1.6372808287677903e-07,3.4835762314208304e-06,DC,DC,0.7142857142857143,0.1682860710913466,0.5459996431943677
AMPD3,5.2352,3.174252,1.6480624056464645e-07,3.4879627632729407e-06,DC,DC,0.6571428571428571,0.11909475800310682,0.5380480991397503
FLT3,5.2307973,8.290893,1.6878054397821515e-07,3.5532746100676876e-06,DC,DC,0.5142857142857142,0.00399013127836496,0.5102955830073492
CCL22,5.220084,5.3837314,1.7884170345937873e-07,3.72586882207039e-06,DC,DC,0.5428571428571428,0.03856111601839725,0.5042960268387455
ST3GAL6,5.2169294,4.921471,1.8191371169291015e-07,3.7702323666924382e-06,DC,DC,0.5428571428571428,0.03353537814870092,0.5093217647084419
RP11-556E13.1,5.2143803,7.5703664,1.8443281218759268e-07,3.7990928868259274e-06,DC,DC,0.5142857142857142,0.004903901800127928,0.5093818124855863
DENND5A,5.213605,2.6035666,1.8520577823276398e-07,3.7990928868259274e-06,DC,DC,0.8571428571428572,0.26877036946788097,0.5883724876749763
CDH1,5.198926,7.3691397,2.0044352978886458e-07,4.090684281405399e-06,DC,DC,0.5142857142857142,0.007462459261064238,0.50682325502465
TVP23A,5.1852894,7.044361,2.1567956550087104e-07,4.379280517784183e-06,DC,DC,0.5142857142857142,0.008985410130669187,0.505300304155045
ANXA2,5.183471,2.8356183,2.1779371702691792e-07,4.399873071250867e-06,DC,DC,0.7142857142857143,0.16441777588255002,0.5498679384031643
BAIAP2,5.154015,6.4879723,2.549672849649853e-07,5.099345699299706e-06,DC,DC,0.5142857142857142,0.010904328226371418,0.5033813860593428
WDFY4,5.132117,3.3221054,2.8650142587653835e-07,5.680286335939099e-06,DC,DC,0.6,0.07824921568030216,0.5217507843196978
MDFIC,5.131885,2.5750594,2.868544599649245e-07,5.680286335939099e-06,DC,DC,0.8857142857142858,0.3661478480704212,0.5195664376438646
CSF2RB,5.1192737,5.9536166,3.0671430193297827e-07,6.043631565181838e-06,DC,DC,0.5142857142857142,0.01620419725259663,0.4980815170331176
OGFRL1,5.116092,2.9475002,3.119308564518243e-07,6.116291302976948e-06,DC,DC,0.6857142857142857,0.16061039870853766,0.5251038870057481
AP1S3,5.1089087,3.3282745,3.240252062781189e-07,6.32244304932915e-06,DC,DC,0.6,0.07578203527154215,0.5242179647284578
PACSIN2,5.097001,2.3162637,3.4507601877975463e-07,6.700505219024362e-06,DC,DC,0.8285714285714286,0.23157990923212815,0.5969915193393005
SSH1,5.095905,2.7069054,3.4707912373478504e-07,6.706842970720484e-06,DC,DC,0.7428571428571429,0.20602479364015713,0.5368323492169857
PHTF1,5.087857,2.8578122,3.621323757162439e-07,6.964084148389305e-06,DC,DC,0.6571428571428571,0.11802869239438335,0.5391141647484738
MICAL2,5.074185,3.5754898,3.891602945315636e-07,7.448043914479686e-06,DC,DC,0.5714285714285714,0.05631872315799092,0.5151098482705805
C20orf194,5.063383,2.9884756,4.118813470023873e-07,7.845358990521663e-06,DC,DC,0.6285714285714286,0.10231183942006031,0.5262595891513683
GBE1,5.044738,2.372033,4.541437748051465e-07,8.609360659813204e-06,DC,DC,0.7714285714285715,0.19298833419633882,0.5784402372322326
CAPG,4.989061,3.6127176,6.067356804870754e-07,1.1342423438393421e-05,DC,DC,0.5714285714285714,0.07669580579330512,0.49473276563526625
FCHSD2,4.9856296,2.3124313,6.176043011482968e-07,1.1490312579503197e-05,DC,DC,0.9428571428571428,0.5280984435442112,0.41475869931293163
CTSS,4.9291415,2.4678311,8.259181717106316e-07,1.5224298096048509e-05,DC,DC,0.9428571428571428,0.3474764704090646,0.5953806724480782
LHFPL2,4.922867,3.550095,8.528548420410127e-07,1.5648712698000232e-05,DC,DC,0.5714285714285714,0.0851938716457007,0.4862346997828707
ANTXR2,4.8977513,3.1336696,9.693969913375127e-07,1.7625399842500233e-05,DC,DC,0.6,0.0998446590113003,0.5001553409886996
MYO9B,4.895077,2.4043393,9.826706730223127e-07,1.77858945343405e-05,DC,DC,1.0,0.4289848009503213,0.5710151990496787
NRP2,4.891815,3.9821668,9.991015957049432e-07,1.800183055324222e-05,DC,DC,0.5428571428571428,0.057537083853674884,0.4853200590034679
PIK3R5,4.879819,2.4544215,1.0618325583957438e-06,1.9046323917412444e-05,DC,DC,0.8571428571428572,0.3860071274100697,0.4711357297327875
CHST11,4.8721185,1.8369268,1.1040791487015026e-06,1.9658209406000363e-05,DC,DC,0.9428571428571428,0.6919984161310956,0.25085872672604725
MGLL,4.8718157,3.9729967,1.1057742790875204e-06,1.9658209406000363e-05,DC,DC,0.5428571428571428,0.06329383814078157,0.4795633047163612
GCNT2,4.8523684,3.748115,1.2199587902035922e-06,2.149707119301484e-05,DC,DC,0.5428571428571428,0.05909049374067192,0.4837666491164709
STK3,4.8342757,2.8080142,1.3363135886487965e-06,2.3444098046470114e-05,DC,DC,0.6285714285714286,0.11912521702049891,0.5094462115509296
ASAP1,4.8101044,2.3774042,1.5085132809292033e-06,2.6349576959462067e-05,DC,DC,0.8857142857142858,0.3963022752885992,0.4894120104256866
TBC1D9,4.808607,3.7062354,1.519854501143105e-06,2.643225219379313e-05,DC,DC,0.5428571428571428,0.06874600225396728,0.47411114060317555
MAN1A1,4.806094,2.6223526,1.5390760714216366e-06,2.665066790340496e-05,DC,DC,0.7142857142857143,0.20252200664006578,0.5117637076456485
SPECC1,4.7936964,4.0858684,1.6373592043571188e-06,2.8230331109605495e-05,DC,DC,0.5142857142857142,0.0368554110444397,0.47743030324127456
ZNF608,4.780764,5.2979975,1.7462998967651189e-06,2.9979397369358262e-05,DC,DC,0.4857142857142857,0.016478328409125522,0.4692359573051602
PPIF,4.7696414,2.6446605,1.8455416615187407e-06,3.154772070972206e-05,DC,DC,0.6857142857142857,0.1939325637354939,0.49178172197879183
NR4A3,4.758875,5.3190713,1.94674971464241e-06,3.3136165355615494e-05,DC,DC,0.4857142857142857,0.022661508939721603,0.46305277677456413
FRY,4.7491603,3.3591146,2.0426305768262223e-06,3.462085723434275e-05,DC,DC,0.5428571428571428,0.05936462489720081,0.483492517959942
BCL11A,4.740292,3.1564665,2.1341023074601668e-06,3.601860434531927e-05,DC,DC,0.5714285714285714,0.08802656026316591,0.4834020111654055
PLXNC1,4.739303,2.9258711,2.1445472809659284e-06,3.604281144480552e-05,DC,DC,0.6,0.11205872498553196,0.48794127501446805
CXXC5,4.730604,2.9372354,2.2385259416954295e-06,3.746486931707832e-05,DC,DC,0.6,0.1109622003594164,0.4890377996405836
MICAL3,4.7097487,3.0489504,2.4802239692621766e-06,4.1337066154369615e-05,DC,DC,0.6,0.12073954494228015,0.47926045505771986
BCL2A1,4.6986613,3.2788026,2.6187215693381777e-06,4.346425841225191e-05,DC,DC,0.5714285714285714,0.1024945935244129,0.46893397790415847
RNF24,4.6889467,2.3909914,2.7461490670138457e-06,4.5231667923956406e-05,DC,DC,0.7142857142857143,0.1900338095093052,0.5242519047764091
C1orf186,4.6851854,4.6799827,2.7970638525260926e-06,4.5777763475157226e-05,DC,DC,0.4857142857142857,0.022905181078858396,0.4628091046354273
ANXA5,4.6846867,2.2324882,2.80388801285338e-06,4.5777763475157226e-05,DC,DC,0.7428571428571429,0.19411531783984648,0.5487418250172964
MANBA,4.6662107,2.2785385,3.068051805889683e-06,4.978638689630957e-05,DC,DC,0.8,0.2879595504249033,0.5120404495750968
ARMC9,4.665792,3.2945194,3.074309390847116e-06,4.978638689630957e-05,DC,DC,0.5714285714285714,0.11766318418567817,0.4537653872428932
PRKCE,4.6532607,2.3565395,3.2672683589836503e-06,5.2697876757800815e-05,DC,DC,0.7714285714285715,0.24616977856294353,0.5252587928656279
LRP12,4.643849,3.8437319,3.4197766430617037e-06,5.4936170972878776e-05,DC,DC,0.5142857142857142,0.05351649355791782,0.4607692207277964
EXT1,4.636211,2.790902,3.548540396636103e-06,5.677664634617765e-05,DC,DC,0.6285714285714286,0.15601108708233075,0.4725603414890978
BAZ2B,4.6228685,2.2889693,3.784693650240383e-06,6.0313843031719245e-05,DC,DC,0.7714285714285715,0.2413572538149919,0.5300713176135796
HIST1H2BC,4.5972896,3.5682552,4.280227160086725e-06,6.767157565354505e-05,DC,DC,0.5142857142857142,0.05327282141878102,0.4610128928669332
SLCO5A1,4.579999,6.33613,4.649780508315695e-06,7.29377334637756e-05,DC,DC,0.45714285714285713,0.009838262617647954,0.44730459452520915
HMOX1,4.574937,4.3659863,4.763640192973628e-06,7.443187801521294e-05,DC,DC,0.4857142857142857,0.03737321434010538,0.44834107137418033
PPM1L,4.5643306,2.5371335,5.010904023026473e-06,7.799072409379724e-05,DC,DC,0.6,0.10953062654198775,0.4904693734580122
DOCK4,4.559714,3.0379927,5.122334307519389e-06,7.94160357754944e-05,DC,DC,0.5714285714285714,0.09847400322865585,0.47295456819991555
TNFRSF1B,4.5578246,2.3838966,5.168619909800738e-06,7.951722938154981e-05,DC,DC,0.7428571428571429,0.22896043373640765,0.5138967091207353
MCC,4.552076,2.9567778,5.311917298561097e-06,8.140869423082141e-05,DC,DC,0.5714285714285714,0.10148944595047363,0.4699391254780978
COMMD1,4.54688,2.3214593,5.444706803129385e-06,8.312529470426541e-05,DC,DC,0.7714285714285715,0.28080168133776,0.49062689009081145
BCAR3,4.5435643,3.4153376,5.531091555182408e-06,8.412306547805944e-05,DC,DC,0.5142857142857142,0.05674514940148031,0.45754056488423395
TGFBR1,4.5356145,2.2143686,5.743606516270349e-06,8.702434115561134e-05,DC,DC,0.7714285714285715,0.2547896804849075,0.5166388909436639
CD63,4.5325575,2.2913904,5.8273871026847985e-06,8.796056004052526e-05,DC,DC,0.8571428571428572,0.2831470256769516,0.5739958314659056
SLAMF7,4.5197053,2.507179,6.192577336914432e-06,9.312146371299897e-05,DC,DC,0.6285714285714286,0.1391367914471079,0.48943463712432067
MED13L,4.518502,1.4602193,6.22786583314906e-06,9.33013607962406e-05,DC,DC,0.9428571428571428,0.7350370077061313,0.2078201351510115
TBC1D8,4.515882,2.8680103,6.3053833532949655e-06,9.411019930290993e-05,DC,DC,0.5714285714285714,0.11254606926380555,0.45888250216476584
SEL1L3,4.5147943,2.4038668,6.3378207834037554e-06,9.424268822905211e-05,DC,DC,0.6571428571428571,0.17501751393500042,0.4821253432078567
GAB2,4.5080924,2.3070478,6.5413159675120725e-06,9.690838470388255e-05,DC,DC,0.7714285714285715,0.2560689592153757,0.5153596122131958
PEAK1,4.500784,2.2562628,6.7703330421141e-06,9.993111501275423e-05,DC,DC,0.7142857142857143,0.19548597362249093,0.5187997406632234
STX7,4.497076,2.322776,6.88943034085817e-06,0.00010131515207144367,DC,DC,0.7142857142857143,0.2179647284578599,0.4963209858278544
IGJ,4.496265,5.6397567,6.915748696509287e-06,0.0001013296512309053,DC,DC,0.45714285714285713,0.018153574365690962,0.43898928277716615
ALOX5AP,4.4913454,2.9563875,7.0774667909294e-06,0.0001033206830792613,DC,DC,0.5714285714285714,0.1426700374645914,0.42875853396398
BLNK,4.486711,3.1056204,7.233113600865855e-06,0.00010520892510350334,DC,DC,0.5142857142857142,0.05604459200146203,0.4582411222842522
HERPUD1,4.4758105,2.2072847,7.612189958901298e-06,0.00011032159360726518,DC,DC,0.8285714285714286,0.3665133562791264,0.4620580722923022
FAM135A,4.4739037,2.4203796,7.680443964656943e-06,0.00011090893811778978,DC,DC,0.6,0.11385580701166581,0.48614419298833417
TIAM1,4.4698124,2.6140578,7.828818049899081e-06,0.00011264486402732491,DC,DC,0.6285714285714286,0.1631994151868661,0.46537201338456247
SLC25A13,4.45467,2.3309016,8.402231660911876e-06,0.00012046210266540322,DC,DC,0.6571428571428571,0.16484420212603942,0.4922986550168177
GAB1,4.4524064,3.9314125,8.491332387965934e-06,0.00012130474839951333,DC,DC,0.4857142857142857,0.04526209984465901,0.4404521858696267
PDE8A,4.4494295,2.121072,8.60987154431879e-06,0.00012250481211128174,DC,DC,0.7428571428571429,0.22688922055374494,0.5159679223033979
CD40,4.4485116,3.15264,8.646744961364582e-06,0.00012250481211128174,DC,DC,0.5142857142857142,0.062501903688587,0.45178381059712724
DYNLL1,4.4480033,2.1046584,8.667215456873182e-06,0.00012250481211128174,DC,DC,0.7714285714285715,0.23779354878011633,0.5336350226484552
MPPED2,4.4315686,4.750032,9.355005297594428e-06,0.00013176063799428772,DC,DC,0.45714285714285713,0.01848862355700405,0.4386542335858531
NINJ1,4.4255347,2.111207,9.62036726041763e-06,0.0001350226983918264,DC,DC,0.8,0.2388596143888398,0.5611403856111603
CTBP2,4.423975,2.7557082,9.690122331351705e-06,0.00013552618645247143,DC,DC,0.5428571428571428,0.08485882245438761,0.45799832040275523
MTSS1,4.4192514,2.5558453,9.904340033738033e-06,0.0001380395823517496,DC,DC,0.6571428571428571,0.19758764582254576,0.4595552113203114
CD82,4.4032445,2.3372416,1.0664394981106888e-05,0.0001481165969598179,DC,DC,0.6857142857142857,0.21507112180561055,0.47064316390867517
FGD6,4.4024334,4.462862,1.070435164384752e-05,0.00014815711617782037,DC,DC,0.45714285714285713,0.021808656452742832,0.4353342006901143
CTSB,4.399786,2.4546857,1.0835756641275338e-05,0.00014945871229345294,DC,DC,0.6285714285714286,0.15756449696932776,0.47100693160210083
CPEB4,4.391658,2.2228312,1.1248957687338645e-05,0.0001546248479359264,DC,DC,0.7142857142857143,0.22582315494502148,0.4884625593406928
GALNT7,4.380945,2.6493762,1.1816570336120044e-05,0.0001618708265221924,DC,DC,0.6,0.15077213609088969,0.4492278639091103
AHCYL2,4.376863,2.1587055,1.2039958705810004e-05,0.00016436803693938574,DC,DC,0.7142857142857143,0.20623800676190185,0.5080477075238125
B4GALT5,4.3525405,2.1878078,1.3456898544441168e-05,0.00018308705502641047,DC,DC,0.7428571428571429,0.24251469647589163,0.5003424463812512
ABR,4.3360257,2.3183622,1.450821359976402e-05,0.00019672154033578332,DC,DC,0.6571428571428571,0.1868356126831348,0.47030724445972233
MYO1E,4.327915,3.1807559,1.5052753036166554e-05,0.00020341558156981832,DC,DC,0.5142857142857142,0.07770095336724436,0.43658476091846987
CREG1,4.323102,2.8589408,1.538504169551212e-05,0.00020720594876110602,DC,DC,0.5428571428571428,0.1024032164722366,0.4404539263849062
GK,4.312817,3.0092142,1.611874864042197e-05,0.00021635904215331505,DC,DC,0.5428571428571428,0.10383479028966525,0.43902235256747757
NEGR1,4.3055267,6.343459,1.665890064081144e-05,0.00022286154703426677,DC,DC,0.4285714285714286,0.007188328104535348,0.42138310046689326
MAP4K3,4.3028975,2.3338397,1.6857897759033426e-05,0.0002247719701204457,DC,DC,0.6285714285714286,0.15905698882154062,0.46951443974988794
NFAT5,4.285776,2.122147,1.8210222134695305e-05,0.00024039897207518555,DC,DC,0.9714285714285714,0.5076604428741128,0.4637681285544586
RCOR1,4.2788424,2.0178983,1.8786797050122896e-05,0.0002471946980279329,DC,DC,0.7142857142857143,0.22588407297980567,0.48840164130590863
MPZL1,4.274395,3.2015758,1.9165714168462412e-05,0.0002513536284388513,DC,DC,0.5142857142857142,0.09411836374158569,0.42016735054412857
GCNT1,4.26132,3.154363,2.032229572124465e-05,0.0002656509244607144,DC,DC,0.4857142857142857,0.051018854131765705,0.43469543158252
PKD2,4.257728,3.077786,2.065147513174022e-05,0.00026907459455036115,DC,DC,0.5142857142857142,0.08065547805427797,0.43363023623143626
RASAL2,4.2537265,4.182224,2.102420601631264e-05,0.00027215800668365877,DC,DC,0.45714285714285713,0.03871341110535774,0.4184294460374994
LGMN,4.2194667,3.836228,2.4488114149061527e-05,0.0003159756664395036,DC,DC,0.45714285714285713,0.03792147665316317,0.41922138048969393
HS2ST1,4.211249,1.9522016,2.5396257335836666e-05,0.0003259786918209551,DC,DC,0.7142857142857143,0.2023087935183211,0.5119769207673932
TBXAS1,4.210982,3.1376538,2.54263379620345e-05,0.0003259786918209551,DC,DC,0.4857142857142857,0.06018701836678748,0.42552726734749824
CASC15,4.207292,5.1396,2.5844926943631744e-05,0.00033028660630839287,DC,DC,0.4285714285714286,0.015534098869970453,0.4130373297014581
SRGN,4.2042437,1.7621659,2.6195653185609847e-05,0.0003337025883517178,DC,DC,0.9428571428571428,0.6554171362431848,0.2874400066139581
ITGB8,4.1607504,3.520802,3.1720383178629933e-05,0.0004027985165540309,DC,DC,0.4857142857142857,0.07066492034966952,0.4150493653646162
HEXIM1,4.15895,2.5083137,3.1971400954749114e-05,0.0004047012779082166,DC,DC,0.5428571428571428,0.10295147878529437,0.43990566407184845
FLNA,4.1551,2.0051749,3.2514579628448504e-05,0.00041027860729903477,DC,DC,0.8285714285714286,0.3115348298863878,0.5170365986850408
SETBP1,4.1384864,2.637318,3.496043419246079e-05,0.0004397538892133433,DC,DC,0.5428571428571428,0.10654564283756204,0.43631150001958074
PTPRJ,4.1239414,2.1234899,3.724440152271695e-05,0.00046701443915632537,DC,DC,0.9428571428571428,0.48576040936919374,0.4570967334879491
STAM,4.117328,1.899527,3.832903096893768e-05,0.00047911288711172096,DC,DC,0.7714285714285715,0.292497944016326,0.47893062741224546
PSAP,4.1126757,1.9329885,3.91099660156822e-05,0.00048735160144152274,DC,DC,0.8285714285714286,0.3920380128537053,0.4365334157177233
ATP13A3,4.1110716,1.9318657,3.938273814134828e-05,0.0004888051435444451,DC,DC,0.8,0.2981024032164722,0.5018975967835279
ADTRP,4.1105547,2.7048273,3.9471015341213944e-05,0.0004888051435444451,DC,DC,0.5142857142857142,0.0907374128110627,0.4235483014746515
LIMS1,4.1055365,1.8962823,4.033772777339584e-05,0.0004979966391777264,DC,DC,0.8571428571428572,0.3130577807559928,0.5440850763868644
MIR181A1HG,4.0977917,2.4708078,4.171105052290654e-05,0.000513366775666542,DC,DC,0.5714285714285714,0.1445280375255094,0.426900533903062
CCND2,4.0917487,2.7656279,4.2813213354896425e-05,0.000523599596599262,DC,DC,0.5428571428571428,0.13779659468185557,0.40506054817528725
MAML3,4.0910892,2.7307537,4.293516692113949e-05,0.000523599596599262,DC,DC,0.5428571428571428,0.11796777435959915,0.42488936849754366
CD9,4.0833263,3.621235,4.439558398756004e-05,0.0005397639390584808,DC,DC,0.45714285714285713,0.05214583777527336,0.40499701936758375
FOSL2,4.076045,2.6441722,4.580818253850236e-05,0.0005535732028822037,DC,DC,0.5428571428571428,0.12917669275989155,0.4136804500972513
ZFYVE16,4.058977,1.986576,4.928811662762836e-05,0.0005938327304533537,DC,DC,0.6857142857142857,0.2243002040754165,0.4614140816388692
SH3KBP1,4.051785,1.5656993,5.082841215257153e-05,0.0006087234988331919,DC,DC,0.9428571428571428,0.6527672017300722,0.29008994112707065
SLC44A1,4.0494494,2.4678485,5.133821712136477e-05,0.000612993637270027,DC,DC,0.5428571428571428,0.11717583990740457,0.42568130294973827
SLC22A23,4.0463123,3.635788,5.203077869457912e-05,0.0006194140320783228,DC,DC,0.45714285714285713,0.05747616581889068,0.3996666913239664
AMICA1,4.043772,2.1142318,5.25979943170344e-05,0.0006243085378876487,DC,DC,0.5714285714285714,0.12756236483811031,0.44386620659046105
CYBB,4.0242805,4.168934,5.714977326064765e-05,0.0006743336077952524,DC,DC,0.4285714285714286,0.03313941092260363,0.39543201764882496
IKZF2,4.019503,2.5496097,5.8320958470876266e-05,0.0006861289231867796,DC,DC,0.6,0.19901921963997443,0.40098078036002555
RP11-383H13.1,4.0174623,3.3454313,5.8828233164114894e-05,0.0006900672511919635,DC,DC,0.45714285714285713,0.05616642807103042,0.40097642907182673
MIR4435-1HG,4.0163484,2.6194885,5.910688987034521e-05,0.0006913086534543299,DC,DC,0.5142857142857142,0.09329597027199901,0.42098974401371525
MED12L,4.0039062,3.947887,6.230505768151948e-05,0.0007265895939535799,DC,DC,0.4285714285714286,0.02981937802686485,0.39875205054456375
FAM129A,3.996188,2.1210768,6.437063252921275e-05,0.0007484957270838692,DC,DC,0.8,0.3304498796868813,0.46955012031311877
EPB41L2,3.9853146,2.5030105,6.739078312413064e-05,0.0007790841979668282,DC,DC,0.5428571428571428,0.1252170204989187,0.4176401223582241
CYP1B1,3.9798243,3.1635358,6.896618530176145e-05,0.0007949992541989793,DC,DC,0.4857142857142857,0.08693003563705035,0.3987842500772354
MFSD12,3.9788618,2.774228,6.92459575989592e-05,0.0007959305471144737,DC,DC,0.4857142857142857,0.08099052724559105,0.4047237584686947
NQO1,3.9658139,4.1005116,7.314594561234829e-05,0.0008359536641411233,DC,DC,0.4285714285714286,0.03868295208796564,0.389888476483463
TWSG1,3.948862,2.396448,7.852358727405256e-05,0.0008948556954307984,DC,DC,0.4857142857142857,0.07276659254972434,0.41294769316456137
BCL2,3.9408586,2.032051,8.119050258859676e-05,0.0009226193475976905,DC,DC,0.7142857142857143,0.2692881727635466,0.4449975415221677
RIPK2,3.937935,2.2020535,8.218578361821302e-05,0.000931283667061904,DC,DC,0.5428571428571428,0.12262800402059029,0.42022913883655255
ATP8B4,3.9366517,3.8572226,8.262636909389685e-05,0.0009336312891965747,DC,DC,0.4285714285714286,0.03798239468794737,0.3905890338834812
ANO6,3.9247446,1.9028369,8.682182325808658e-05,0.0009782740648798488,DC,DC,0.6,0.15272151320398403,0.44727848679601595
WHSC1,3.9202883,1.8916194,8.844312192258328e-05,0.000993742942950374,DC,DC,0.6,0.15278243123876822,0.44721756876123175
USP6NL,3.8934078,1.9705936,9.884576794057096e-05,0.0011044219881628041,DC,DC,0.5714285714285714,0.13849715208187383,0.43293141934669754
ID2,3.8887377,1.9257224,0.00010076697934344012,0.0011227518589798343,DC,DC,0.6857142857142857,0.25418050013706556,0.43153378557722016
CD274,3.8849766,2.6204617,0.00010233978265721224,0.0011371086961912472,DC,DC,0.4857142857142857,0.08406688800219306,0.4016473977120927
KIAA0247,3.8525524,1.6701214,0.00011689292076519989,0.001288076261875481,DC,DC,0.8571428571428572,0.3063872559471231,0.5507556011957341
PHLPP1,3.8505025,1.9546145,0.00011787569536805474,0.0012953373117368654,DC,DC,0.6571428571428571,0.20678626907495962,0.4503565880678975
MGST2,3.8479536,4.270743,0.00011910862369841492,0.001305299985736054,DC,DC,0.4,0.019219639974414428,0.3807803600255856
RAB31,3.8455827,2.2694492,0.00012026623851024132,0.0013143851203305061,DC,DC,0.5142857142857142,0.10194633121135512,0.41233938307435913
SRGAP1,3.8430517,4.541703,0.00012151389297542463,0.0013244021032743829,DC,DC,0.4,0.02299655813103469,0.37700344186896534
ZSWIM6,3.8313227,1.8222256,0.0001274562335846623,0.0013853938433115466,DC,DC,0.8571428571428572,0.35426883128750264,0.5028740258553546
SLCO3A1,3.8274367,1.866307,0.00012948464166709158,0.0014036275519467923,DC,DC,0.7142857142857143,0.27467941884194813,0.43960629544376617
NEK6,3.8114119,3.2662196,0.00013817530621779438,0.0014937870942464257,DC,DC,0.4285714285714286,0.046480460540342966,0.38209096803108566
KIAA0226L,3.8014119,2.586691,0.00014387386507572943,0.0015474761288127973,DC,DC,0.45714285714285713,0.06454265785385763,0.3926001992889995
B3GALNT2,3.8013406,2.8762496,0.00014391527997959015,0.0015474761288127973,DC,DC,0.45714285714285713,0.06850233011483048,0.38864052702802665
S100A11,3.794264,1.9077655,0.00014808202439249517,0.0015880109854423073,DC,DC,0.8857142857142858,0.378087782888124,0.5076265028261617
PDLIM5,3.7769735,1.681867,0.00015874555169510457,0.001696498925583199,DC,DC,0.6,0.15732082483019097,0.44267917516980904
TBC1D4,3.7765012,2.59226,0.0001590467742734249,0.001696498925583199,DC,DC,0.5142857142857142,0.13694374219487676,0.3773419720908375
TMEM164,3.77266,2.2183397,0.00016151638837050034,0.0017182594507500037,DC,DC,0.5142857142857142,0.11388626602905791,0.4003994482566563
RAB13,3.7702534,3.2358823,0.00016308181317174384,0.0017303110150848153,DC,DC,0.4285714285714286,0.05062288690566842,0.3779485416657602
MAP4K4,3.76184,1.7854307,0.00016866793837494513,0.001784845908729578,DC,DC,0.9714285714285714,0.5838689043891443,0.3875596670394271
SKAP2,3.7529898,2.458755,0.00017473797733591432,0.0018368045074633264,DC,DC,0.5142857142857142,0.1277451189424629,0.38654059534325136
ACER3,3.7527847,2.1572473,0.0001748809770877227,0.0018368045074633264,DC,DC,0.5714285714285714,0.16091498888245864,0.41051358254611275
GSTO1,3.752678,1.8813521,0.00017495562933588185,0.0018368045074633264,DC,DC,0.6285714285714286,0.19259236697024154,0.43597906160118705
CD36,3.751145,6.4617352,0.00017602894350179804,0.0018432350104900317,DC,DC,0.37142857142857144,0.004507934574030642,0.3669206368545408
EMILIN2,3.7475977,2.7497785,0.00017853633076331629,0.0018646091985724939,DC,DC,0.45714285714285713,0.07453321555846608,0.38260964158439104
KIAA1958,3.7405121,2.2142932,0.00018364567300744724,0.001912975760494242,DC,DC,0.5142857142857142,0.11154092168986628,0.40274479259584794
RHOQ,3.7347991,1.840487,0.0001878650483218628,0.0019499618725229697,DC,DC,0.6,0.16481374310864733,0.43518625689135265
GADD45A,3.734389,3.2493641,0.0001881713206984666,0.0019499618725229697,DC,DC,0.4285714285714286,0.05732387073193019,0.3712475578394984
SLC12A2,3.7233377,1.8051351,0.00019660637532135277,0.0020321072384635944,DC,DC,0.6,0.1682251530565624,0.4317748469434376
ZNF609,3.7129455,1.8183422,0.00020486104291829167,0.0021119695146215637,DC,DC,0.8857142857142858,0.35792391337455454,0.5277903723397313
GPR114,3.702999,3.0433078,0.00021306572143712374,0.002190907161307185,DC,DC,0.4285714285714286,0.052633182053546945,0.37593824651788166
TMEM65,3.687901,1.821267,0.00022611153802747243,0.002319092697717666,DC,DC,0.6,0.17986049770034415,0.4201395022996558
DOCK10,3.6664395,1.6586031,0.0002459510668028494,0.002507595295860424,DC,DC,0.9142857142857143,0.5637050348755749,0.3505806794101394
PALLD,3.6574824,3.6659038,0.00025470480022097636,0.0025858355352383388,DC,DC,0.4,0.03770826353141847,0.36229173646858154
TMEM38B,3.651805,1.5853055,0.00026040357345219695,0.002630339125779767,DC,DC,0.6571428571428571,0.20343577716182876,0.4537070799810284
PLA2G16,3.6330352,2.9892833,0.00028010692512794795,0.0028222360214402815,DC,DC,0.4285714285714286,0.06271511681033169,0.3658563117610969
RUNX3,3.6318944,1.8102174,0.0002813484073791239,0.0028276221847148126,DC,DC,0.9428571428571428,0.48396332734305986,0.458893815514083
FNBP1L,3.629381,4.931059,0.0002841017633713282,0.0028416061878326292,DC,DC,0.37142857142857144,0.015473180835186255,0.3559553905933852
NUMB,3.6293275,1.7598056,0.00028416061878326295,0.0028416061878326292,DC,DC,0.6857142857142857,0.23328561420608568,0.45242867150820004
DACH1,3.6169212,4.5105095,0.0002981281410079657,0.0029738467930969146,DC,DC,0.37142857142857144,0.014559410313423289,0.35686916111514816
ARHGAP21,3.6118143,2.4367743,0.0003040624288752065,0.003025496804728423,DC,DC,0.45714285714285713,0.08351862568913526,0.37362423145372187
SOCS1,3.6085076,1.9767636,0.00030796350184830094,0.0030567096957647734,DC,DC,0.6,0.20559836739666776,0.3944016326033322
BMPR2,3.6007001,2.0672188,0.0003173614078065078,0.0031328288163103278,DC,DC,0.6,0.19825774420517195,0.40174225579482803
GRASP,3.600192,3.3728895,0.0003179821248554983,0.0031328288163103278,DC,DC,0.4,0.03917029636623923,0.36082970363376077
UST,3.5914133,2.2399971,0.00032888968764043793,0.0032323310824613066,DC,DC,0.4857142857142857,0.1047790198288203,0.3809352658854654
RASGRP3,3.5837128,2.9331586,0.00033874462831785324,0.0033210257678220906,DC,DC,0.4285714285714286,0.06777131369742011,0.3608001148740085
L3MBTL4,3.5800498,3.5528302,0.00034352892135262647,0.003359696052348425,DC,DC,0.4,0.04641954250555877,0.3535804574944412
WDR74,3.5747466,1.427098,0.0003505671838304151,0.00341184607134224,DC,DC,0.7142857142857143,0.2500989918065243,0.46418672247919
ARHGAP42,3.5713956,4.369194,0.00035508419729224795,0.003447040132819413,DC,DC,0.37142857142857144,0.01906734488745393,0.3523612265411175
TJP2,3.5707896,3.391255,0.0003559068937136044,0.003447040132819413,DC,DC,0.4,0.04596265724467728,0.3540373427553227
IER3,3.5666897,2.3017004,0.00036151918216839477,0.003492938958148742,DC,DC,0.5142857142857142,0.1310651518382017,0.38322056244751257
MSRA,3.5578215,2.0390496,0.00037394309769879947,0.003604270821193248,DC,DC,0.5142857142857142,0.1337150863513143,0.38057062793439994
NAMPT,3.5309858,1.7703233,0.00041401400369893806,0.003980903881720559,DC,DC,0.6571428571428571,0.2521092869544028,0.4050335701884543
MTHFD1L,3.527795,1.9251082,0.0004190364360428991,0.004019534158684884,DC,DC,0.6,0.2018519082574396,0.3981480917425604
AFF1,3.5214672,1.7736819,0.0004291658831391594,0.004101734080810847,DC,DC,0.9142857142857143,0.4650178185251743,0.44926789576053994
WARS,3.5211642,1.9693917,0.00042965664496493616,0.004101734080810847,DC,DC,0.5428571428571428,0.1594529560476379,0.38340418680950494
NR6A1,3.5199966,3.0489454,0.00043155242421938144,0.004110023087803633,DC,DC,0.4,0.0454448539490116,0.3545551460509884
ENTPD1-AS1,3.5149252,2.01689,0.00043987774769404614,0.004179361023221341,DC,DC,0.5428571428571428,0.1656665955956261,0.3771905472615167
HDAC9,3.5112088,2.4894376,0.000446074019459116,0.004228189757906313,DC,DC,0.45714285714285713,0.09448387195029087,0.36265898519256623
SOCS3,3.496788,2.2884536,0.0004708956688784134,0.00445291412650982,DC,DC,0.45714285714285713,0.0912552161067284,0.3658876410361287
PIK3CG,3.4954157,2.0388713,0.00047332414579045296,0.004465322130098613,DC,DC,0.5142857142857142,0.13535987329048763,0.37892584099522664
NFKBIZ,3.489168,1.8797784,0.00048452679468420417,0.004560252185263098,DC,DC,0.6285714285714286,0.23109256495385458,0.397478863617574
CTSD,3.4830182,1.661884,0.0004957947382569667,0.004655349654994992,DC,DC,0.7142857142857143,0.2727300417288538,0.4415556725568605
SAMD12,3.4657009,2.4894993,0.0005288511146309441,0.004954108802163411,DC,DC,0.45714285714285713,0.09454478998507507,0.3625980671577821
ATF3,3.4633212,3.1914198,0.0005335508557599178,0.004986456595887083,DC,DC,0.4,0.0569888215406171,0.3430111784593829
IL15,3.459168,2.762376,0.0005418467529810358,0.005052184176979355,DC,DC,0.4285714285714286,0.07998537967165179,0.34858604889977685
RPS6KC1,3.4571626,1.7274034,0.0005458951592017207,0.005078094504202053,DC,DC,0.6285714285714286,0.2217416466144802,0.40682978195694836
COL24A1,3.4516459,6.2839365,0.0005571786387850266,0.005171031450441082,DC,DC,0.34285714285714286,0.005452164113185709,0.33740497874395714
RN7SL1,3.4507368,1.5120927,0.000559058668417948,0.005176469152018037,DC,DC,0.6857142857142857,0.24924613931954553,0.4364681463947402
NDRG1,3.446138,2.3381104,0.0005686602850317857,0.005253212794750908,DC,DC,0.45714285714285713,0.09792574091559807,0.35921711622725905
CD70,3.4447117,3.842187,0.0005716685803964517,0.00526883484236361,DC,DC,0.37142857142857144,0.03231701745301696,0.3391115539755545
PPP1R15A,3.441022,1.5545857,0.0005795214641948607,0.005328933004090672,DC,DC,0.6857142857142857,0.2388900734062319,0.4468242123080538
RAPGEF2,3.4306834,1.4611593,0.0006020629296069774,0.005523513115660343,DC,DC,0.6571428571428571,0.2245134171971612,0.4326294399456959
HIPK2,3.4287226,1.6773763,0.0006064290416645081,0.005550837909972614,DC,DC,0.8285714285714286,0.37686942219244,0.4517020063789886
PLEKHG1,3.4087405,1.7794129,0.0006526352218068047,0.00596013901193429,DC,DC,0.4857142857142857,0.10922603636806677,0.37648824934621894
GNPTAB,3.4067264,1.6359589,0.0006574702559720079,0.005984813417405333,DC,DC,0.7714285714285715,0.3694983399835521,0.4019302314450194
ZEB2,3.3703628,1.9167929,0.000750692597436123,0.006809003151348054,DC,DC,0.8857142857142858,0.3661783070878133,0.5195359786264725
DUSP4,3.361067,1.6042173,0.0007764198279892338,0.007026423782707998,DC,DC,0.5714285714285714,0.18458164539611954,0.38684692603245185
KLF5,3.3587766,4.712937,0.0007828836199017102,0.0070689265905346296,DC,DC,0.34285714285714286,0.012823246322073649,0.3300338965350692
AC023590.1,3.3566017,3.4618387,0.000789066640589891,0.007108708473782801,DC,DC,0.37142857142857144,0.03740367335749749,0.33402489807107394
ACSL1,3.3439193,1.8898398,0.0008260379919297813,0.007425060601616012,DC,DC,0.5142857142857142,0.147787152386464,0.36649856189925023
TPD52,3.3401759,1.798908,0.0008372534688431364,0.007508999720566246,DC,DC,0.5714285714285714,0.19176997350065483,0.37965859792791656
PTPN9,3.3243024,1.9129217,0.000886399798265354,0.007931989246222406,DC,DC,0.4857142857142857,0.12442508604672411,0.36128919966756157
BARD1,3.3163526,2.3957882,0.0009120071632655053,0.00814292110058487,DC,DC,0.4285714285714286,0.08613810118485576,0.34243332738657284
ASPH,3.3123775,1.7874504,0.0009250663621224102,0.008241125720466905,DC,DC,0.4857142857142857,0.12268892205537449,0.36302536365891125
AUTS2,3.30457,1.8395787,0.0009512220568371387,0.008455307171885676,DC,DC,0.7714285714285715,0.3523194541744083,0.41910911725416317
LPP,3.2931976,1.6554376,0.0009905484726888808,0.00876591568751222,DC,DC,0.6857142857142857,0.28250738631171757,0.40320689940256815
ACVR1,3.2739196,2.0253263,0.0010606678589948895,0.00934509126867744,DC,DC,0.45714285714285713,0.10569279035058328,0.35145006679227386
RALGPS2,3.2617362,1.4107666,0.001107321883964013,0.009723431921944987,DC,DC,0.5428571428571428,0.1595443330998142,0.3833128097573286
PLA2G4A,3.261442,4.0428877,0.0011084712391017286,0.009723431921944987,DC,DC,0.34285714285714286,0.021504066278821843,0.321353076578321
NKG7,3.2587147,1.8504071,0.0011191815575833204,0.009795899847556414,DC,DC,0.5714285714285714,0.20431908866619963,0.36710948276237176
CDK19,3.2488751,1.619416,0.0011586230362719266,0.010096932777968859,DC,DC,0.6285714285714286,0.22247266303189056,0.406098765539538
RP11-37B2.1,3.241959,1.8344457,0.0011871109619809677,0.010322704017225806,DC,DC,0.45714285714285713,0.10404800341140993,0.3530948537314472
RNF144B,3.2251766,2.7542999,0.0012589499290190011,0.010923643635739706,DC,DC,0.4,0.07879747799335993,0.3212025220066401
TRPS1,3.223929,1.6923107,0.0012644482780702548,0.010947604139136405,DC,DC,0.8285714285714286,0.3705948646096676,0.457976563961761
BCAT1,3.22097,2.5087538,0.0012775759644402366,0.011037373342896213,DC,DC,0.4,0.07099996954098262,0.3290000304590174
AVEN,3.2186704,1.7685508,0.0012878643514429126,0.011102278891749246,DC,DC,0.5142857142857142,0.1593920380128537,0.3548936762728605
ABHD17C,3.2124317,3.6822448,0.0013161650462427629,0.011300689179410905,DC,DC,0.34285714285714286,0.024397672931071243,0.3184594699260716
ELL2,3.2122533,1.6023128,0.0013169820065453762,0.011300689179410905,DC,DC,0.6,0.20675581005756755,0.39324418994243243
NCOA3,3.2115848,1.6185287,0.0013200497770495517,0.011300689179410905,DC,DC,0.9714285714285714,0.603789101763577,0.3676394696649944
GZMB,3.2111213,2.4289129,0.001322180633991076,0.011300689179410905,DC,DC,0.45714285714285713,0.1511376442995949,0.3060052128432622
PPP2R3A,3.2064245,2.3062522,0.0013439558427508894,0.01146230995949586,DC,DC,0.4285714285714286,0.09707288842861929,0.33149854014280933
ACTG1,3.2056758,1.3426954,0.0013474570686760523,0.011467719733413212,DC,DC,0.8285714285714286,0.5930979866589503,0.23547344191247832
PIK3R3,3.2048292,3.605969,0.0013514269269774705,0.011477086428683402,DC,DC,0.34285714285714286,0.02473272212238433,0.31812442073475855
UBTD2,3.2041519,1.7411267,0.0013546105789302525,0.011479750668900446,DC,DC,0.5142857142857142,0.15759495598671985,0.3566907582989944
QSOX1,3.2032871,1.876298,0.0013586839742115897,0.011489927900309428,DC,DC,0.4285714285714286,0.08763059303706862,0.34094083553436
EYA4,3.1920574,7.3531547,0.0014126328217216129,0.011910546459522334,DC,DC,0.3142857142857143,0.0024671804087600135,0.31181853387695424
PRDM1,3.191701,2.096933,0.0014143773920682772,0.011910546459522334,DC,DC,0.4285714285714286,0.0940879047241936,0.334483523847235
ITGAV,3.1612198,2.0443854,0.0015710992397911516,0.013118959849824759,DC,DC,0.4285714285714286,0.09424019981115409,0.33433122876027455
EMP2,3.160685,6.4186087,0.0015739862158892994,0.013118959849824759,DC,DC,0.3142857142857143,0.0058785903566750935,0.3084071239290392
ROCK2,3.153341,1.585656,0.0016141313015912689,0.013423129327162319,DC,DC,0.5142857142857142,0.15829551338673814,0.3559902008989761
NPTN,3.1347494,1.4844406,0.001720010254906006,0.014244391344977275,DC,DC,0.6,0.21571076117084464,0.38428923882915533
EPDR1,3.1337512,5.5691824,0.0017258717923401186,0.01426340324248032,DC,DC,0.3142857142857143,0.007462459261064238,0.30682325502465
PKP4,3.1297047,2.0248582,0.0017498205902752395,0.014401815557820902,DC,DC,0.4285714285714286,0.09472754408942766,0.333843884482001
ZFHX3,3.124892,2.572179,0.0017787036401978532,0.01460947548417128,DC,DC,0.37142857142857144,0.05327282141878102,0.3181557500097904
LHFP,3.1119866,5.3799405,0.001858329770496493,0.015201061517353726,DC,DC,0.3142857142857143,0.010173311808961045,0.30411240247675325
KLHL2,3.1068707,1.2735928,0.0018907908098395201,0.015435027019098125,DC,DC,0.6,0.2133044987968688,0.3866955012031312
CREM,3.098475,1.4014869,0.001945193633146913,0.01584679130873249,DC,DC,0.7714285714285715,0.32237824007797505,0.4490503313505964
FAM168A,3.0963895,1.5826721,0.001958928728756731,0.015926249827290496,DC,DC,0.5142857142857142,0.1626206938564162,0.35166502042929804
KIF13B,3.0941167,1.3733541,0.001973997799326498,0.01600733266561667,DC,DC,0.6285714285714286,0.2439158112759282,0.38465561729550035
AGAP3,3.0936801,2.5121415,0.0019769055842036587,0.01600733266561667,DC,DC,0.37142857142857144,0.05644055922755932,0.31498801220101214
SH3BP5,3.0869064,1.6600469,0.0020225122303365204,0.016343533174436528,DC,DC,0.5428571428571428,0.18680515366574274,0.3560519891914001
FAM160A1,3.085944,5.0036564,0.002029070955308002,0.016363475446032272,DC,DC,0.3142857142857143,0.011574426608997594,0.3027112876767167
AGO4,3.0825572,1.3135184,0.0020523033956283752,0.016517532359182095,DC,DC,0.5714285714285714,0.18765800615272152,0.38377056527584985
HCK,3.0808458,2.615171,0.00206413446652893,0.01654913982889322,DC,DC,0.37142857142857144,0.06012610033200328,0.31130247109656817
HIST1H2BJ,3.0807924,4.5037036,0.002064505193654429,0.01654913982889322,DC,DC,0.3142857142857143,0.011543967591605494,0.3027417466941088
RP11-356I2.4,3.078903,1.568577,0.00207764349237791,0.01662114793902328,DC,DC,0.5142857142857142,0.15202095580396577,0.36226475848174844
KIT,3.0697942,4.5784883,0.0021420626570805112,0.017102296663317456,DC,DC,0.3142857142857143,0.011818098748134385,0.3024676155375799
PDE4A,3.064643,2.6685116,0.002179301161568142,0.017364949494566868,DC,DC,0.37142857142857144,0.0625628217233712,0.30886574970520025
ZNRF1,3.0562828,1.3972267,0.0022409980185098687,0.01782105780127132,DC,DC,0.5714285714285714,0.19204410465718375,0.37938446677138765
TAOK3,3.0408194,1.5762842,0.0023593529903834427,0.018704631780137614,DC,DC,0.9142857142857143,0.5665986415278242,0.34768707275789
SFMBT2,3.0401776,1.5416336,0.002364386036698959,0.018704631780137614,DC,DC,0.7428571428571429,0.36508178246169776,0.3777753603954451
XRCC4,3.039955,1.9023762,0.002366135920187408,0.018704631780137614,DC,DC,0.4285714285714286,0.10148944595047363,0.327081982620955
FUT8,3.0385823,1.4968302,0.0023769413772518895,0.018752989169640154,DC,DC,0.6285714285714286,0.2497944016326033,0.37877702693882526
SLC39A11,3.0342152,1.3481842,0.002411623630254796,0.018951855640509205,DC,DC,0.5428571428571428,0.17766744844811302,0.3651896944090298
LCORL,3.0325308,1.5713373,0.0024251244070025626,0.019020583584333825,DC,DC,0.6285714285714286,0.26535895951996585,0.3632124690514627
CD109,3.0011048,3.052739,0.0026900192292460294,0.021056901990184184,DC,DC,0.34285714285714286,0.04349547683591727,0.2993616660212256
TRAK1,2.9949462,1.4518752,0.0027449321543194893,0.021428634196371702,DC,DC,0.5428571428571428,0.1880844323962109,0.35477271046093195
PLEKHA5,2.9945807,1.8127464,0.002748222335684671,0.021428634196371702,DC,DC,0.45714285714285713,0.13219213548170933,0.3249507216611478
CROCC,2.9912207,1.245413,0.002778645254161206,0.021623698475962693,DC,DC,0.6571428571428571,0.2502208278760927,0.40692202926676446
WWC2,2.9739392,2.8614497,0.0029400328738527068,0.02283520678720549,DC,DC,0.34285714285714286,0.04404373914897505,0.2988134037081678
BACH1,2.970615,1.5316508,0.0029720426550923808,0.02303909034955334,DC,DC,0.9428571428571428,0.4540830312814108,0.48877411157573203
LMNA,2.9697592,2.572699,0.0029803323885221095,0.023058664514677828,DC,DC,0.37142857142857144,0.07142639578447199,0.3000021756440995
SLC10A7,2.963271,1.651237,0.0030438860031836057,0.023475601304273154,DC,DC,0.45714285714285713,0.12704456154244462,0.3300982956004125
ABL1,2.962932,1.3079908,0.0030472370600989,0.023475601304273154,DC,DC,0.6,0.22329505650147724,0.37670494349852274
PELI1,2.9624686,1.4787812,0.00305182816955551,0.023475601304273154,DC,DC,0.6571428571428571,0.29685358350339613,0.360289273639461
PTPN12,2.9617023,1.4478899,0.0030594350045640706,0.02348894437285275,DC,DC,0.6,0.22567085985806098,0.37432914014193897
RP11-519G16.3,2.9599018,2.5327847,0.003077370275304781,0.023581381419960006,DC,DC,0.37142857142857144,0.07042124821053272,0.3010073232180387
CDK8,2.953057,1.4781761,0.003146438471060765,0.024064538975608146,DC,DC,0.6285714285714286,0.2474795163108038,0.3810919122606248
ZFAND3,2.9344654,1.2183149,0.0033412288529432897,0.025505563762925874,DC,DC,0.9714285714285714,0.7357375651061496,0.2356910063224218
FTH1,2.9318004,0.47716928,0.0033700320513526316,0.02567643467697243,DC,DC,1.0,0.9810544911821144,0.018945508817885592
TBC1D12,2.9202585,2.5596035,0.003497409966976378,0.026596273513128346,DC,DC,0.34285714285714286,0.04687642776644026,0.2959807150907026
IQGAP1,2.915731,1.775229,0.003548562695031381,0.0268830507199347,DC,DC,1.0,0.5089092625871889,0.49109073741281106
LMO4,2.9130127,1.44355,0.0035796005409477224,0.02706692280489771,DC,DC,0.5142857142857142,0.16892571045658067,0.34536000382913357
RAB30,2.9017472,1.4610715,0.0037108791505824717,0.028006635098735633,DC,DC,0.5714285714285714,0.2130912856751241,0.3583372857534473
LINC00996,2.8866937,3.4792955,0.0038931293361891346,0.02932677466055845,DC,DC,0.3142857142857143,0.027199902531144345,0.28708581175456993
AKR1C3,2.8778436,2.3120506,0.004004036452225855,0.03010553723478086,DC,DC,0.34285714285714286,0.0484907556882215,0.2943663871689214
EAF2,2.8756332,2.7927356,0.004032179298799834,0.030260257401874928,DC,DC,0.34285714285714286,0.055252657549267455,0.2876044853078754
LST1,2.8714175,3.7609143,0.004086353322069106,0.030609388180292924,DC,DC,0.3142857142857143,0.03469282080960068,0.2795928934761136
HNRNPLL,2.8693676,1.0962468,0.004112933840213376,0.030750907216548606,DC,DC,0.5714285714285714,0.1967957113703512,0.37463286005822016
RASGEF1B,2.867817,1.8758806,0.00413314672116837,0.030821646808450565,DC,DC,0.4285714285714286,0.12469921720325301,0.3038722113681756
TMCC3,2.8674605,2.107983,0.0041378060840344885,0.030821646808450565,DC,DC,0.37142857142857144,0.07432000243672138,0.29710856899185006
TSEN54,2.8614,1.2960383,0.004217747880352911,0.031358720300021646,DC,DC,0.5142857142857142,0.16408272669123694,0.3502029875944773
PTGER4,2.853414,1.5421345,0.00432522167570055,0.03205845552305919,DC,DC,0.4857142857142857,0.16621485790868387,0.3194994278056018
TBL1X,2.853218,1.3714031,0.004327891495612991,0.03205845552305919,DC,DC,0.8857142857142858,0.5906917242849745,0.29502256142931127
TOM1,2.8519347,1.1676201,0.004345403608416426,0.03212867732655398,DC,DC,0.6285714285714286,0.23572233559745362,0.39284909297397497
SLAMF1,2.8503928,1.2606333,0.004366527400662416,0.03222529446983333,DC,DC,0.5142857142857142,0.17574853035241084,0.3385371839333034
SLC2A13,2.8487885,1.6004791,0.004388604683821498,0.03228452191764024,DC,DC,0.5142857142857142,0.19280558009198623,0.321480134193728
AFF3,2.8486369,1.638253,0.004390694980799073,0.03228452191764024,DC,DC,0.4857142857142857,0.1672809235174073,0.3184333621968784
PTGR1,2.8471575,2.608039,0.004411153595241575,0.03237543923113082,DC,DC,0.34285714285714286,0.05546587067101215,0.2873912721861307
NRP1,2.8394034,2.7475476,0.00451979622494549,0.03311206025601091,DC,DC,0.34285714285714286,0.05838993634065365,0.2844672065164892
AGPAT9,2.8357494,3.4553955,0.004571831194453748,0.0333576804360978,DC,DC,0.3142857142857143,0.03435777161828759,0.2799279426674267
ENPP2,2.8354197,5.5227494,0.004576553623132821,0.0333576804360978,DC,DC,0.2857142857142857,0.008954951113277087,0.2767593346010086
ITGB2,2.8352947,2.0330758,0.0045783416398544234,0.0333576804360978,DC,DC,0.4,0.10349974109835217,0.2965002589016479
TCAIM,2.8329687,1.5726516,0.004611791433517578,0.03354030133467329,DC,DC,0.4285714285714286,0.11501324967256556,0.31355817889886306
RTN3,2.8277636,1.1199946,0.004687439930050768,0.034028602033036426,DC,DC,0.6,0.21516249885778682,0.38483750114221316
CD68,2.8240917,2.510061,0.0047414823128243,0.034358567484234055,DC,DC,0.34285714285714286,0.05558770674058054,0.2872694361165623
EPB41L3,2.8106425,2.637889,0.004944268252799046,0.03576324233489364,DC,DC,0.34285714285714286,0.05799396911455636,0.2848631737425865
TNFSF9,2.8081915,5.047782,0.004982057915885081,0.035971537298809246,DC,DC,0.2857142857142857,0.0114221315220371,0.2742921541922486
SCMH1,2.798156,1.297311,0.0051395285273469725,0.03690864292529244,DC,DC,0.6285714285714286,0.24504279491943587,0.3835286336519927
RP11-24J23.2,2.792755,4.810577,0.00522612659633474,0.0374632730920053,DC,DC,0.2857142857142857,0.012335902043800067,0.2733783836704856
PDE7B,2.791819,2.626946,0.0052412645038907345,0.037504576056463214,DC,DC,0.34285714285714286,0.061527215132039834,0.281329927725103
HPD,2.7830045,4.3983397,0.005385804858122479,0.038470034700874844,DC,DC,0.2857142857142857,0.01221406597423167,0.273500219740054
CNR2,2.7806962,2.5052059,0.005424247167972766,0.03867555912993059,DC,DC,0.34285714285714286,0.06116170692333465,0.2816954359338082
CPEB3,2.7770777,1.814896,0.005485006786386398,0.03903919420915585,DC,DC,0.4,0.10173311808961041,0.29826688191038964
PFKFB3,2.7754378,1.3890929,0.005512744914191135,0.03916692656618924,DC,DC,0.6857142857142857,0.3035545673296579,0.3821597183846278
NTN1,2.7744575,4.273578,0.0055293878942503,0.039215516980498584,DC,DC,0.2857142857142857,0.012610033200328958,0.27310425251395676
PSD3,2.7691188,3.3510828,0.005620814809579083,0.039793379182860765,DC,DC,0.3142857142857143,0.04291675550546739,0.2713689587802469
NHSL1,2.7685394,4.3457317,0.00563081750942171,0.03979376331746792,DC,DC,0.2857142857142857,0.013706557826444518,0.27200772788784117
RP11-452H21.1,2.766231,1.6039274,0.00567083409172544,0.040005884244976656,DC,DC,0.45714285714285713,0.1539703329170601,0.303172524225797
CDYL2,2.7581563,2.107163,0.005812840950591057,0.0409354996520497,DC,DC,0.4,0.11839420060308853,0.2816057993969115
FRMD4B,2.7548943,2.792655,0.005871111423328933,0.04127319102515946,DC,DC,0.3142857142857143,0.03728183728792909,0.27700387699778517
SPRED1,2.7471225,4.2455683,0.006012068785188879,0.04218995638729038,DC,DC,0.2857142857142857,0.016356492339557126,0.2693577933747286
C9orf3,2.7465165,1.6058065,0.006023187995673238,0.042193961440793265,DC,DC,0.45714285714285713,0.15372666077792332,0.3034161963649338
ME1,2.7456787,2.4795897,0.006038589176450097,0.042227896338811875,DC,DC,0.3142857142857143,0.03642898480095032,0.277856729484764
CEP128,2.7378,1.5910488,0.00618517071366463,0.043087821306850044,DC,DC,0.4285714285714286,0.12448600408150831,0.30408542448992026
MXD1,2.7373006,1.4238274,0.006194563442313668,0.043087821306850044,DC,DC,0.4857142857142857,0.16743321860436783,0.3182810671099179
MGST1,2.7367482,3.1655314,0.006204977513978307,0.043087821306850044,DC,DC,0.3142857142857143,0.04498796868813012,0.2692977455975842
ARHGAP22,2.736053,2.834145,0.006218101477191255,0.043087821306850044,DC,DC,0.3142857142857143,0.040510493131491576,0.2737752211542227
TTLL5,2.7356253,1.7597008,0.006226190178839831,0.043087821306850044,DC,DC,0.4,0.10554049526362277,0.2944595047363773
IL2RA,2.7336733,2.6059766,0.006263215217697089,0.04326918975956538,DC,DC,0.34285714285714286,0.0712131826627273,0.27164396019441556
GLUL,2.731561,1.9431334,0.006303506613312943,0.043472459402158235,DC,DC,0.37142857142857144,0.08845298650665528,0.28297558492191616
SNCA,2.728513,4.0875716,0.006362059898357012,0.04380075661519458,DC,DC,0.2857142857142857,0.017635771070025282,0.2680785146442604
SMAD7,2.7263293,1.4286509,0.0064043063933662105,0.0440158515007987,DC,DC,0.45714285714285713,0.14181718497761264,0.3153256721652445
PAPSS1,2.7233794,1.6574281,0.006461783121503468,0.04425168126698366,DC,DC,0.4,0.1050531509853492,0.29494684901465085
EFCAB2,2.7225416,1.1190253,0.006478190207044941,0.04425168126698366,DC,DC,0.4857142857142857,0.1566507264475648,0.32906355926672093
ZNF532,2.7219532,2.5952806,0.006489732459053662,0.04425168126698366,DC,DC,0.3142857142857143,0.03947488654016021,0.2748108277455541
SAMSN1,2.7219532,1.4061193,0.006489732459053662,0.04425168126698366,DC,DC,0.8571428571428572,0.490481557064969,0.3666613000778882
ARHGEF12,2.7217393,1.917631,0.006493934225929851,0.04425168126698366,DC,DC,0.37142857142857144,0.08516341262830861,0.2862651588002628
NF1,2.7196894,1.2289101,0.006534325425443821,0.044451193370366134,DC,DC,0.7714285714285715,0.35597453626146014,0.4154540351671113
PREX1,2.7149568,1.4320005,0.006628440698058887,0.044938581003789065,DC,DC,0.8571428571428572,0.41558283329779777,0.44156002384505944
ARNTL2,2.7131386,4.1567097,0.006664920842787649,0.045109447328512006,DC,DC,0.2857142857142857,0.02065121379184308,0.2650630719224426
SNX29,2.699547,1.3463119,0.006943395632635737,0.046914835355646875,DC,DC,0.7142857142857143,0.3114129938168194,0.4028727204688949
SBF2,2.6976752,1.3171835,0.006982550796267317,0.04709983673704767,DC,DC,0.6285714285714286,0.2795833206420761,0.3489881079293525
TIMP1,2.691597,1.4908159,0.0071110833604812,0.04788608323556364,DC,DC,0.4285714285714286,0.13401967652523528,0.2945517520461933
INSR,2.6888876,2.7017994,0.007169057842355101,0.04817617711470757,DC,DC,0.3142857142857143,0.04468337851420913,0.26960233577150516
ADAM9,2.6884596,2.2105787,0.007178250390091428,0.04817617711470757,DC,DC,0.34285714285714286,0.06704029728000974,0.27581684557713315
FER,2.6809552,1.5138588,0.007341232811978095,0.049187489527491426,DC,DC,0.4285714285714286,0.13432426669915626,0.29424716187227234
RRAS2,2.6802156,1.4534006,0.0073574771854555045,0.04921389421709368,DC,DC,0.5714285714285714,0.24903292619780082,0.3223956452307706
HIST1H1D,2.6774437,1.5457761,0.007418631824681609,0.049540112351797054,DC,DC,0.4,0.10395662635923364,0.2960433736407664
HIBCH,2.6759286,1.0947714,0.007452252781439885,0.04968168520959924,DC,DC,0.4857142857142857,0.16481374310864733,0.3209005426056384
MCTP1,2.671276,2.241127,0.007556344580721985,0.05029181085339091,DC,DC,0.34285714285714286,0.06862416618439889,0.274232976672744
SLC1A4,2.6573904,2.1103666,0.007874820297903559,0.052324387361485446,DC,DC,0.37142857142857144,0.10325606895921537,0.2681725024693561
FAM101B,2.654761,2.4373066,0.007936458560044029,0.05264649127724066,DC,DC,0.34285714285714286,0.07572111723675795,0.2671360256203849
LILRB1,2.6514368,2.439489,0.008015012782342684,0.05307955484995155,DC,DC,0.3142857142857143,0.04620632938381408,0.2680793849019002
CISH,2.6465971,3.1843393,0.008130613787522358,0.053756124215023855,DC,DC,0.2857142857142857,0.022235082696232217,0.2634792030180535
PLAUR,2.6433797,2.5124965,0.008208291893726679,0.05418014451304739,DC,DC,0.34285714285714286,0.07690901891504981,0.26594812394209305
SLC7A5,2.639173,1.3506536,0.008310855982605963,0.05476676100564061,DC,DC,0.4857142857142857,0.19167859644847857,0.29403568926580714
IL6R,2.6381123,1.7227173,0.008336894608147077,0.054847990843072875,DC,DC,0.4,0.11824190551612804,0.281758094483872
RB1,2.6370697,1.4327906,0.008362566737405262,0.054926546715305495,DC,DC,0.9428571428571428,0.48454204867350975,0.4583150941836331
RGS12,2.6336026,3.412181,0.008448430251151372,0.0553995426305008,DC,DC,0.2857142857142857,0.02503731229630532,0.26067697341798035
LITAF,2.623157,1.307815,0.008711910511626335,0.05694059157925709,DC,DC,0.8571428571428572,0.4281928664981267,0.4289499906447305
RAPH1,2.6197257,2.4370022,0.008800052029081205,0.05742285173951847,DC,DC,0.3142857142857143,0.049983247540434345,0.2643024667452799
BICD1,2.6073906,1.0192424,0.009123520558068463,0.0593285173000816,DC,DC,0.6,0.2353568273887484,0.36464317261125156
ATP2C1,2.6069005,1.14535,0.009136591664212566,0.0593285173000816,DC,DC,0.6285714285714286,0.2594499101458987,0.36912151842552987
PPP1R14B,2.6040752,1.2890172,0.009212255114297165,0.05972288566805293,DC,DC,0.8857142857142858,0.5339465748834942,0.3517677108307916
SLC43A2,2.603077,1.7310314,0.009239121337435797,0.05980013810638057,DC,DC,0.4,0.1272273156467972,0.2727726843532028
IGF2BP2,2.599298,3.100396,0.009341463692716458,0.060364870389120896,DC,DC,0.2857142857142857,0.027199902531144345,0.25851438318314135
TEX14,2.5953586,2.4493916,0.009449226358753768,0.06087405344316005,DC,DC,0.3142857142857143,0.05135390332307879,0.2629318109626355
SHF,2.5953052,3.1391263,0.009450696797050597,0.06087405344316005,DC,DC,0.2857142857142857,0.027382656635496938,0.25833162907878876
EFHD2,2.592863,1.1112103,0.0095180646645954,0.06120941906492218,DC,DC,0.6,0.2470530900673144,0.35294690993268557
TEC,2.5855727,2.5794163,0.009721739606685355,0.06241887387919971,DC,DC,0.3142857142857143,0.05424750997532819,0.2600382043103861
DDIT4,2.583086,1.6737788,0.009792091463797,0.06276981707562179,DC,DC,0.4,0.1251256434467424,0.27487435655325765
CPNE8,2.5754123,2.27565,0.010012067864707434,0.064063960685273,DC,DC,0.3142857142857143,0.05196308367092077,0.2623226306147935
GPR65,2.574931,1.6504989,0.010026009847245224,0.064063960685273,DC,DC,0.4285714285714286,0.14827449666473758,0.280296931906691
TOX2,2.5673552,2.4691446,0.01024775665704426,0.06537643800347215,DC,DC,0.3142857142857143,0.054186591940543996,0.2600991223451703
FAM69A,2.565234,1.2688841,0.01031062309907,0.06565936151997655,DC,DC,0.7714285714285715,0.4618805397337882,0.3095480316947833
GAPDH,2.5579615,0.8895291,0.010528779033823755,0.06684939069094448,DC,DC,1.0,0.8606804544485395,0.13931954555146053
ARHGAP24,2.5563214,1.5970333,0.010578534741863052,0.06705885731767387,DC,DC,0.4,0.12046541378575126,0.27953458621424876
HS3ST3B1,2.5519722,1.6734226,0.010711509828511382,0.0677943660032366,DC,DC,0.37142857142857144,0.10438305260272301,0.2670455188258484
SESTD1,2.551081,1.6892793,0.010738941592498897,0.06786061037913996,DC,DC,0.37142857142857144,0.09954006883737931,0.2718885025911921
MOXD1,2.549833,5.304038,0.010777450991438734,0.06799653622358823,DC,DC,0.2571428571428571,0.007736590417593128,0.249406266725264
MCF2L2,2.5457153,1.4060212,0.010905404479781087,0.0686954612899596,DC,DC,0.37142857142857144,0.09424019981115409,0.2771883716174174
DOCK1,2.5433269,4.9566197,0.010980245730239094,0.06905814924678676,DC,DC,0.2571428571428571,0.008132557643690414,0.2490102994991667
HIST1H2BD,2.5312324,2.6937234,0.01136624891961323,0.07137361958940804,DC,DC,0.2857142857142857,0.03228655843562486,0.2534277272786608
SIPA1L2,2.505288,2.9918156,0.012235176236369943,0.07646985147731214,DC,DC,0.2857142857142857,0.03792147665316317,0.24779280906112253
MS4A7,2.5026944,2.8870852,0.01232519462064306,0.07691229092444968,DC,DC,0.2857142857142857,0.03673357497487131,0.24898071073941438
MIR146A,2.4947443,1.3362178,0.012604793435306611,0.07841240084172076,DC,DC,0.4,0.1225061679510219,0.27749383204897815
ADAM22,2.4930332,2.5456135,0.01266570545726931,0.07866897799546155,DC,DC,0.2857142857142857,0.03374859127044561,0.2519656944438401
FAM46A,2.491188,1.573193,0.012731667983524509,0.07884572425140264,DC,DC,0.37142857142857144,0.10164174103743412,0.2697868303911373
WDFY3,2.4911346,2.9736986,0.012733584466601527,0.07884572425140264,DC,DC,0.2857142857142857,0.03926167341841552,0.24645261229587018
GEN1,2.489174,1.4012452,0.012804032060657035,0.07913239629988206,DC,DC,0.37142857142857144,0.09929639669824251,0.2721321747303289
MBOAT2,2.4887462,4.4670753,0.012819448200580893,0.07913239629988206,DC,DC,0.2571428571428571,0.013219213548170934,0.24392364359468618
CYSTM1,2.483755,1.0755733,0.013000520448933234,0.08012647426152994,DC,DC,0.5714285714285714,0.2322500076147543,0.33917856381381706
RP11-382A20.4,2.4723825,3.835927,0.013421580547453028,0.08259434183048017,DC,DC,0.2571428571428571,0.012853705339465749,0.24428915180339136
FAM212B,2.4708228,1.109946,0.013480257758140633,0.08282800465831418,DC,DC,0.45714285714285713,0.15649843136060432,0.3006444257822528
MLK7-AS1,2.467249,3.9791243,0.013615567962666008,0.08353109179549698,DC,DC,0.2571428571428571,0.014650787365599584,0.24249206977725754
LATS2,2.4606714,1.687633,0.013867731554413933,0.08494781962887554,DC,DC,0.34285714285714286,0.08434101915872194,0.2585161236984209
ANPEP,2.4592988,1.940555,0.013920868075712542,0.08510373717034267,DC,DC,0.3142857142857143,0.060339313453747975,0.2539464008319663
LPGAT1,2.4589157,1.2017565,0.013935736961643613,0.08510373717034267,DC,DC,0.6285714285714286,0.2927720751728549,0.33579935339857364
LYST,2.4566607,1.1997304,0.014023505587450117,0.08537902945175109,DC,DC,0.7428571428571429,0.3921598489232737,0.35069729393386917
AKAP6,2.4566607,4.0169272,0.014023505587450117,0.08537902945175109,DC,DC,0.2571428571428571,0.015199049678657366,0.24194380746419974
CKB,2.4530065,4.4052463,0.014166775555310525,0.08612021614170531,DC,DC,0.2571428571428571,0.018062197313514668,0.23908065982934246
PHACTR2,2.4480155,1.3662614,0.014364547527410232,0.08718996981736105,DC,DC,0.6857142857142857,0.3409886997045475,0.34472558600973824
ACP5,2.4457963,2.78004,0.014453264800597047,0.08759554424604271,DC,DC,0.2857142857142857,0.04239895220980171,0.24331533350448398
EHD1,2.4441297,1.2237116,0.014520209185736363,0.08774407331073274,DC,DC,0.5142857142857142,0.22920410587554443,0.28508160841016983
HSPA1A,2.444094,2.2829123,0.01452164413292627,0.08774407331073274,DC,DC,0.3142857142857143,0.06771039566263591,0.24657531862307835
RP11-386I14.4,2.441545,2.6022897,0.014624567489327018,0.08823268470182212,DC,DC,0.2857142857142857,0.04078462428802047,0.24492966142626524
JARID2,2.4387465,1.3276862,0.01473830736336665,0.08878498411666656,DC,DC,0.8,0.4466814900551308,0.35331850994486924
THEMIS2,2.4367678,1.7886121,0.01481919194690514,0.08907437348016214,DC,DC,0.34285714285714286,0.08878803569796836,0.2540691071591745
NAALADL2,2.4364827,3.8286486,0.014830883184446997,0.08907437348016214,DC,DC,0.2571428571428571,0.01653924644390972,0.2406036106989474
PIK3AP1,2.4356449,1.4250026,0.014865273212247641,0.08914706574061554,DC,DC,0.45714285714285713,0.18601321921354816,0.271129637929309
CCSER1,2.4336395,2.8288617,0.0149478752982503,0.08950823531886407,DC,DC,0.2857142857142857,0.043739148975054064,0.24197513673923163
ZNF804A,2.4321244,2.9462848,0.015010553681084556,0.0896262726115913,DC,DC,0.2857142857142857,0.04623678840120618,0.23947749731307952
KAT2B,2.4302082,1.1509124,0.015090154871980904,0.08995621384191298,DC,DC,0.5142857142857142,0.20416679357923911,0.3101189207064751
CLIC1,2.41257,1.1198571,0.015840491749100346,0.09428864136369253,DC,DC,0.5142857142857142,0.20578112150102035,0.3085045927846939
PIGN,2.399335,1.1292336,0.01642488622661714,0.09762190922209296,DC,DC,0.45714285714285713,0.16597118576954709,0.29117167137331
ZDHHC14,2.3986397,1.74984,0.01645609857601107,0.09766230608908646,DC,DC,0.37142857142857144,0.11720629892479667,0.25422227250377477
PPP1R10,2.3980336,1.0741842,0.016483351840268657,0.09767912201640686,DC,DC,0.6,0.25466784441533913,0.34533215558466085
FUT10,2.3970444,2.0708299,0.016527923966988406,0.09779836666857045,DC,DC,0.2857142857142857,0.04118059151411776,0.24453369420016793
MVB12B,2.395128,1.1383437,0.01661455854674456,0.09816578166466505,DC,DC,0.5428571428571428,0.22701105662331333,0.3158460862338295
LUZP1,2.3792636,1.0247152,0.017347261709974533,0.10219299976420931,DC,DC,0.6,0.2584447625719594,0.34155523742804056
LINC00152,2.3783367,1.0586302,0.017390934300078518,0.10229961352987363,DC,DC,0.4857142857142857,0.19213548170936007,0.29357880400492564
HAVCR2,2.3743618,1.9286851,0.017579317648862086,0.10315429371970047,DC,DC,0.3142857142857143,0.06923334653224086,0.24505236775347342
IL18R1,2.3741834,1.9352401,0.01758780707920893,0.10315429371970047,DC,DC,0.3142857142857143,0.06752764155828331,0.24675807272743097
AC018462.2,2.3718128,2.2127619,0.017701058716097718,0.10366652249544783,DC,DC,0.2857142857142857,0.043830526027230365,0.24188375968705533
PLXDC2,2.3690677,3.2523382,0.01783299019891266,0.1042864923913021,DC,DC,0.2571428571428571,0.02250921385276111,0.234633643290096
ITGB1,2.365378,1.2510732,0.018011683630668,0.10517771463163796,DC,DC,0.7714285714285715,0.36666565136608686,0.4047629200624846
PPP3CA,2.3619733,1.4401398,0.018177954244122246,0.10599390229808889,DC,DC,0.9428571428571428,0.5165544759526057,0.4263026669045371
STRBP,2.3454046,1.0962753,0.019006436069273838,0.11066338322721302,DC,DC,0.6285714285714286,0.294355944077244,0.33421548449418453
RERE,2.3448431,1.2002516,0.019035081858585236,0.11066908057316999,DC,DC,0.7714285714285715,0.39267765221893935,0.3787509192096321
C12orf75,2.3437648,1.4549775,0.019090205848531785,0.11082848097841386,DC,DC,0.45714285714285713,0.22655417136243183,0.2305886857804253
ADA,2.3404582,1.4935833,0.019260093243742546,0.11165271445647854,DC,DC,0.37142857142857144,0.1139471840638421,0.25748138736472936
TBC1D32,2.3313942,1.3987656,0.019732588176589076,0.113896612851885,DC,DC,0.4,0.13730925040358197,0.262690749596418
XYLT1,2.3239164,1.0680566,0.020129973487286443,0.11602290194401409,DC,DC,0.7142857142857143,0.3413846669306448,0.3729010473550695
SLC9A9,2.3205476,1.89612,0.020311280273661553,0.1168994548124406,DC,DC,0.37142857142857144,0.14224361122110202,0.22918496020746942
FCHO2,2.3166704,1.5477092,0.02052168856079196,0.11794073885512622,DC,DC,0.34285714285714286,0.09582406871554322,0.24703307414159964
FSD1L,2.2927935,2.524833,0.02185988929365634,0.12545130154178674,DC,DC,0.2857142857142857,0.05869452651457464,0.22701975919971107
TNFSF13B,2.2882483,1.1910051,0.022123071409511728,0.12659840577689116,DC,DC,0.4285714285714286,0.16472236605647103,0.26384906251495754
BMP6,2.2876956,3.2989135,0.02215525322654026,0.1266014470088015,DC,DC,0.2571428571428571,0.03274344369650635,0.22439941344635078
LRIG1,2.2808506,0.93574417,0.022557280882639752,0.12871486951577604,DC,DC,0.4857142857142857,0.18686607170052694,0.2988482140137588
EHF,2.2800574,5.861749,0.022604277510713876,0.12879930205534973,DC,DC,0.22857142857142856,0.006579147756693368,0.2219922808147352
PPP1R12B,2.2747366,1.1204852,0.022921729996175613,0.13042236128691673,DC,DC,0.4285714285714286,0.1594529560476379,0.26911847252379073
PKIG,2.2718759,1.3725331,0.023094016161840605,0.1312160009195489,DC,DC,0.34285714285714286,0.09801711796777436,0.2448400248893685
LINC00926,2.269496,1.5451547,0.023238175220686993,0.1318478026705645,DC,DC,0.3142857142857143,0.07456367457585818,0.23972203970985612
EPHB1,2.2683997,5.0150824,0.02330484801807882,0.1320387989692851,DC,DC,0.22857142857142856,0.006396393652340775,0.2221750349190878
TNFSF4,2.266466,4.9211903,0.023422878994461858,0.13251982457969935,DC,DC,0.22857142857142856,0.006244098565380281,0.2223273300060483
UAP1,2.261439,1.5379113,0.02373208048855903,0.13407955078281938,DC,DC,0.34285714285714286,0.0998751180286924,0.24298202482845047
EPS15L1,2.258783,0.9440328,0.023896878155724024,0.13470531568801233,DC,DC,0.6,0.261399287258993,0.338600712741007
LYZ,2.2429366,3.2847307,0.024900907833852452,0.1400894955490996,DC,DC,0.2571428571428571,0.03859157503578935,0.21855128210706776
GPC5,2.2374375,4.889106,0.025257763034498424,0.14177690284458733,DC,DC,0.22857142857142856,0.009868721635040054,0.21870270693638852
RP11-444D3.1,2.2372236,2.1515918,0.02527173293204769,0.14177690284458733,DC,DC,0.2857142857142857,0.059577838018945506,0.2261364476953402
VCL,2.2334,1.1910934,0.02552257532523249,0.1429836152674089,DC,DC,0.37142857142857144,0.12165331546404312,0.24977525596452832
MAST4,2.2156997,1.889618,0.026712081243018403,0.14878023742718394,DC,DC,0.3142857142857143,0.0856202978891901,0.22866541639652418
PHACTR1,2.2153966,1.8754823,0.026732855378604564,0.14878023742718394,DC,DC,0.3142857142857143,0.08479790441960341,0.22948780986611086
AK8,2.215245,4.815309,0.02674324767753631,0.14878023742718394,DC,DC,0.22857142857142856,0.013280131582955133,0.21529129698847344
C15orf48,2.213097,1.9922516,0.02689094952987933,0.14939416405488518,DC,DC,0.34285714285714286,0.12862843044683378,0.21422871241030908
PDE4DIP,2.212411,1.1801612,0.02693828880308733,0.14944959114056772,DC,DC,0.8571428571428572,0.46504827754256645,0.39209457960029076
NEDD4L,2.2118495,1.3605075,0.026977074433726992,0.14945747608713014,DC,DC,0.3142857142857143,0.07952849441077031,0.23475721987494397
NRCAM,2.2043538,1.9992071,0.027499466939524445,0.15214089593097896,DC,DC,0.2857142857142857,0.05927324784502452,0.22644103786926117
ARAP2,2.2024376,1.1890974,0.02763440785890465,0.15267628651328535,DC,DC,0.8571428571428572,0.5038835247174925,0.35325933242536467
WNT5B,2.1979456,2.9710395,0.027952974807294015,0.15422330928162215,DC,DC,0.2571428571428571,0.04160701775760714,0.21553583938524998
NLK,2.186279,0.9230322,0.028795191061425977,0.15865119042107978,DC,DC,0.5142857142857142,0.21443148244037646,0.29985423184533777
ASAP2,2.1845322,3.9248526,0.028923160443208445,0.15913705883470947,DC,DC,0.22857142857142856,0.014011148000365507,0.21456028057106305
GPR153,2.1825447,3.6086254,0.02906935336147699,0.1597217217663571,DC,DC,0.22857142857142856,0.013006000426426243,0.21556542814500232
MXD4,2.1799424,0.90693045,0.029261742128892595,0.16055825585126252,DC,DC,0.7142857142857143,0.34641040480034113,0.36787530948537317
RBPMS,2.1741045,3.6756487,0.02969728796325698,0.16272486555209303,DC,DC,0.22857142857142856,0.014132984069933904,0.21443844450149466
CCR7,2.171199,1.2076312,0.029916133412322393,0.16359761506218662,DC,DC,0.8857142857142858,0.5803051993542688,0.30540908636001696
ST3GAL4,2.1709049,2.547298,0.029938363556380153,0.16359761506218662,DC,DC,0.2571428571428571,0.04057141116627577,0.21657144597658134
DOCK5,2.170067,1.7509571,0.030001763633093464,0.16372040181769967,DC,DC,0.3142857142857143,0.08939721604581036,0.22488849823990392
CPM,2.1689796,2.5541263,0.03008422089898355,0.16394670789636812,DC,DC,0.2571428571428571,0.04069324723584417,0.21644960990701295
SYT11,2.1675181,1.3712165,0.03019537193373552,0.1643285547414178,DC,DC,0.3142857142857143,0.08178246169778564,0.23250325258792864
SPRYD7,2.1651473,2.24471,0.03037640385011954,0.16508915135934532,DC,DC,0.2571428571428571,0.03853065700100515,0.21861220014185195
HIVEP3,2.1623755,0.9791531,0.03058924310760335,0.16602031537369524,DC,DC,0.5142857142857142,0.22783345009290001,0.2864522641928142
CREB5,2.1569746,4.29354,0.03100765288289986,0.16806315925690982,DC,DC,0.22857142857142856,0.01912826292223813,0.20944316564919044
ATP2B1,2.1433115,0.9974355,0.032088097101185195,0.1736838814678495,DC,DC,0.8857142857142858,0.4208217842892388,0.464892501425047
DNAJC1,2.1329193,1.1191446,0.032931341272644486,0.17800725012240262,DC,DC,0.8285714285714286,0.40568365264536566,0.42288777592606297
SPIRE1,2.13144,2.637934,0.033052920731252766,0.17842332378544004,DC,DC,0.2571428571428571,0.046054034296853584,0.21108882284600353
ROBO1,2.1306021,3.5979726,0.03312193715882952,0.17855491729827236,DC,DC,0.22857142857142856,0.019158721939630228,0.20941270663179834
ZNF618,2.1282938,3.2330601,0.0333127378792298,0.17910074128618172,DC,DC,0.22857142857142856,0.017544394017848984,0.21102703455357957
SYTL3,2.1255398,0.84100723,0.03354160232515536,0.18008914000083415,DC,DC,0.4857142857142857,0.21211659711857694,0.27359768859570877
FTL,2.118463,0.2534897,0.03413586451723298,0.18278910049388478,DC,DC,1.0,0.9838262617647955,0.016173738235204516
DGKH,2.1174026,1.8372787,0.03422569989084314,0.18302513310611304,DC,DC,0.2857142857142857,0.06828911699308579,0.2174251687211999
PIK3CB,2.1166894,1.044285,0.03428620692728318,0.18310390882394223,DC,DC,0.6285714285714286,0.3307849288781944,0.2977864996932342
MARCH1,2.1141047,1.893675,0.03450631180231813,0.1840336629456967,DC,DC,0.2857142857142857,0.06743626450610701,0.21827802120817869
TIMP2,2.1090693,2.3539054,0.0349386051175014,0.18599098661638705,DC,DC,0.2571428571428571,0.0454448539490116,0.21169800319384552
RP11-624C23.1,2.1087484,2.0247567,0.034966305483880765,0.18599098661638705,DC,DC,0.2857142857142857,0.07051262526270902,0.21520166045157668
LY86,2.1053617,2.1415334,0.035259843572541257,0.1873032859099137,DC,DC,0.2571428571428571,0.04288629648807529,0.21425656065478182
EREG,2.1016896,1.5803003,0.035580474330099296,0.18850582426542672,DC,DC,0.3142857142857143,0.09366147848070422,0.22062423580501006
MIR29A,2.0837219,1.1995409,0.037185479707499906,0.19674856988095188,DC,DC,0.9142857142857143,0.4926136882824159,0.42167202600329834
PLXNA4,2.0755756,3.0622375,0.03793321213787241,0.2001752619412792,DC,DC,0.22857142857142856,0.022082787609271723,0.20648864096215686
TOB1,2.0741675,1.4294925,0.03806375793945105,0.2005995148324166,DC,DC,0.34285714285714286,0.11693216776826779,0.22592497508887507
DLEU1,2.061476,0.79549074,0.039257655658376384,0.2063477301360125,DC,DC,0.6,0.27419207456367456,0.3258079254363254
COBLL1,2.0600677,2.205281,0.039392063647837976,0.2067824863403568,DC,DC,0.2571428571428571,0.048399378636045196,0.2087434785068119
NCF2,2.054631,1.881798,0.03991465223730183,0.2090133232822693,DC,DC,0.2857142857142857,0.0771526910541866,0.2085615946600991
STX8,2.0545597,0.7883267,0.03992154474691344,0.2090133232822693,DC,DC,0.5428571428571428,0.24187505711065757,0.3009820857464852
TP53INP1,2.053829,1.1039113,0.03999225121005509,0.20910981024865408,DC,DC,0.4,0.15567603789101764,0.24432396210898238
SUPT3H,2.0524564,0.8966123,0.04012532853337199,0.20953174168862657,DC,DC,0.6,0.289726173433645,0.310273826566355
MYO9A,2.042599,0.7866382,0.0410921444357914,0.21430062287244536,DC,DC,0.5428571428571428,0.2504949590326216,0.2923621838245212
KLHL15,2.0402105,2.0088847,0.04132936631542862,0.21525711622619073,DC,DC,0.2571428571428571,0.04925223112302397,0.20789062601983316
CMIP,2.0396578,1.1094081,0.041384410904235704,0.21526351575675268,DC,DC,0.8285714285714286,0.4293503091590265,0.3992211194124021
CSTB,2.0309236,0.9047591,0.042262750481405376,0.21954675574756038,DC,DC,0.7142857142857143,0.37830099600986866,0.33598471827584564
GLIPR2,2.0236151,1.10178,0.04300975824154439,0.22313752654497737,DC,DC,0.34285714285714286,0.11547013493344704,0.22738700792369582
RUSC2,2.0217526,2.850364,0.04320192905115384,0.22384419197489036,DC,DC,0.22857142857142856,0.028448722244220404,0.20012270632720816
ADAM12,2.0134637,2.6059616,0.044065863586622254,0.2280251673305162,DC,DC,0.22857142857142856,0.02735219761810484,0.20121923095332372
MTRNR2L8,2.008339,0.72957164,0.04460727857475429,0.23028974031347235,DC,DC,0.7428571428571429,0.3545125034266394,0.38834463943050346
CCL17,2.008232,5.84112,0.04461863718573527,0.23028974031347235,DC,DC,0.2,0.0037464591392281687,0.19625354086077185
SH3BP4,2.006503,5.6158385,0.04480260690944276,0.23094127272908638,DC,DC,0.2,0.003868295208796565,0.19613170479120345
CLIP2,2.0033123,1.602662,0.04514377721554153,0.2324003975060053,DC,DC,0.2857142857142857,0.07629983856720782,0.20941444714707788
POU2F1,2.0020823,1.0198337,0.045275873415801554,0.23248202010681157,DC,DC,0.7142857142857143,0.4277359812372452,0.2865497330484691
FLVCR2,2.0013516,2.9530668,0.04535451957722904,0.23258727988322583,DC,DC,0.22857142857142856,0.0313423288964698,0.19722909967495877
HSDL2,1.9964585,1.1526399,0.04588403678603095,0.2350014688144991,DC,DC,0.34285714285714286,0.11915567603789101,0.22370146681925185
HIST2H2AA3,1.9941679,2.9102328,0.0461337003195216,0.23597800674947111,DC,DC,0.22857142857142856,0.032256099418232764,0.1963153291531958
ARHGAP32,1.9920913,1.4267004,0.04636103674103659,0.23683799101423544,DC,DC,0.2857142857142857,0.07432000243672138,0.21139428327756432
SCFD2,1.9833392,0.8542603,0.04732955723932811,0.2414773328537148,DC,DC,0.5142857142857142,0.24677895891078555,0.2675067553749287
FBXW7,1.97276,1.1072148,0.04852292289721193,0.24693599438784697,DC,DC,0.8285714285714286,0.43857939142883245,0.38999203714259617
TBCD,1.9698187,0.5837128,0.048859146953766724,0.2483311153939859,DC,DC,0.4857142857142857,0.21053272821418778,0.27518155750009793
PAWR,1.9669132,1.8454564,0.04919321374063274,0.24971174487630832,DC,DC,0.2571428571428571,0.054613018184033385,0.20252983895882373
PLCB1,1.9629561,0.97322917,0.04965128155500328,0.25171752372625233,DC,DC,0.5428571428571428,0.2726386646766775,0.2702184781804653
ADCY9,1.9564855,1.4602262,0.05040798929806112,0.25523032555980313,DC,DC,0.3142857142857143,0.10703298711583564,0.20725272716987864
TOX,1.9510577,0.5648329,0.051050179716754664,0.25815514395324735,DC,DC,0.5142857142857142,0.22685876153635282,0.2874269527493614
RP11-711K1.8,1.947965,1.0845098,0.0514191453340779,0.2596926532024136,DC,DC,0.37142857142857144,0.1449849227863909,0.22644364864218053
KCNQ3,1.9433839,4.556221,0.05196978241566265,0.262142660356432,DC,DC,0.2,0.00971642654807956,0.19028357345192046
PRKCI,1.9363073,0.912358,0.05283006722182087,0.26614643436685576,DC,DC,0.4,0.16219426761292682,0.2378057323870732
RP13-188A5.1,1.9325819,2.5852275,0.053287724172967045,0.2678658680607826,DC,DC,0.22857142857142856,0.034875574913953274,0.1936958536574753
STON2,1.9324393,4.0939136,0.053305307744095747,0.2678658680607826,DC,DC,0.2,0.010447442965489934,0.18955255703451007
PTPRM,1.9316728,1.2317272,0.05339990249160809,0.2680045294434534,DC,DC,0.2857142857142857,0.07745728122810758,0.20825700448617812
NINJ2,1.9292932,2.2974951,0.053694479930935714,0.2691452628117078,DC,DC,0.22857142857142856,0.034845115896561175,0.1937263126748674
GNAL,1.9284999,2.218742,0.05379297341583334,0.2693014939465999,DC,DC,0.22857142857142856,0.034266394566111295,0.19430503400531726
PSTPIP2,1.9269758,1.3198031,0.05398263702088866,0.2699131851044433,DC,DC,0.2857142857142857,0.08114282233255155,0.20457146338173415
RP1-167A14.2,1.9202379,1.3494054,0.05482785081277222,0.2733076510687915,DC,DC,0.2857142857142857,0.08059456001949378,0.20511972569479192
RAMP1,1.91973,4.2970433,0.05489202217426723,0.2733076510687915,DC,DC,0.2,0.012640492217721056,0.18735950778227894
IQCD,1.9193913,4.143682,0.0549348378648271,0.2733076510687915,DC,DC,0.2,0.011361213487252901,0.1886387865127471
CCL3,1.9172434,0.6104332,0.055207028244162536,0.2743206372380747,DC,DC,0.5142857142857142,0.23404708964088816,0.2802386246448261
NEK7,1.9151132,0.99859816,0.05547806905249891,0.27498423322180376,DC,DC,0.7714285714285715,0.38978404556669,0.38164452586188147
KMO,1.8976623,2.5263104,0.05774057881201246,0.28584444956441807,DC,DC,0.22857142857142856,0.04005360787061009,0.18851782070081846
NCS1,1.8950955,1.6254082,0.05807975157331849,0.2871681165553448,DC,DC,0.2571428571428571,0.06180134628856873,0.19534151085428839
ATRN,1.8942933,0.9519466,0.05818608196420659,0.2873386763664523,DC,DC,0.4285714285714286,0.19283603910937833,0.23573538946205028
GFOD1,1.8925287,1.802098,0.05842057822053851,0.2874788157055008,DC,DC,0.2571428571428571,0.06311108403642898,0.19403177310642813
HIST1H3D,1.8924574,1.30482,0.05843006929214304,0.2874788157055008,DC,DC,0.3142857142857143,0.10736803630714872,0.20691767797856556
IRF8,1.8890527,1.9624125,0.05888476089699377,0.28936000440783183,DC,DC,0.2571428571428571,0.06902013341049618,0.18812272373236094
GMDS,1.8883932,0.66661453,0.05897318130238807,0.2894389266374875,DC,DC,0.5714285714285714,0.27135938594620934,0.30006918548236206
CD4,1.8869672,0.9545195,0.059164737386720345,0.29002322248392326,DC,DC,0.3142857142857143,0.10142852791568943,0.21285718637002485
RASSF8,1.8821722,3.9851909,0.059812636111114634,0.2924823281717097,DC,DC,0.2,0.01653924644390972,0.1834607535560903
ITGAX,1.8808442,2.5281775,0.059993109758014196,0.2927262301279109,DC,DC,0.22857142857142856,0.04331272273156468,0.18525870583986387
FAM126A,1.8807284,1.5812829,0.06000887717622173,0.2927262301279109,DC,DC,0.2857142857142857,0.09146842922847309,0.1942458564858126
C4orf32,1.8773773,0.78394616,0.060466408561247166,0.29424043095497404,DC,DC,0.4857142857142857,0.22222899089275377,0.26348529482153193
SMC1B,1.8730369,0.94224226,0.06106330301155427,0.2967839757548203,DC,DC,0.2857142857142857,0.08132557643690415,0.20438870927738156
CYSLTR1,1.8688568,1.6033865,0.06164274092265833,0.2992366064206715,DC,DC,0.2571428571428571,0.06411623161036825,0.19302662553248887
CHN2,1.8655859,1.2423977,0.06209932830273551,0.3010876523768995,DC,DC,0.34285714285714286,0.14053790624714446,0.2023192366099984
SESN3,1.8624398,0.63025314,0.0625411348527854,0.3024964200860237,DC,DC,0.6571428571428571,0.31662148579086835,0.3405213713519888
DHRS7B,1.8610137,0.6112507,0.06274224157776662,0.3031026163177131,DC,DC,0.4,0.16316895616947397,0.23683104383052606
HGSNAT,1.8599353,0.5635274,0.06289468337815192,0.30347253740965946,DC,DC,0.45714285714285713,0.198592793396485,0.2585500637463721
PMAIP1,1.8592846,0.90458626,0.06298680040081216,0.30355084530511883,DC,DC,0.4285714285714286,0.20261338369224208,0.22595804487918653
NETO2,1.8574754,2.5318496,0.06324354788087165,0.3044214097755555,DC,DC,0.22857142857142856,0.0456885260881484,0.18288290248328015
GAB3,1.853135,0.6628202,0.06386301663878666,0.30703373384032046,DC,DC,0.37142857142857144,0.1451372178733514,0.22629135355522004
PCCA,1.8514148,0.96999246,0.06410989709308385,0.3078506463053246,DC,DC,0.4,0.17989095671773625,0.22010904328226377
IL7,1.8460048,1.7008889,0.0648914966708221,0.31123019986005807,DC,DC,0.2571428571428571,0.06667478907130456,0.19046806807155256
FTO,1.8416198,0.83995134,0.06553077087538815,0.31391986048090137,DC,DC,0.6571428571428571,0.3376382077914166,0.3195046493514405
PELI2,1.8409425,0.6256448,0.06562998198897556,0.31401905257883045,DC,DC,0.4285714285714286,0.18668331759617435,0.24188811097525426
FOXO3,1.8376716,0.6740006,0.06611081140622833,0.31556473224929993,DC,DC,0.6285714285714286,0.3398617160610399,0.2887097125103887
SPSB1,1.8363436,1.1696178,0.06630685222345407,0.3161232525552042,DC,DC,0.2857142857142857,0.08775242910663703,0.19796185660764867
LUCAT1,1.8317447,1.2683258,0.06698946293454772,0.3189974425454653,DC,DC,0.2857142857142857,0.09049374067192592,0.19522054504235978
GTDC1,1.8263259,0.79582673,0.06780119279289708,0.32247891934790524,DC,DC,0.5428571428571428,0.27157259906795406,0.27128454378918876
MYOF,1.8237412,3.456186,0.06819120684458323,0.32394872610253317,DC,DC,0.2,0.021900033504919134,0.17809996649508086
ACVR2A,1.814276,0.9915852,0.06963524182858147,0.3303824914641448,DC,DC,0.3142857142857143,0.11108403642898479,0.2032016778567295
EPB41L4A,1.8085542,3.1407096,0.07052030057235753,0.3335210555512833,DC,DC,0.2,0.021290853157077155,0.17870914684292286
RIN3,1.8084294,0.8560037,0.07053970324909642,0.3335210555512833,DC,DC,0.5142857142857142,0.26307453321555846,0.2512111810701558
MGAT5,1.8055595,1.1329595,0.07098717472259573,0.33524049455771304,DC,DC,0.8857142857142858,0.4826231305778075,0.4030911551364783
UBE2E1,1.8031709,0.9353569,0.07136137662895765,0.3366102671177248,DC,DC,0.7428571428571429,0.3861898815144223,0.3566672613427206
RFX2,1.7974669,1.1550565,0.07226153621127732,0.34045482313911574,DC,DC,0.2857142857142857,0.09213852761109927,0.19357575810318645
WARS2,1.7857468,0.74258673,0.07414026751638611,0.34889537654769937,DC,DC,0.4,0.17824616977856292,0.2217538302214371
LPAR6,1.7850426,0.6423995,0.0742543938029525,0.3490218275109401,DC,DC,0.4857142857142857,0.22628004020590295,0.2594342455083828
GPD2,1.7752923,1.0902983,0.07584963674134605,0.3547538349269454,DC,DC,0.3142857142857143,0.11751088909871767,0.19677482518699663
THBD,1.7748823,2.794428,0.07591732067436631,0.3547538349269454,DC,DC,0.2,0.024367213913679145,0.17563278608632088
MAPKAPK2,1.7739376,0.9055597,0.0760734756156697,0.3550687309949577,DC,DC,0.5714285714285714,0.30224482958179766,0.26918374184677374
RAB11A,1.7679839,1.0788448,0.07706358476413186,0.3592707914411742,DC,DC,0.8571428571428572,0.46507873655995857,0.39206412058289863
DPP4,1.7627879,1.65254,0.0779362663007045,0.3629162575120116,DC,DC,0.22857142857142856,0.04702872285340075,0.18154270571802783
WDR63,1.7591605,2.9969616,0.0785502535466084,0.365350016495853,DC,DC,0.2,0.02616429593981298,0.17383570406018703
P4HA1,1.7568343,0.90906674,0.07894605723439697,0.36657177127270335,DC,DC,0.34285714285714286,0.14358380798635434,0.19927333487078852
STAP1,1.7565402,1.8226432,0.07899621670926757,0.36657177127270335,DC,DC,0.22857142857142856,0.048947640949102984,0.1796237876223256
P2RY6,1.7498914,8.4699135,0.08013705831481724,0.37143480099567666,DC,DC,0.17142857142857143,0.0005787213304498798,0.17084985009812156
SCT,1.7405777,6.687644,0.08175762737082935,0.37806995315990455,DC,DC,0.17142857142857143,0.0013401967652523527,0.17008837466331908
NME8,1.7359966,6.24825,0.08256442976462963,0.38095644575879534,DC,DC,0.17142857142857143,0.00170570497395754,0.1697228664546139
AMZ1,1.735952,1.6867127,0.08257230961821889,0.38095644575879534,DC,DC,0.2571428571428571,0.08156924857604095,0.17557360856681617
FBN1,1.7322444,6.1910605,0.08323005173011555,0.38354862548440344,DC,DC,0.17142857142857143,0.0021016722000548266,0.1693268992285166
SMC6,1.7300876,0.86036265,0.08361462915524358,0.3843447978397739,DC,DC,0.45714285714285713,0.2328591879625963,0.22428366918026083
EFNA5,1.7297311,3.1678646,0.08367833403803397,0.3843447978397739,DC,DC,0.2,0.03240839450519326,0.16759160549480676
CPQ,1.7296598,0.68222034,0.08369107972961076,0.3843447978397739,DC,DC,0.4285714285714286,0.19280558009198623,0.23576584847944237
INHBA,1.7275119,1.9737186,0.08407578124916232,0.38566872132643265,DC,DC,0.22857142857142856,0.05628826414059882,0.17228316443082975
ACVR1C,1.7204798,2.9445167,0.08534526358402969,0.3910435903048325,DC,DC,0.2,0.031646919070390786,0.1683530809296092
CCL1,1.7186438,5.640147,0.08567925154463812,0.3921247210280921,DC,DC,0.17142857142857143,0.0035027870000913773,0.16792578442848005
CTNNAL1,1.7173514,1.6997701,0.08591497299908143,0.3927541622815151,DC,DC,0.22857142857142856,0.05257226401876275,0.17599916455266582
STOM,1.7132784,0.47222835,0.08666133217070136,0.39571384552831673,DC,DC,0.4,0.17157564496969327,0.22842435503030675
COLEC12,1.7103819,5.6992297,0.08719529144774343,0.39769802256667475,DC,DC,0.17142857142857143,0.004507934574030642,0.16692063685454078
BICC1,1.7067276,4.931237,0.08787268571558214,0.4003311422122193,DC,DC,0.17142857142857143,0.004325180469678049,0.16710339095889337
OAT,1.703947,0.8039067,0.08839100481042028,0.4019438444282173,DC,DC,0.2857142857142857,0.09588498675032743,0.18982929896395828
CA8,1.7037508,4.439362,0.08842764577420781,0.4019438444282173,DC,DC,0.17142857142857143,0.004447016539246444,0.16698155488932498
ANK3,1.7030468,1.0142373,0.088559321075955,0.4020854532392963,DC,DC,0.7428571428571429,0.4497273917943407,0.2931297510628022
PAM,1.7007829,0.73359215,0.08898375336768836,0.4027474879893073,DC,DC,0.4285714285714286,0.19807499010081933,0.23049643847060927
RGS6,1.7006582,5.400845,0.08900719484563692,0.4027474879893073,DC,DC,0.17142857142857143,0.0056349182175383025,0.16579365321103312
MET,1.6990005,1.8405017,0.089319103996332,0.40370216495517286,DC,DC,0.22857142857142856,0.056501477262343516,0.17206995130908503
TNFSF10,1.6950699,1.0511235,0.09006214910025538,0.4066011246061191,DC,DC,0.34285714285714286,0.147177972038622,0.19567917081852085
DNAJC3,1.6924229,0.8520807,0.09056536488001912,0.40841201749726774,DC,DC,0.8285714285714286,0.41981663671529956,0.40875479185612906
BAALC,1.6907295,2.7305353,0.09088847206784406,0.4093839585808502,DC,DC,0.2,0.03423593554871919,0.16576406445128083
DUSP10,1.6902215,0.6573833,0.09098558479459395,0.4093839585808502,DC,DC,0.45714285714285713,0.21851299077091774,0.2386298663719394
ATP10D,1.6888936,1.3335011,0.09123983504540793,0.41006667436138394,DC,DC,0.2571428571428571,0.0791934452194572,0.1779494119233999
IL6ST,1.6830468,0.91561395,0.09236601942804358,0.41466226454789484,DC,DC,0.8,0.4626420151685906,0.33735798483140944
FBXO36,1.6796244,2.0091376,0.09303041223760006,0.41717673649148007,DC,DC,0.2,0.030946361670372513,0.1690536383296275
CSTA,1.6777527,4.7085085,0.09339537122030916,0.4178763812989224,DC,DC,0.17142857142857143,0.007584295330632633,0.1638442760979388
SLC24A3,1.6709079,2.6369865,0.0947398707110572,0.4234184165857305,DC,DC,0.2,0.03597209954006884,0.16402790045993118
FKBP5,1.66794,0.8445796,0.09532763727334019,0.42464656628241526,DC,DC,0.6857142857142857,0.4261825713502482,0.25953171436403755
EBF1,1.6672181,1.103136,0.09547104820346303,0.42464656628241526,DC,DC,0.3142857142857143,0.13060826657732022,0.18367744770839406
DHCR24,1.6671824,4.1170273,0.09547813469872854,0.42464656628241526,DC,DC,0.17142857142857143,0.007888885504553623,0.1635396859240178
ROR1,1.6668438,2.0441341,0.09554547741354344,0.42464656628241526,DC,DC,0.2,0.032073345313880175,0.16792665468611984
GNG11,1.6640809,2.144685,0.0960962739126143,0.42662052791393695,DC,DC,0.2,0.03335262404434833,0.16664737595565168
ALOX5,1.6626549,2.1421673,0.09638154861021622,0.4274126324178103,DC,DC,0.2,0.03320032895738784,0.16679967104261217
CTD-2349P21.11,1.6603465,1.3982841,0.09684477279429567,0.4285166937800693,DC,DC,0.22857142857142856,0.0568974444884408,0.17167398408298776
ABCA1,1.6590898,0.65668106,0.09709770026211521,0.429161106130896,DC,DC,0.37142857142857144,0.16356492339557127,0.20786364803300017
EMILIN1,1.6550435,4.3512025,0.09791568065630041,0.4322988108445934,DC,DC,0.17142857142857143,0.009777344582863758,0.16165122684570768
MEGF9,1.6494998,0.7833011,0.09904527786146843,0.43680387149489935,DC,DC,0.37142857142857144,0.16904754652614906,0.20238102490242238
CHST15,1.6434036,1.3696218,0.10029945355707287,0.4418079141559195,DC,DC,0.22857142857142856,0.05796351009716426,0.17060791847426432
GLRX,1.6429135,0.6190863,0.10040084849193272,0.4418079141559195,DC,DC,0.45714285714285713,0.2209497121622856,0.23619314498057153
